1,yobe,fika,daya/chana,35,04,01,006,35/04/01/006,"kukar gadu, pri. sch. i",daya/chana (ward: 01) - yobe
2,yobe,fika,daya/chana,35,04,01,017,35/04/01/017,daya viewing centre,daya/chana (ward: 01) - yobe
3,yobe,fika,daya/chana,35,04,01,015,35/04/01/015,daya dispensary,daya/chana (ward: 01) - yobe
4,yobe,fika,daya/chana,35,04,01,016,35/04/01/016,maiunguwar isa borehole,daya/chana (ward: 01) - yobe
5,yobe,fika,daya/chana,35,04,01,018,35/04/01/018,male dispensary,daya/chana (ward: 01) - yobe
6,yobe,fika,daya/chana,35,04,01,003,35/04/01/003,"daya, pri. sch. ii",daya/chana (ward: 01) - yobe
7,yobe,fika,daya/chana,35,04,01,010,35/04/01/010,filin kokuwa open space,daya/chana (ward: 01) - yobe
8,yobe,fika,daya/chana,35,04,01,007,35/04/01/007,"kukar gadu, pri. sch. ii",daya/chana (ward: 01) - yobe
9,yobe,fika,daya/chana,35,04,01,005,35/04/01/005,"siminti, pri. sch.",daya/chana (ward: 01) - yobe
10,yobe,fika,daya/chana,35,04,01,009,35/04/01/009,"yelwa, pri. sch.",daya/chana (ward: 01) - yobe
11,yobe,fika,daya/chana,35,04,01,008,35/04/01/008,"kukawa, pri. sch.",daya/chana (ward: 01) - yobe
12,yobe,fika,daya/chana,35,04,01,004,35/04/01/004,"male, pri. sch.",daya/chana (ward: 01) - yobe
13,yobe,fika,daya/chana,35,04,01,002,35/04/01/002,"daya, pri. sch. i",daya/chana (ward: 01) - yobe
14,yobe,fika,daya/chana,35,04,01,012,35/04/01/012,chana viewing centre,daya/chana (ward: 01) - yobe
15,yobe,fika,daya/chana,35,04,01,014,35/04/01/014,kukar gadu borehole,daya/chana (ward: 01) - yobe
16,yobe,fika,daya/chana,35,04,01,013,35/04/01/013,kukar gadu dispensary,daya/chana (ward: 01) - yobe
17,yobe,fika,daya/chana,35,04,01,011,35/04/01/011,chana dispensary,daya/chana (ward: 01) - yobe
18,yobe,fika,daya/chana,35,04,01,019,35/04/01/019,zayi pri. sch,daya/chana (ward: 01) - yobe
19,yobe,fika,daya/chana,35,04,01,001,35/04/01/001,"chana, pri. sch.",daya/chana (ward: 01) - yobe
20,yobe,fika,fika/anze,35,04,02,002,35/04/02/002,"anze, pri. sch. ii",fika/anze (ward: 02) - yobe
21,yobe,fika,fika/anze,35,04,02,005,35/04/02/005,"bogwuna tinja, pri. sch.",fika/anze (ward: 02) - yobe
22,yobe,fika,fika/anze,35,04,02,008,35/04/02/008,"sirife, viewing centre",fika/anze (ward: 02) - yobe
23,yobe,fika,fika/anze,35,04,02,004,35/04/02/004,"bogwuna tinja, magistrate court",fika/anze (ward: 02) - yobe
24,yobe,fika,fika/anze,35,04,02,013,35/04/02/013,state lowcost,fika/anze (ward: 02) - yobe
25,yobe,fika,fika/anze,35,04,02,017,35/04/02/017,bogwana tinja prison,fika/anze (ward: 02) - yobe
26,yobe,fika,fika/anze,35,04,02,009,35/04/02/009,sirife gindin rumfa open space,fika/anze (ward: 02) - yobe
27,yobe,fika,fika/anze,35,04,02,016,35/04/02/016,sirife gindin rumfa,fika/anze (ward: 02) - yobe
28,yobe,fika,fika/anze,35,04,02,018,35/04/02/018,"bogaru, works dept. ii",fika/anze (ward: 02) - yobe
29,yobe,fika,fika/anze,35,04,02,010,35/04/02/010,yosama,fika/anze (ward: 02) - yobe
30,yobe,fika,fika/anze,35,04,02,012,35/04/02/012,primary health care fika,fika/anze (ward: 02) - yobe
31,yobe,fika,fika/anze,35,04,02,011,35/04/02/011,general hospital,fika/anze (ward: 02) - yobe
32,yobe,fika,fika/anze,35,04,02,015,35/04/02/015,sirife viewing centre iii,fika/anze (ward: 02) - yobe
33,yobe,fika,fika/anze,35,04,02,021,35/04/02/021,fika vetinary,fika/anze (ward: 02) - yobe
34,yobe,fika,fika/anze,35,04,02,006,35/04/02/006,"bogwuna tinja,  nig. prison service",fika/anze (ward: 02) - yobe
35,yobe,fika,fika/anze,35,04,02,001,35/04/02/001,"anze, pri. sch. i",fika/anze (ward: 02) - yobe
36,yobe,fika,fika/anze,35,04,02,020,35/04/02/020,education board,fika/anze (ward: 02) - yobe
37,yobe,fika,fika/anze,35,04,02,019,35/04/02/019,assas pri school,fika/anze (ward: 02) - yobe
38,yobe,fika,fika/anze,35,04,02,007,35/04/02/007,mebi s. yara bakin rijiya o.s,fika/anze (ward: 02) - yobe
39,yobe,fika,fika/anze,35,04,02,003,35/04/02/003,"bogaru,work dept.",fika/anze (ward: 02) - yobe
40,yobe,fika,fika/anze,35,04,02,014,35/04/02/014,sirife viewing centre ii,fika/anze (ward: 02) - yobe
41,yobe,fika,gadaka/shembire,35,04,03,001,35/04/03/001,"boza ganga, kofar maigari",gadaka/shembire (ward: 03) - yobe
42,yobe,fika,gadaka/shembire,35,04,03,038,35/04/03/038,sabon layi pri. sch,gadaka/shembire (ward: 03) - yobe
43,yobe,fika,gadaka/shembire,35,04,03,009,35/04/03/009,"maiduwa, pri. sch.",gadaka/shembire (ward: 03) - yobe
44,yobe,fika,gadaka/shembire,35,04,03,035,35/04/03/035,musa kule open space,gadaka/shembire (ward: 03) - yobe
45,yobe,fika,gadaka/shembire,35,04,03,045,35/04/03/045,babaji pri school,gadaka/shembire (ward: 03) - yobe
46,yobe,fika,gadaka/shembire,35,04,03,044,35/04/03/044,state lowcost open space,gadaka/shembire (ward: 03) - yobe
47,yobe,fika,gadaka/shembire,35,04,03,043,35/04/03/043,unguwar bulus bore hole,gadaka/shembire (ward: 03) - yobe
48,yobe,fika,gadaka/shembire,35,04,03,042,35/04/03/042,fire service,gadaka/shembire (ward: 03) - yobe
49,yobe,fika,gadaka/shembire,35,04,03,041,35/04/03/041,sayo pri. sch,gadaka/shembire (ward: 03) - yobe
50,yobe,fika,gadaka/shembire,35,04,03,040,35/04/03/040,high islam  pri. sch,gadaka/shembire (ward: 03) - yobe
51,yobe,fika,gadaka/shembire,35,04,03,039,35/04/03/039,gadaka vetinary,gadaka/shembire (ward: 03) - yobe
52,yobe,fika,gadaka/shembire,35,04,03,037,35/04/03/037,tsamiya open space,gadaka/shembire (ward: 03) - yobe
53,yobe,fika,gadaka/shembire,35,04,03,036,35/04/03/036,yaro guje borehole,gadaka/shembire (ward: 03) - yobe
54,yobe,fika,gadaka/shembire,35,04,03,034,35/04/03/034,madaki open space,gadaka/shembire (ward: 03) - yobe
55,yobe,fika,gadaka/shembire,35,04,03,032,35/04/03/032,kuku open space,gadaka/shembire (ward: 03) - yobe
56,yobe,fika,gadaka/shembire,35,04,03,031,35/04/03/031,haske open space,gadaka/shembire (ward: 03) - yobe
57,yobe,fika,gadaka/shembire,35,04,03,030,35/04/03/030,malum malum open space,gadaka/shembire (ward: 03) - yobe
58,yobe,fika,gadaka/shembire,35,04,03,029,35/04/03/029,galazi bakin rijiya,gadaka/shembire (ward: 03) - yobe
59,yobe,fika,gadaka/shembire,35,04,03,028,35/04/03/028,ganga pri. sch,gadaka/shembire (ward: 03) - yobe
60,yobe,fika,gadaka/shembire,35,04,03,027,35/04/03/027,lamba disa pri. sch,gadaka/shembire (ward: 03) - yobe
61,yobe,fika,gadaka/shembire,35,04,03,026,35/04/03/026,garin gamji dispensary,gadaka/shembire (ward: 03) - yobe
62,yobe,fika,gadaka/shembire,35,04,03,025,35/04/03/025,garin goge dispensary,gadaka/shembire (ward: 03) - yobe
63,yobe,fika,gadaka/shembire,35,04,03,024,35/04/03/024,garin goge borehole,gadaka/shembire (ward: 03) - yobe
64,yobe,fika,gadaka/shembire,35,04,03,022,35/04/03/022,"tinja bazam,  pri. sch.",gadaka/shembire (ward: 03) - yobe
65,yobe,fika,gadaka/shembire,35,04,03,023,35/04/03/023,maiduwa pri. sch ii,gadaka/shembire (ward: 03) - yobe
66,yobe,fika,gadaka/shembire,35,04,03,021,35/04/03/021,"zamba , pri. sch. ii",gadaka/shembire (ward: 03) - yobe
67,yobe,fika,gadaka/shembire,35,04,03,019,35/04/03/019,"unguwar yaro guze, k / mai ung. ii",gadaka/shembire (ward: 03) - yobe
68,yobe,fika,gadaka/shembire,35,04,03,018,35/04/03/018,"unguwar yaro guze,  k / mai ung. i",gadaka/shembire (ward: 03) - yobe
69,yobe,fika,gadaka/shembire,35,04,03,017,35/04/03/017,unguwar katala k/maiung.,gadaka/shembire (ward: 03) - yobe
70,yobe,fika,gadaka/shembire,35,04,03,011,35/04/03/011,"sabon layi, kofar maiungwa",gadaka/shembire (ward: 03) - yobe
71,yobe,fika,gadaka/shembire,35,04,03,010,35/04/03/010,"madaki, old bore hole",gadaka/shembire (ward: 03) - yobe
72,yobe,fika,gadaka/shembire,35,04,03,006,35/04/03/006,"garin goge, pri. sch. ii",gadaka/shembire (ward: 03) - yobe
73,yobe,fika,gadaka/shembire,35,04,03,005,35/04/03/005,"garin goge, pri. sch. i",gadaka/shembire (ward: 03) - yobe
74,yobe,fika,gadaka/shembire,35,04,03,004,35/04/03/004,"garin gamji, pri. sch.",gadaka/shembire (ward: 03) - yobe
75,yobe,fika,gadaka/shembire,35,04,03,002,35/04/03/002,"bulabulin , pri.sch.",gadaka/shembire (ward: 03) - yobe
76,yobe,fika,gadaka/shembire,35,04,03,016,35/04/03/016,"unguwar mamman disa, bore hole",gadaka/shembire (ward: 03) - yobe
77,yobe,fika,gadaka/shembire,35,04,03,015,35/04/03/015,"unguwar dala k, kofar maiunguwa",gadaka/shembire (ward: 03) - yobe
78,yobe,fika,gadaka/shembire,35,04,03,013,35/04/03/013,"unguwar  bulus, c.p sch. i",gadaka/shembire (ward: 03) - yobe
79,yobe,fika,gadaka/shembire,35,04,03,008,35/04/03/008,"hausari, kofar maiunguwa",gadaka/shembire (ward: 03) - yobe
80,yobe,fika,gadaka/shembire,35,04,03,003,35/04/03/003,"dala , kofar mai gari",gadaka/shembire (ward: 03) - yobe
81,yobe,fika,gadaka/shembire,35,04,03,007,35/04/03/007,"jangam, kofar maiunguwa",gadaka/shembire (ward: 03) - yobe
82,yobe,fika,gadaka/shembire,35,04,03,033,35/04/03/033,tsohon kasuwa open space,gadaka/shembire (ward: 03) - yobe
83,yobe,fika,gadaka/shembire,35,04,03,012,35/04/03/012,unguwar adamu d. open space,gadaka/shembire (ward: 03) - yobe
84,yobe,fika,gadaka/shembire,35,04,03,014,35/04/03/014,"unguwar bulus c, p sch. ii",gadaka/shembire (ward: 03) - yobe
85,yobe,fika,gadaka/shembire,35,04,03,020,35/04/03/020,"zamba,pri. sch. i",gadaka/shembire (ward: 03) - yobe
86,yobe,fika,gudi / dozi / godo woli,35,04,04,018,35/04/04/018,gudi dispensary,gudi / dozi / godo woli (ward: 04) - yobe
87,yobe,fika,gudi / dozi / godo woli,35,04,04,005,35/04/04/005,"garin alaramma, kofar maiunguwa",gudi / dozi / godo woli (ward: 04) - yobe
88,yobe,fika,gudi / dozi / godo woli,35,04,04,011,35/04/04/011,bajibir pri. school,gudi / dozi / godo woli (ward: 04) - yobe
89,yobe,fika,gudi / dozi / godo woli,35,04,04,012,35/04/04/012,fakali pri. sch.,gudi / dozi / godo woli (ward: 04) - yobe
90,yobe,fika,gudi / dozi / godo woli,35,04,04,006,35/04/04/006,"godowolli , pri. sch.",gudi / dozi / godo woli (ward: 04) - yobe
91,yobe,fika,gudi / dozi / godo woli,35,04,04,002,35/04/04/002,"doffo ofara , pri. sch.",gudi / dozi / godo woli (ward: 04) - yobe
92,yobe,fika,gudi / dozi / godo woli,35,04,04,016,35/04/04/016,jokire pri. school,gudi / dozi / godo woli (ward: 04) - yobe
93,yobe,fika,gudi / dozi / godo woli,35,04,04,008,35/04/04/008,"nahuta, pri. sch.",gudi / dozi / godo woli (ward: 04) - yobe
94,yobe,fika,gudi / dozi / godo woli,35,04,04,013,35/04/04/013,garin bura pri. school,gudi / dozi / godo woli (ward: 04) - yobe
95,yobe,fika,gudi / dozi / godo woli,35,04,04,019,35/04/04/019,dinkiri  pri. sch.,gudi / dozi / godo woli (ward: 04) - yobe
96,yobe,fika,gudi / dozi / godo woli,35,04,04,009,35/04/04/009,"lewe ,  pri. sch.",gudi / dozi / godo woli (ward: 04) - yobe
97,yobe,fika,gudi / dozi / godo woli,35,04,04,014,35/04/04/014,yelwa open space,gudi / dozi / godo woli (ward: 04) - yobe
98,yobe,fika,gudi / dozi / godo woli,35,04,04,010,35/04/04/010,"zadawa,  pri. sch.",gudi / dozi / godo woli (ward: 04) - yobe
99,yobe,fika,gudi / dozi / godo woli,35,04,04,001,35/04/04/001,"dade yasua, kofar maiunguwa",gudi / dozi / godo woli (ward: 04) - yobe
100,yobe,fika,gudi / dozi / godo woli,35,04,04,015,35/04/04/015,gana pri. sch.,gudi / dozi / godo woli (ward: 04) - yobe
101,yobe,fika,gudi / dozi / godo woli,35,04,04,017,35/04/04/017,ngamdu open space,gudi / dozi / godo woli (ward: 04) - yobe
102,yobe,fika,gudi / dozi / godo woli,35,04,04,004,35/04/04/004,"gamari , dispensary",gudi / dozi / godo woli (ward: 04) - yobe
103,yobe,fika,gudi / dozi / godo woli,35,04,04,007,35/04/04/007,"godowolli , pri. sch.",gudi / dozi / godo woli (ward: 04) - yobe
104,yobe,fika,gudi / dozi / godo woli,35,04,04,003,35/04/04/003,"gamari,  pri. sch.",gudi / dozi / godo woli (ward: 04) - yobe
105,yobe,fika,janga / boza / fa. sawa / t. nanai,35,04,05,014,35/04/05/014,dogo abare viewing centre,janga / boza / fa. sawa / t. nanai (ward: 05) - yobe
106,yobe,fika,janga / boza / fa. sawa / t. nanai,35,04,05,017,35/04/05/017,"sabon rijiya, pri. sch.",janga / boza / fa. sawa / t. nanai (ward: 05) - yobe
107,yobe,fika,janga / boza / fa. sawa / t. nanai,35,04,05,001,35/04/05/001,"burni , pri. sch.",janga / boza / fa. sawa / t. nanai (ward: 05) - yobe
108,yobe,fika,janga / boza / fa. sawa / t. nanai,35,04,05,004,35/04/05/004,"dogo abare, pri. sch.",janga / boza / fa. sawa / t. nanai (ward: 05) - yobe
109,yobe,fika,janga / boza / fa. sawa / t. nanai,35,04,05,003,35/04/05/003,"damazai, pri. sch. ii",janga / boza / fa. sawa / t. nanai (ward: 05) - yobe
110,yobe,fika,janga / boza / fa. sawa / t. nanai,35,04,05,009,35/04/05/009,"madodo madaki, kofar maiunguwa",janga / boza / fa. sawa / t. nanai (ward: 05) - yobe
111,yobe,fika,janga / boza / fa. sawa / t. nanai,35,04,05,008,35/04/05/008,"koromchi, pri. sch.",janga / boza / fa. sawa / t. nanai (ward: 05) - yobe
112,yobe,fika,janga / boza / fa. sawa / t. nanai,35,04,05,002,35/04/05/002,"damazai, pri. sch. i",janga / boza / fa. sawa / t. nanai (ward: 05) - yobe
113,yobe,fika,janga / boza / fa. sawa / t. nanai,35,04,05,013,35/04/05/013,gashaka pri. school ii,janga / boza / fa. sawa / t. nanai (ward: 05) - yobe
114,yobe,fika,janga / boza / fa. sawa / t. nanai,35,04,05,019,35/04/05/019,kurmi open space,janga / boza / fa. sawa / t. nanai (ward: 05) - yobe
115,yobe,fika,janga / boza / fa. sawa / t. nanai,35,04,05,007,35/04/05/007,janga siri pri school,janga / boza / fa. sawa / t. nanai (ward: 05) - yobe
116,yobe,fika,janga / boza / fa. sawa / t. nanai,35,04,05,018,35/04/05/018,"korofi, pri. sch.",janga / boza / fa. sawa / t. nanai (ward: 05) - yobe
117,yobe,fika,janga / boza / fa. sawa / t. nanai,35,04,05,012,35/04/05/012,kofar bulama borehole,janga / boza / fa. sawa / t. nanai (ward: 05) - yobe
118,yobe,fika,janga / boza / fa. sawa / t. nanai,35,04,05,024,35/04/05/024,janga dagauda pri. school,janga / boza / fa. sawa / t. nanai (ward: 05) - yobe
119,yobe,fika,janga / boza / fa. sawa / t. nanai,35,04,05,023,35/04/05/023,garin yerima,janga / boza / fa. sawa / t. nanai (ward: 05) - yobe
120,yobe,fika,janga / boza / fa. sawa / t. nanai,35,04,05,022,35/04/05/022,maidede unguwar lamba,janga / boza / fa. sawa / t. nanai (ward: 05) - yobe
121,yobe,fika,janga / boza / fa. sawa / t. nanai,35,04,05,005,35/04/05/005,"gashaka , pri. sch.",janga / boza / fa. sawa / t. nanai (ward: 05) - yobe
122,yobe,fika,janga / boza / fa. sawa / t. nanai,35,04,05,010,35/04/05/010,"zamani, pri. sch.",janga / boza / fa. sawa / t. nanai (ward: 05) - yobe
123,yobe,fika,janga / boza / fa. sawa / t. nanai,35,04,05,006,35/04/05/006,"janga dole, pri. sch.",janga / boza / fa. sawa / t. nanai (ward: 05) - yobe
124,yobe,fika,janga / boza / fa. sawa / t. nanai,35,04,05,011,35/04/05/011,gashaka dispensary,janga / boza / fa. sawa / t. nanai (ward: 05) - yobe
125,yobe,fika,janga / boza / fa. sawa / t. nanai,35,04,05,015,35/04/05/015,garin zomo pri. sch,janga / boza / fa. sawa / t. nanai (ward: 05) - yobe
126,yobe,fika,janga / boza / fa. sawa / t. nanai,35,04,05,016,35/04/05/016,janga dole dispensary,janga / boza / fa. sawa / t. nanai (ward: 05) - yobe
127,yobe,fika,janga / boza / fa. sawa / t. nanai,35,04,05,020,35/04/05/020,garin gabo open space,janga / boza / fa. sawa / t. nanai (ward: 05) - yobe
128,yobe,fika,janga / boza / fa. sawa / t. nanai,35,04,05,021,35/04/05/021,"koromchi, open space",janga / boza / fa. sawa / t. nanai (ward: 05) - yobe
129,yobe,fika,mubi / fusami / garin wayo,35,04,06,011,35/04/06/011,gurdum open space,mubi / fusami / garin wayo (ward: 06) - yobe
130,yobe,fika,mubi / fusami / garin wayo,35,04,06,006,35/04/06/006,"mubi fusami, pri. sch ii",mubi / fusami / garin wayo (ward: 06) - yobe
131,yobe,fika,mubi / fusami / garin wayo,35,04,06,010,35/04/06/010,lamba bah sule,mubi / fusami / garin wayo (ward: 06) - yobe
132,yobe,fika,mubi / fusami / garin wayo,35,04,06,009,35/04/06/009,kofar wakili dispensary,mubi / fusami / garin wayo (ward: 06) - yobe
133,yobe,fika,mubi / fusami / garin wayo,35,04,06,008,35/04/06/008,"mai yanga, pri. sch.",mubi / fusami / garin wayo (ward: 06) - yobe
134,yobe,fika,mubi / fusami / garin wayo,35,04,06,007,35/04/06/007,badawa open space,mubi / fusami / garin wayo (ward: 06) - yobe
135,yobe,fika,mubi / fusami / garin wayo,35,04,06,005,35/04/06/005,"mubi fusami,pri. sch i",mubi / fusami / garin wayo (ward: 06) - yobe
136,yobe,fika,mubi / fusami / garin wayo,35,04,06,004,35/04/06/004,"garin wayo, pri. sch.",mubi / fusami / garin wayo (ward: 06) - yobe
137,yobe,fika,mubi / fusami / garin wayo,35,04,06,003,35/04/06/003,"garin eji, pri. sch.",mubi / fusami / garin wayo (ward: 06) - yobe
138,yobe,fika,mubi / fusami / garin wayo,35,04,06,002,35/04/06/002,"gadana, pri. sch.",mubi / fusami / garin wayo (ward: 06) - yobe
139,yobe,fika,mubi / fusami / garin wayo,35,04,06,001,35/04/06/001,"banale, pri. sch.",mubi / fusami / garin wayo (ward: 06) - yobe
140,yobe,fika,ngalda/dumbulwa,35,04,07,021,35/04/07/021,unguwan gada pri. school i,ngalda/dumbulwa (ward: 07) - yobe
141,yobe,fika,ngalda/dumbulwa,35,04,07,013,35/04/07/013,gantsa fadama iii,ngalda/dumbulwa (ward: 07) - yobe
142,yobe,fika,ngalda/dumbulwa,35,04,07,010,35/04/07/010,"tundun wada, dispensary ii",ngalda/dumbulwa (ward: 07) - yobe
143,yobe,fika,ngalda/dumbulwa,35,04,07,018,35/04/07/018,ngalda vetinary,ngalda/dumbulwa (ward: 07) - yobe
144,yobe,fika,ngalda/dumbulwa,35,04,07,003,35/04/07/003,"gagaru ,pri. sch. ii",ngalda/dumbulwa (ward: 07) - yobe
145,yobe,fika,ngalda/dumbulwa,35,04,07,004,35/04/07/004,"garin chindo, pri. sch.",ngalda/dumbulwa (ward: 07) - yobe
146,yobe,fika,ngalda/dumbulwa,35,04,07,009,35/04/07/009,"tundun wada, dispensary i",ngalda/dumbulwa (ward: 07) - yobe
147,yobe,fika,ngalda/dumbulwa,35,04,07,002,35/04/07/002,"gagaru, pri. sch. i",ngalda/dumbulwa (ward: 07) - yobe
148,yobe,fika,ngalda/dumbulwa,35,04,07,008,35/04/07/008,"tadan gara, pri. sch.",ngalda/dumbulwa (ward: 07) - yobe
149,yobe,fika,ngalda/dumbulwa,35,04,07,014,35/04/07/014,tudun wada dumbulwa,ngalda/dumbulwa (ward: 07) - yobe
150,yobe,fika,ngalda/dumbulwa,35,04,07,007,35/04/07/007,"sabon layi, dispensary",ngalda/dumbulwa (ward: 07) - yobe
151,yobe,fika,ngalda/dumbulwa,35,04,07,019,35/04/07/019,"ngalda, primary health care a",ngalda/dumbulwa (ward: 07) - yobe
152,yobe,fika,ngalda/dumbulwa,35,04,07,012,35/04/07/012,tadangara  pri. sch ii,ngalda/dumbulwa (ward: 07) - yobe
153,yobe,fika,ngalda/dumbulwa,35,04,07,024,35/04/07/024,tudun wada tsamiya open space,ngalda/dumbulwa (ward: 07) - yobe
154,yobe,fika,ngalda/dumbulwa,35,04,07,023,35/04/07/023,tudun wada aduwa open space,ngalda/dumbulwa (ward: 07) - yobe
155,yobe,fika,ngalda/dumbulwa,35,04,07,017,35/04/07/017,garin chindo dispensary,ngalda/dumbulwa (ward: 07) - yobe
156,yobe,fika,ngalda/dumbulwa,35,04,07,022,35/04/07/022,unguwan gada pri. school ii,ngalda/dumbulwa (ward: 07) - yobe
157,yobe,fika,ngalda/dumbulwa,35,04,07,001,35/04/07/001,"dumbulwa ,pri. sch.",ngalda/dumbulwa (ward: 07) - yobe
158,yobe,fika,ngalda/dumbulwa,35,04,07,005,35/04/07/005,"kerem bello,pri. sch.",ngalda/dumbulwa (ward: 07) - yobe
159,yobe,fika,ngalda/dumbulwa,35,04,07,006,35/04/07/006,"ngalda, ri. sch.",ngalda/dumbulwa (ward: 07) - yobe
160,yobe,fika,ngalda/dumbulwa,35,04,07,011,35/04/07/011,wasande kerem,ngalda/dumbulwa (ward: 07) - yobe
161,yobe,fika,ngalda/dumbulwa,35,04,07,015,35/04/07/015,rijiyan aduwa open space,ngalda/dumbulwa (ward: 07) - yobe
162,yobe,fika,ngalda/dumbulwa,35,04,07,016,35/04/07/016,kaliyo open space,ngalda/dumbulwa (ward: 07) - yobe
163,yobe,fika,ngalda/dumbulwa,35,04,07,020,35/04/07/020,"ngalda, primary health care b",ngalda/dumbulwa (ward: 07) - yobe
164,yobe,fika,shoye/garin aba,35,04,08,009,35/04/08/009,baba nana openspace,shoye/garin aba (ward: 08) - yobe
165,yobe,fika,shoye/garin aba,35,04,08,002,35/04/08/002,"garin abba, pri. sch. i",shoye/garin aba (ward: 08) - yobe
166,yobe,fika,shoye/garin aba,35,04,08,010,35/04/08/010,garin aba dispensary,shoye/garin aba (ward: 08) - yobe
167,yobe,fika,shoye/garin aba,35,04,08,008,35/04/08/008,dadin kowa pri. school,shoye/garin aba (ward: 08) - yobe
168,yobe,fika,shoye/garin aba,35,04,08,006,35/04/08/006,"lampo, kofar mai unguwa",shoye/garin aba (ward: 08) - yobe
169,yobe,fika,shoye/garin aba,35,04,08,005,35/04/08/005,gashinge pri. sch.,shoye/garin aba (ward: 08) - yobe
170,yobe,fika,shoye/garin aba,35,04,08,003,35/04/08/003,"garin abba, pri. sch. ii",shoye/garin aba (ward: 08) - yobe
171,yobe,fika,shoye/garin aba,35,04,08,004,35/04/08/004,"garin dauya, pri. sch.",shoye/garin aba (ward: 08) - yobe
172,yobe,fika,shoye/garin aba,35,04,08,007,35/04/08/007,sabon fege primary school,shoye/garin aba (ward: 08) - yobe
173,yobe,fika,shoye/garin aba,35,04,08,001,35/04/08/001,"balde, balde pri. sch.",shoye/garin aba (ward: 08) - yobe
174,yobe,fika,turmi / maluri,35,04,09,011,35/04/09/011,gurjaje clinic,turmi / maluri (ward: 09) - yobe
175,yobe,fika,turmi / maluri,35,04,09,009,35/04/09/009,dogon karfe open space,turmi / maluri (ward: 09) - yobe
176,yobe,fika,turmi / maluri,35,04,09,012,35/04/09/012,manawachi layin kwano,turmi / maluri (ward: 09) - yobe
177,yobe,fika,turmi / maluri,35,04,09,010,35/04/09/010,dogon goro open space,turmi / maluri (ward: 09) - yobe
178,yobe,fika,turmi / maluri,35,04,09,001,35/04/09/001,"dan burni, dispensary",turmi / maluri (ward: 09) - yobe
179,yobe,fika,turmi / maluri,35,04,09,002,35/04/09/002,"gurjaje, pri. sch",turmi / maluri (ward: 09) - yobe
180,yobe,fika,turmi / maluri,35,04,09,013,35/04/09/013,turmi viewing centre,turmi / maluri (ward: 09) - yobe
181,yobe,fika,turmi / maluri,35,04,09,005,35/04/09/005,"unguwa tambari, pri. sch",turmi / maluri (ward: 09) - yobe
182,yobe,fika,turmi / maluri,35,04,09,014,35/04/09/014,turmi pri. health care,turmi / maluri (ward: 09) - yobe
183,yobe,fika,turmi / maluri,35,04,09,008,35/04/09/008,maiduwari g d s s,turmi / maluri (ward: 09) - yobe
184,yobe,fika,turmi / maluri,35,04,09,006,35/04/09/006,bakin kasuwan maluri,turmi / maluri (ward: 09) - yobe
185,yobe,fika,turmi / maluri,35,04,09,007,35/04/09/007,maluri viewing centre,turmi / maluri (ward: 09) - yobe
186,yobe,fika,turmi / maluri,35,04,09,004,35/04/09/004,"turmi, pri. sch.",turmi / maluri (ward: 09) - yobe
187,yobe,fika,turmi / maluri,35,04,09,003,35/04/09/003,"manawachi, pri. sch.",turmi / maluri (ward: 09) - yobe
188,yobe,fika,zangaya/mazawaun,35,04,10,001,35/04/10/001,zangaya pri.school,zangaya/mazawaun (ward: 10) - yobe
189,yobe,fika,zangaya/mazawaun,35,04,10,003,35/04/10/003,dogon kuka pri school,zangaya/mazawaun (ward: 10) - yobe
190,yobe,fika,zangaya/mazawaun,35,04,10,006,35/04/10/006,dogon kuka gari open space,zangaya/mazawaun (ward: 10) - yobe
191,yobe,fika,zangaya/mazawaun,35,04,10,005,35/04/10/005,duffunel adowa open space,zangaya/mazawaun (ward: 10) - yobe
192,yobe,fika,zangaya/mazawaun,35,04,10,004,35/04/10/004,duffuwel pri.school,zangaya/mazawaun (ward: 10) - yobe
193,yobe,fika,zangaya/mazawaun,35,04,10,010,35/04/10/010,nguro ade open space,zangaya/mazawaun (ward: 10) - yobe
194,yobe,fika,zangaya/mazawaun,35,04,10,011,35/04/10/011,sabon layi open space,zangaya/mazawaun (ward: 10) - yobe
195,yobe,fika,zangaya/mazawaun,35,04,10,009,35/04/10/009,gashua pri. sch.,zangaya/mazawaun (ward: 10) - yobe
196,yobe,fika,zangaya/mazawaun,35,04,10,002,35/04/10/002,mazawun pri school,zangaya/mazawaun (ward: 10) - yobe
197,yobe,fika,zangaya/mazawaun,35,04,10,008,35/04/10/008,guduwi pri.school,zangaya/mazawaun (ward: 10) - yobe
198,yobe,fika,zangaya/mazawaun,35,04,10,007,35/04/10/007,mazawun veiwing centre,zangaya/mazawaun (ward: 10) - yobe
199,yobe,fika,zangaya/mazawaun,35,04,10,012,35/04/10/012,dogon kuka tasha open space,zangaya/mazawaun (ward: 10) - yobe
200,yobe,fika,zangaya/mazawaun,35,04,10,013,35/04/10/013,unguwar kudu open space,zangaya/mazawaun (ward: 10) - yobe
201,yobe,bade,dagona,35,01,01,004,35/01/01/004,murza bulama gate,dagona (ward: 01) - yobe
202,yobe,bade,dagona,35,01,01,005,35/01/01/005,"garin manda,pri.sch missilli",dagona (ward: 01) - yobe
203,yobe,bade,dagona,35,01,01,003,35/01/01/003,dala primary school,dagona (ward: 01) - yobe
204,yobe,bade,dagona,35,01,01,011,35/01/01/011,dagona viewing center ii,dagona (ward: 01) - yobe
205,yobe,bade,dagona,35,01,01,014,35/01/01/014,murza borohole,dagona (ward: 01) - yobe
206,yobe,bade,dagona,35,01,01,001,35/01/01/001,dagona pri shc,dagona (ward: 01) - yobe
207,yobe,bade,dagona,35,01,01,009,35/01/01/009,dagona primary school ii,dagona (ward: 01) - yobe
208,yobe,bade,dagona,35,01,01,016,35/01/01/016,bizi primary school  library,dagona (ward: 01) - yobe
209,yobe,bade,dagona,35,01,01,002,35/01/01/002,dagona viewing centre c.,dagona (ward: 01) - yobe
210,yobe,bade,dagona,35,01,01,007,35/01/01/007,bizi pri school,dagona (ward: 01) - yobe
211,yobe,bade,dagona,35,01,01,008,35/01/01/008,garin manda,dagona (ward: 01) - yobe
212,yobe,bade,dagona,35,01,01,013,35/01/01/013,dalah primary school ii,dagona (ward: 01) - yobe
213,yobe,bade,dagona,35,01,01,006,35/01/01/006,mainiya bulama gate,dagona (ward: 01) - yobe
214,yobe,bade,dagona,35,01,01,015,35/01/01/015,bizi primary school ii,dagona (ward: 01) - yobe
215,yobe,bade,dagona,35,01,01,012,35/01/01/012,dagona viewing center iii,dagona (ward: 01) - yobe
216,yobe,bade,dagona,35,01,01,010,35/01/01/010,dagona primary school library,dagona (ward: 01) - yobe
217,yobe,bade,gwio-kura,35,01,02,012,35/01/02/012,ngelbowa primary school  ii,gwio-kura (ward: 02) - yobe
218,yobe,bade,gwio-kura,35,01,02,002,35/01/02/002,gwio bulama's gate,gwio-kura (ward: 02) - yobe
219,yobe,bade,gwio-kura,35,01,02,009,35/01/02/009,gwio primary school iii,gwio-kura (ward: 02) - yobe
220,yobe,bade,gwio-kura,35,01,02,011,35/01/02/011,gwio dina primary school ii,gwio-kura (ward: 02) - yobe
221,yobe,bade,gwio-kura,35,01,02,004,35/01/02/004,ngelbowa pri.school,gwio-kura (ward: 02) - yobe
222,yobe,bade,gwio-kura,35,01,02,013,35/01/02/013,ngeljabe primary school ii,gwio-kura (ward: 02) - yobe
223,yobe,bade,gwio-kura,35,01,02,006,35/01/02/006,chirawa bulama gate,gwio-kura (ward: 02) - yobe
224,yobe,bade,gwio-kura,35,01,02,008,35/01/02/008,gwio primary school  ii,gwio-kura (ward: 02) - yobe
225,yobe,bade,gwio-kura,35,01,02,010,35/01/02/010,gwio bulama's gate ii,gwio-kura (ward: 02) - yobe
226,yobe,bade,gwio-kura,35,01,02,003,35/01/02/003,"gwio dina ,pri. sch.",gwio-kura (ward: 02) - yobe
227,yobe,bade,gwio-kura,35,01,02,007,35/01/02/007,mainari pri.school,gwio-kura (ward: 02) - yobe
228,yobe,bade,gwio-kura,35,01,02,005,35/01/02/005,"ngeljabe ,pri. sch i",gwio-kura (ward: 02) - yobe
229,yobe,bade,gwio-kura,35,01,02,001,35/01/02/001,gwio - kura pri school,gwio-kura (ward: 02) - yobe
230,yobe,bade,gwio-kura,35,01,02,014,35/01/02/014,mainari primary school ii,gwio-kura (ward: 02) - yobe
231,yobe,bade,katuzu,35,01,03,003,35/01/03/003,"unguwar m.sale , k.m.sale",katuzu (ward: 03) - yobe
232,yobe,bade,katuzu,35,01,03,013,35/01/03/013,unguwar mal. saleh iii,katuzu (ward: 03) - yobe
233,yobe,bade,katuzu,35,01,03,008,35/01/03/008,katuzu primary  school iii,katuzu (ward: 03) - yobe
234,yobe,bade,katuzu,35,01,03,005,35/01/03/005,"state agric. , state agric. office i",katuzu (ward: 03) - yobe
235,yobe,bade,katuzu,35,01,03,009,35/01/03/009,g.d.j.s.s katuzu i,katuzu (ward: 03) - yobe
236,yobe,bade,katuzu,35,01,03,004,35/01/03/004,"unguwar m.sale , k.m.sale ii",katuzu (ward: 03) - yobe
237,yobe,bade,katuzu,35,01,03,011,35/01/03/011,katuzu phcc,katuzu (ward: 03) - yobe
238,yobe,bade,katuzu,35,01,03,007,35/01/03/007,katuzu primary school ii,katuzu (ward: 03) - yobe
239,yobe,bade,katuzu,35,01,03,001,35/01/03/001,"katuzu, pri. sch.",katuzu (ward: 03) - yobe
240,yobe,bade,katuzu,35,01,03,016,35/01/03/016,agric store office ii,katuzu (ward: 03) - yobe
241,yobe,bade,katuzu,35,01,03,002,35/01/03/002,"katuzu ,view centre",katuzu (ward: 03) - yobe
242,yobe,bade,katuzu,35,01,03,010,35/01/03/010,g.d.j.s.s katuzu ii,katuzu (ward: 03) - yobe
243,yobe,bade,katuzu,35,01,03,006,35/01/03/006,"state agric. , state agric. office ii",katuzu (ward: 03) - yobe
244,yobe,bade,katuzu,35,01,03,012,35/01/03/012,unguwar mal. saleh ii,katuzu (ward: 03) - yobe
245,yobe,bade,katuzu,35,01,03,014,35/01/03/014,agric eng site,katuzu (ward: 03) - yobe
246,yobe,bade,katuzu,35,01,03,015,35/01/03/015,agric store office i,katuzu (ward: 03) - yobe
247,yobe,bade,lawan audu/lawan alwali,35,01,04,029,35/01/04/029,fatima muazu cinema,lawan audu/lawan al - wali (ward: 04) - yobe
248,yobe,bade,lawan audu/lawan alwali,35,01,04,032,35/01/04/032,garin lamido primary school iii,lawan audu/lawan al - wali (ward: 04) - yobe
249,yobe,bade,lawan audu/lawan alwali,35,01,04,036,35/01/04/036,benin beyero ii,lawan audu/lawan al - wali (ward: 04) - yobe
250,yobe,bade,lawan audu/lawan alwali,35,01,04,023,35/01/04/023,asibitin agana iii,lawan audu/lawan al - wali (ward: 04) - yobe
251,yobe,bade,lawan audu/lawan alwali,35,01,04,022,35/01/04/022,lawan audu iii,lawan audu/lawan al - wali (ward: 04) - yobe
252,yobe,bade,lawan audu/lawan alwali,35,01,04,037,35/01/04/037,benin beyero iii,lawan audu/lawan al - wali (ward: 04) - yobe
253,yobe,bade,lawan audu/lawan alwali,35,01,04,018,35/01/04/018,goni aji ii,lawan audu/lawan al - wali (ward: 04) - yobe
254,yobe,bade,lawan audu/lawan alwali,35,01,04,014,35/01/04/014,ramat primary school iii,lawan audu/lawan al - wali (ward: 04) - yobe
255,yobe,bade,lawan audu/lawan alwali,35,01,04,013,35/01/04/013,ramat primary school ii,lawan audu/lawan al - wali (ward: 04) - yobe
256,yobe,bade,lawan audu/lawan alwali,35,01,04,004,35/01/04/004,lawan audu,lawan audu/lawan al - wali (ward: 04) - yobe
257,yobe,bade,lawan audu/lawan alwali,35,01,04,025,35/01/04/025,asibitin agana v,lawan audu/lawan al - wali (ward: 04) - yobe
258,yobe,bade,lawan audu/lawan alwali,35,01,04,005,35/01/04/005,asibitin agana i,lawan audu/lawan al - wali (ward: 04) - yobe
259,yobe,bade,lawan audu/lawan alwali,35,01,04,017,35/01/04/017,ramat g d j s s iii,lawan audu/lawan al - wali (ward: 04) - yobe
260,yobe,bade,lawan audu/lawan alwali,35,01,04,033,35/01/04/033,garin lamido primary school iv,lawan audu/lawan al - wali (ward: 04) - yobe
261,yobe,bade,lawan audu/lawan alwali,35,01,04,016,35/01/04/016,ramat g d j s s ii,lawan audu/lawan al - wali (ward: 04) - yobe
262,yobe,bade,lawan audu/lawan alwali,35,01,04,026,35/01/04/026,asibitin agana vi,lawan audu/lawan al - wali (ward: 04) - yobe
263,yobe,bade,lawan audu/lawan alwali,35,01,04,030,35/01/04/030,dan sukola cinema,lawan audu/lawan al - wali (ward: 04) - yobe
264,yobe,bade,lawan audu/lawan alwali,35,01,04,003,35/01/04/003,goni aji,lawan audu/lawan al - wali (ward: 04) - yobe
265,yobe,bade,lawan audu/lawan alwali,35,01,04,019,35/01/04/019,goni aji  iii,lawan audu/lawan al - wali (ward: 04) - yobe
266,yobe,bade,lawan audu/lawan alwali,35,01,04,024,35/01/04/024,asibitin agana iv,lawan audu/lawan al - wali (ward: 04) - yobe
267,yobe,bade,lawan audu/lawan alwali,35,01,04,012,35/01/04/012,college of education library,lawan audu/lawan al - wali (ward: 04) - yobe
268,yobe,bade,lawan audu/lawan alwali,35,01,04,007,35/01/04/007,former nepa,lawan audu/lawan al - wali (ward: 04) - yobe
269,yobe,bade,lawan audu/lawan alwali,35,01,04,010,35/01/04/010,benin bayero,lawan audu/lawan al - wali (ward: 04) - yobe
270,yobe,bade,lawan audu/lawan alwali,35,01,04,009,35/01/04/009,hospital gate,lawan audu/lawan al - wali (ward: 04) - yobe
271,yobe,bade,lawan audu/lawan alwali,35,01,04,015,35/01/04/015,ramat primary school iv,lawan audu/lawan al - wali (ward: 04) - yobe
272,yobe,bade,lawan audu/lawan alwali,35,01,04,001,35/01/04/001,college of education,lawan audu/lawan al - wali (ward: 04) - yobe
273,yobe,bade,lawan audu/lawan alwali,35,01,04,038,35/01/04/038,duriyan jidda,lawan audu/lawan al - wali (ward: 04) - yobe
274,yobe,bade,lawan audu/lawan alwali,35,01,04,031,35/01/04/031,garin lamido primary school ii,lawan audu/lawan al - wali (ward: 04) - yobe
275,yobe,bade,lawan audu/lawan alwali,35,01,04,011,35/01/04/011,college of education borehole,lawan audu/lawan al - wali (ward: 04) - yobe
276,yobe,bade,lawan audu/lawan alwali,35,01,04,035,35/01/04/035,lowcost primary school,lawan audu/lawan al - wali (ward: 04) - yobe
277,yobe,bade,lawan audu/lawan alwali,35,01,04,008,35/01/04/008,garin lamido,lawan audu/lawan al - wali (ward: 04) - yobe
278,yobe,bade,lawan audu/lawan alwali,35,01,04,034,35/01/04/034,garin lamido primary school v,lawan audu/lawan al - wali (ward: 04) - yobe
279,yobe,bade,lawan audu/lawan alwali,35,01,04,020,35/01/04/020,goni aji mtn mask,lawan audu/lawan al - wali (ward: 04) - yobe
280,yobe,bade,lawan audu/lawan alwali,35,01,04,021,35/01/04/021,lawan audu ii,lawan audu/lawan al - wali (ward: 04) - yobe
281,yobe,bade,lawan audu/lawan alwali,35,01,04,028,35/01/04/028,asibitin agana  viii,lawan audu/lawan al - wali (ward: 04) - yobe
282,yobe,bade,lawan audu/lawan alwali,35,01,04,006,35/01/04/006,asibitin agana ii,lawan audu/lawan al - wali (ward: 04) - yobe
283,yobe,bade,lawan audu/lawan alwali,35,01,04,027,35/01/04/027,asibitin agana vii,lawan audu/lawan al - wali (ward: 04) - yobe
284,yobe,bade,lawan audu/lawan alwali,35,01,04,002,35/01/04/002,ramat pri.school,lawan audu/lawan al - wali (ward: 04) - yobe
285,yobe,bade,lawan fannami,35,01,05,026,35/01/05/026,tsangayan ii open space v,lawan fannami (ward: 05) - yobe
286,yobe,bade,lawan fannami,35,01,05,027,35/01/05/027,gdssg male staff room,lawan fannami (ward: 05) - yobe
287,yobe,bade,lawan fannami,35,01,05,029,35/01/05/029,g.d.s.s borehole ii,lawan fannami (ward: 05) - yobe
288,yobe,bade,lawan fannami,35,01,05,024,35/01/05/024,tsangayan i open space iii,lawan fannami (ward: 05) - yobe
289,yobe,bade,lawan fannami,35,01,05,004,35/01/05/004,ya'u gara kofar ya'u,lawan fannami (ward: 05) - yobe
290,yobe,bade,lawan fannami,35,01,05,017,35/01/05/017,babuje primary school  ii,lawan fannami (ward: 05) - yobe
291,yobe,bade,lawan fannami,35,01,05,020,35/01/05/020,babuje primary  school v,lawan fannami (ward: 05) - yobe
292,yobe,bade,lawan fannami,35,01,05,016,35/01/05/016,filin tanda vii,lawan fannami (ward: 05) - yobe
293,yobe,bade,lawan fannami,35,01,05,007,35/01/05/007,gdss gashu'a,lawan fannami (ward: 05) - yobe
294,yobe,bade,lawan fannami,35,01,05,013,35/01/05/013,filin tanda iv,lawan fannami (ward: 05) - yobe
295,yobe,bade,lawan fannami,35,01,05,001,35/01/05/001,"ari kulola, ari kulola gate",lawan fannami (ward: 05) - yobe
296,yobe,bade,lawan fannami,35,01,05,018,35/01/05/018,babuje primary school iii,lawan fannami (ward: 05) - yobe
297,yobe,bade,lawan fannami,35,01,05,025,35/01/05/025,tsangayan i open space iv,lawan fannami (ward: 05) - yobe
298,yobe,bade,lawan fannami,35,01,05,003,35/01/05/003,babuje pri school,lawan fannami (ward: 05) - yobe
299,yobe,bade,lawan fannami,35,01,05,006,35/01/05/006,tsangaya ii open space,lawan fannami (ward: 05) - yobe
300,yobe,bade,lawan fannami,35,01,05,028,35/01/05/028,g.d.s.s borehole i,lawan fannami (ward: 05) - yobe
301,yobe,bade,lawan fannami,35,01,05,008,35/01/05/008,hassan mai ung.,lawan fannami (ward: 05) - yobe
302,yobe,bade,lawan fannami,35,01,05,021,35/01/05/021,babuje primary school vi,lawan fannami (ward: 05) - yobe
303,yobe,bade,lawan fannami,35,01,05,011,35/01/05/011,filin tanda ii,lawan fannami (ward: 05) - yobe
304,yobe,bade,lawan fannami,35,01,05,022,35/01/05/022,yau gara ii,lawan fannami (ward: 05) - yobe
305,yobe,bade,lawan fannami,35,01,05,015,35/01/05/015,filin tanda vi,lawan fannami (ward: 05) - yobe
306,yobe,bade,lawan fannami,35,01,05,023,35/01/05/023,yau gara iii,lawan fannami (ward: 05) - yobe
307,yobe,bade,lawan fannami,35,01,05,010,35/01/05/010,ari kulola viewing centre,lawan fannami (ward: 05) - yobe
308,yobe,bade,lawan fannami,35,01,05,002,35/01/05/002,filin tanda open space,lawan fannami (ward: 05) - yobe
309,yobe,bade,lawan fannami,35,01,05,014,35/01/05/014,filin tanda v,lawan fannami (ward: 05) - yobe
310,yobe,bade,lawan fannami,35,01,05,012,35/01/05/012,filin tanda iii,lawan fannami (ward: 05) - yobe
311,yobe,bade,lawan fannami,35,01,05,019,35/01/05/019,babuje primary school iv,lawan fannami (ward: 05) - yobe
312,yobe,bade,lawan fannami,35,01,05,005,35/01/05/005,tsangaya i open space,lawan fannami (ward: 05) - yobe
313,yobe,bade,lawan fannami,35,01,05,030,35/01/05/030,hassan mai anguwan open space ii,lawan fannami (ward: 05) - yobe
314,yobe,bade,lawan fannami,35,01,05,009,35/01/05/009,ari kulola borehole,lawan fannami (ward: 05) - yobe
315,yobe,bade,lawan musa,35,01,06,014,35/01/06/014,umar suleiman iii,lawan musa (ward: 06) - yobe
316,yobe,bade,lawan musa,35,01,06,001,35/01/06/001,emirs palace i,lawan musa (ward: 06) - yobe
317,yobe,bade,lawan musa,35,01,06,020,35/01/06/020,dugum jambo east iii,lawan musa (ward: 06) - yobe
318,yobe,bade,lawan musa,35,01,06,018,35/01/06/018,umar suleiman primary school iv,lawan musa (ward: 06) - yobe
319,yobe,bade,lawan musa,35,01,06,008,35/01/06/008,near emirs palace iii,lawan musa (ward: 06) - yobe
320,yobe,bade,lawan musa,35,01,06,013,35/01/06/013,umar suleiman ii,lawan musa (ward: 06) - yobe
321,yobe,bade,lawan musa,35,01,06,010,35/01/06/010,near emirs palace v,lawan musa (ward: 06) - yobe
322,yobe,bade,lawan musa,35,01,06,021,35/01/06/021,dugum jambo west ii,lawan musa (ward: 06) - yobe
323,yobe,bade,lawan musa,35,01,06,002,35/01/06/002,emirs palace ii,lawan musa (ward: 06) - yobe
324,yobe,bade,lawan musa,35,01,06,017,35/01/06/017,umar suleiman primary school  iii,lawan musa (ward: 06) - yobe
325,yobe,bade,lawan musa,35,01,06,016,35/01/06/016,umar suleiman primary school ii,lawan musa (ward: 06) - yobe
326,yobe,bade,lawan musa,35,01,06,022,35/01/06/022,dugum jambo west iii,lawan musa (ward: 06) - yobe
327,yobe,bade,lawan musa,35,01,06,005,35/01/06/005,umar sulieman ii,lawan musa (ward: 06) - yobe
328,yobe,bade,lawan musa,35,01,06,015,35/01/06/015,umar suleiman iv,lawan musa (ward: 06) - yobe
329,yobe,bade,lawan musa,35,01,06,007,35/01/06/007,dugum jambo ii,lawan musa (ward: 06) - yobe
330,yobe,bade,lawan musa,35,01,06,006,35/01/06/006,dugum jambo i,lawan musa (ward: 06) - yobe
331,yobe,bade,lawan musa,35,01,06,004,35/01/06/004,umar sulieman i,lawan musa (ward: 06) - yobe
332,yobe,bade,lawan musa,35,01,06,012,35/01/06/012,maaji d/bappa lawan musa iii,lawan musa (ward: 06) - yobe
333,yobe,bade,lawan musa,35,01,06,003,35/01/06/003,ma'aji d/bappa,lawan musa (ward: 06) - yobe
334,yobe,bade,lawan musa,35,01,06,011,35/01/06/011,maaji d/bappa lawan musa ii,lawan musa (ward: 06) - yobe
335,yobe,bade,lawan musa,35,01,06,019,35/01/06/019,dugum jambo east ii,lawan musa (ward: 06) - yobe
336,yobe,bade,lawan musa,35,01,06,009,35/01/06/009,near emirs palace iv,lawan musa (ward: 06) - yobe
337,yobe,bade,sarkin hausawa,35,01,07,007,35/01/07/007,talbari viewing centre open space ii,sarkin hausawa (ward: 07) - yobe
338,yobe,bade,sarkin hausawa,35,01,07,003,35/01/07/003,kalegha,sarkin hausawa (ward: 07) - yobe
339,yobe,bade,sarkin hausawa,35,01,07,008,35/01/07/008,talbari viewing centre open space iii,sarkin hausawa (ward: 07) - yobe
340,yobe,bade,sarkin hausawa,35,01,07,004,35/01/07/004,alh. sidi ali,sarkin hausawa (ward: 07) - yobe
341,yobe,bade,sarkin hausawa,35,01,07,015,35/01/07/015,islamiyya ii,sarkin hausawa (ward: 07) - yobe
342,yobe,bade,sarkin hausawa,35,01,07,012,35/01/07/012,kalegha ii,sarkin hausawa (ward: 07) - yobe
343,yobe,bade,sarkin hausawa,35,01,07,014,35/01/07/014,alh. sidi ali mai aji cinema,sarkin hausawa (ward: 07) - yobe
344,yobe,bade,sarkin hausawa,35,01,07,001,35/01/07/001,talbari viewing centre,sarkin hausawa (ward: 07) - yobe
345,yobe,bade,sarkin hausawa,35,01,07,005,35/01/07/005,islamiyya,sarkin hausawa (ward: 07) - yobe
346,yobe,bade,sarkin hausawa,35,01,07,017,35/01/07/017,anes b  water board,sarkin hausawa (ward: 07) - yobe
347,yobe,bade,sarkin hausawa,35,01,07,009,35/01/07/009,talbari lea borehole,sarkin hausawa (ward: 07) - yobe
348,yobe,bade,sarkin hausawa,35,01,07,016,35/01/07/016,islamiyya iii,sarkin hausawa (ward: 07) - yobe
349,yobe,bade,sarkin hausawa,35,01,07,006,35/01/07/006,anes b.,sarkin hausawa (ward: 07) - yobe
350,yobe,bade,sarkin hausawa,35,01,07,002,35/01/07/002,talbari l.e.a.,sarkin hausawa (ward: 07) - yobe
351,yobe,bade,sarkin hausawa,35,01,07,018,35/01/07/018,anes b garejin biri,sarkin hausawa (ward: 07) - yobe
352,yobe,bade,sarkin hausawa,35,01,07,013,35/01/07/013,kalegha iii,sarkin hausawa (ward: 07) - yobe
353,yobe,bade,sarkin hausawa,35,01,07,010,35/01/07/010,talbari lea ii,sarkin hausawa (ward: 07) - yobe
354,yobe,bade,sarkin hausawa,35,01,07,011,35/01/07/011,talbari lea iii,sarkin hausawa (ward: 07) - yobe
355,yobe,bade,tagali/sugum,35,01,08,005,35/01/08/005,tagama open space,tagali/sugum (ward: 08) - yobe
356,yobe,bade,tagali/sugum,35,01,08,004,35/01/08/004,kabayo,tagali/sugum (ward: 08) - yobe
357,yobe,bade,tagali/sugum,35,01,08,009,35/01/08/009,tak vir - vir,tagali/sugum (ward: 08) - yobe
358,yobe,bade,tagali/sugum,35,01,08,002,35/01/08/002,sugum  ii  pri sch,tagali/sugum (ward: 08) - yobe
359,yobe,bade,tagali/sugum,35,01,08,008,35/01/08/008,gabarwa open space,tagali/sugum (ward: 08) - yobe
360,yobe,bade,tagali/sugum,35,01,08,006,35/01/08/006,tagali pri sch,tagali/sugum (ward: 08) - yobe
361,yobe,bade,tagali/sugum,35,01,08,011,35/01/08/011,gabarwa primary health care,tagali/sugum (ward: 08) - yobe
362,yobe,bade,tagali/sugum,35,01,08,003,35/01/08/003,gapiwa,tagali/sugum (ward: 08) - yobe
363,yobe,bade,tagali/sugum,35,01,08,001,35/01/08/001,sugum  1 b.gate,tagali/sugum (ward: 08) - yobe
364,yobe,bade,tagali/sugum,35,01,08,007,35/01/08/007,madamuwa bulama gate,tagali/sugum (ward: 08) - yobe
365,yobe,bade,tagali/sugum,35,01,08,010,35/01/08/010,tagama pri sch,tagali/sugum (ward: 08) - yobe
366,yobe,bade,usur/dawayo,35,01,09,016,35/01/09/016,azam kura ii,usur/dawayo (ward: 09) - yobe
367,yobe,bade,usur/dawayo,35,01,09,010,35/01/09/010,jigawa,usur/dawayo (ward: 09) - yobe
368,yobe,bade,usur/dawayo,35,01,09,009,35/01/09/009,dawayo,usur/dawayo (ward: 09) - yobe
369,yobe,bade,usur/dawayo,35,01,09,017,35/01/09/017,azam kura primary school  library,usur/dawayo (ward: 09) - yobe
370,yobe,bade,usur/dawayo,35,01,09,005,35/01/09/005,bida/tumpapi jumami,usur/dawayo (ward: 09) - yobe
371,yobe,bade,usur/dawayo,35,01,09,003,35/01/09/003,azbak pri. sch. ii bulama gate,usur/dawayo (ward: 09) - yobe
372,yobe,bade,usur/dawayo,35,01,09,018,35/01/09/018,azam kura iii,usur/dawayo (ward: 09) - yobe
373,yobe,bade,usur/dawayo,35,01,09,020,35/01/09/020,lafiyami primary school,usur/dawayo (ward: 09) - yobe
374,yobe,bade,usur/dawayo,35,01,09,006,35/01/09/006,paga,usur/dawayo (ward: 09) - yobe
375,yobe,bade,usur/dawayo,35,01,09,002,35/01/09/002,"azbak, pri. sch. i",usur/dawayo (ward: 09) - yobe
376,yobe,bade,usur/dawayo,35,01,09,012,35/01/09/012,azabak primary school library,usur/dawayo (ward: 09) - yobe
377,yobe,bade,usur/dawayo,35,01,09,007,35/01/09/007,azam kura b. gate i,usur/dawayo (ward: 09) - yobe
378,yobe,bade,usur/dawayo,35,01,09,008,35/01/09/008,azam kura b. gate ii,usur/dawayo (ward: 09) - yobe
379,yobe,bade,usur/dawayo,35,01,09,019,35/01/09/019,dawayo primary school library,usur/dawayo (ward: 09) - yobe
380,yobe,bade,usur/dawayo,35,01,09,004,35/01/09/004,alagarno,usur/dawayo (ward: 09) - yobe
381,yobe,bade,usur/dawayo,35,01,09,011,35/01/09/011,usur primary school library,usur/dawayo (ward: 09) - yobe
382,yobe,bade,usur/dawayo,35,01,09,015,35/01/09/015,paga bulama's gate,usur/dawayo (ward: 09) - yobe
383,yobe,bade,usur/dawayo,35,01,09,013,35/01/09/013,azbak bulama gate,usur/dawayo (ward: 09) - yobe
384,yobe,bade,usur/dawayo,35,01,09,014,35/01/09/014,alagarno primary school,usur/dawayo (ward: 09) - yobe
385,yobe,bade,usur/dawayo,35,01,09,021,35/01/09/021,jigawa primary school,usur/dawayo (ward: 09) - yobe
386,yobe,bade,usur/dawayo,35,01,09,001,35/01/09/001,usur pri.school,usur/dawayo (ward: 09) - yobe
387,yobe,bade,zangon musa/zango umaru,35,01,10,020,35/01/10/020,labbo borehole i,zangon musa/zango umaru (ward: 10) - yobe
388,yobe,bade,zangon musa/zango umaru,35,01,10,004,35/01/10/004,zango viewing centre,zangon musa/zango umaru (ward: 10) - yobe
389,yobe,bade,zangon musa/zango umaru,35,01,10,023,35/01/10/023,zango  islamiyya iii,zangon musa/zango umaru (ward: 10) - yobe
390,yobe,bade,zangon musa/zango umaru,35,01,10,012,35/01/10/012,primary health care zango,zangon musa/zango umaru (ward: 10) - yobe
391,yobe,bade,zangon musa/zango umaru,35,01,10,018,35/01/10/018,majema's gate,zangon musa/zango umaru (ward: 10) - yobe
392,yobe,bade,zangon musa/zango umaru,35,01,10,024,35/01/10/024,labbo borehole ii,zangon musa/zango umaru (ward: 10) - yobe
393,yobe,bade,zangon musa/zango umaru,35,01,10,019,35/01/10/019,nagero,zangon musa/zango umaru (ward: 10) - yobe
394,yobe,bade,zangon musa/zango umaru,35,01,10,005,35/01/10/005,shehu mai gura,zangon musa/zango umaru (ward: 10) - yobe
395,yobe,bade,zangon musa/zango umaru,35,01,10,022,35/01/10/022,zango  islamiyya ii,zangon musa/zango umaru (ward: 10) - yobe
396,yobe,bade,zangon musa/zango umaru,35,01,10,021,35/01/10/021,dankalawa borehole,zangon musa/zango umaru (ward: 10) - yobe
397,yobe,bade,zangon musa/zango umaru,35,01,10,002,35/01/10/002,kofar dogo ado,zangon musa/zango umaru (ward: 10) - yobe
398,yobe,bade,zangon musa/zango umaru,35,01,10,009,35/01/10/009,kofar baba nashehu,zangon musa/zango umaru (ward: 10) - yobe
399,yobe,bade,zangon musa/zango umaru,35,01,10,001,35/01/10/001,sarkin z.umaru (o.s),zangon musa/zango umaru (ward: 10) - yobe
400,yobe,bade,zangon musa/zango umaru,35,01,10,011,35/01/10/011,zango umaru transfomer,zangon musa/zango umaru (ward: 10) - yobe
401,yobe,bade,zangon musa/zango umaru,35,01,10,006,35/01/10/006,nomau na inna,zangon musa/zango umaru (ward: 10) - yobe
402,yobe,bade,zangon musa/zango umaru,35,01,10,015,35/01/10/015,muhammadu gaja gaja,zangon musa/zango umaru (ward: 10) - yobe
403,yobe,bade,zangon musa/zango umaru,35,01,10,008,35/01/10/008,zango islamiyya,zangon musa/zango umaru (ward: 10) - yobe
404,yobe,bade,zangon musa/zango umaru,35,01,10,014,35/01/10/014,zango agric dept,zangon musa/zango umaru (ward: 10) - yobe
405,yobe,bade,zangon musa/zango umaru,35,01,10,016,35/01/10/016,mallam mai doki gate,zangon musa/zango umaru (ward: 10) - yobe
406,yobe,bade,zangon musa/zango umaru,35,01,10,010,35/01/10/010,kofar dan sarauta open space,zangon musa/zango umaru (ward: 10) - yobe
407,yobe,bade,zangon musa/zango umaru,35,01,10,007,35/01/10/007,mamman dabi,zangon musa/zango umaru (ward: 10) - yobe
408,yobe,bade,zangon musa/zango umaru,35,01,10,003,35/01/10/003,sarkin zango musa,zangon musa/zango umaru (ward: 10) - yobe
409,yobe,bade,zangon musa/zango umaru,35,01,10,017,35/01/10/017,tsangayar babala,zangon musa/zango umaru (ward: 10) - yobe
410,yobe,bade,zangon musa/zango umaru,35,01,10,013,35/01/10/013,jabille dam,zangon musa/zango umaru (ward: 10) - yobe
411,yobe,bursari,bayamari,35,02,01,011,35/02/01/011,bayamari viewing center,bayamari (ward: 01) - yobe
412,yobe,bursari,bayamari,35,02,01,003,35/02/01/003,"batar, pri. sch.",bayamari (ward: 01) - yobe
413,yobe,bursari,bayamari,35,02,01,002,35/02/01/002,aji dawari kofar mai gari,bayamari (ward: 01) - yobe
414,yobe,bursari,bayamari,35,02,01,007,35/02/01/007,"damaya, dandali maigari",bayamari (ward: 01) - yobe
415,yobe,bursari,bayamari,35,02,01,001,35/02/01/001,aburi dandali mai gari,bayamari (ward: 01) - yobe
416,yobe,bursari,bayamari,35,02,01,005,35/02/01/005,"bayamari, dandali lawanti",bayamari (ward: 01) - yobe
417,yobe,bursari,bayamari,35,02,01,012,35/02/01/012,bayamari motor park ii,bayamari (ward: 01) - yobe
418,yobe,bursari,bayamari,35,02,01,004,35/02/01/004,"bayamari, dispensary",bayamari (ward: 01) - yobe
419,yobe,bursari,bayamari,35,02,01,009,35/02/01/009,"galtimari, dandali maigari",bayamari (ward: 01) - yobe
420,yobe,bursari,bayamari,35,02,01,010,35/02/01/010,bayamari primary school,bayamari (ward: 01) - yobe
421,yobe,bursari,bayamari,35,02,01,008,35/02/01/008,"gajeri, dandali maigari",bayamari (ward: 01) - yobe
422,yobe,bursari,bayamari,35,02,01,006,35/02/01/006,"bayamari, motor park",bayamari (ward: 01) - yobe
423,yobe,bursari,damnawa/juluri,35,02,02,004,35/02/02/004,juluri i. pri school,damnawa/juluri (ward: 02) - yobe
424,yobe,bursari,damnawa/juluri,35,02,02,001,35/02/02/001,damnawa kofar mai gari,damnawa/juluri (ward: 02) - yobe
425,yobe,bursari,damnawa/juluri,35,02,02,003,35/02/02/003,gamsawa ii. pri school,damnawa/juluri (ward: 02) - yobe
426,yobe,bursari,damnawa/juluri,35,02,02,002,35/02/02/002,gamsawa i. kofar mai gari,damnawa/juluri (ward: 02) - yobe
427,yobe,bursari,damnawa/juluri,35,02,02,005,35/02/02/005,juluri ii. pri school,damnawa/juluri (ward: 02) - yobe
428,yobe,bursari,danani,35,02,03,009,35/02/03/009,"ummarari matti, dan dalin mai gari",danani (ward: 03) - yobe
429,yobe,bursari,danani,35,02,03,002,35/02/03/002,garin fulatari dandali m/gari,danani (ward: 03) - yobe
430,yobe,bursari,danani,35,02,03,008,35/02/03/008,"ummarari matti, pri. sch.",danani (ward: 03) - yobe
431,yobe,bursari,danani,35,02,03,003,35/02/03/003,"lawanti, dandali maigari",danani (ward: 03) - yobe
432,yobe,bursari,danani,35,02,03,005,35/02/03/005,maji kawari pri school,danani (ward: 03) - yobe
433,yobe,bursari,danani,35,02,03,004,35/02/03/004,"m.bulatari,dandali maigari",danani (ward: 03) - yobe
434,yobe,bursari,danani,35,02,03,001,35/02/03/001,"danani, dandali kofar maigari",danani (ward: 03) - yobe
435,yobe,bursari,danani,35,02,03,006,35/02/03/006,"mastafari, dandali maigari",danani (ward: 03) - yobe
436,yobe,bursari,danani,35,02,03,007,35/02/03/007,"turban gida, pri. sch.",danani (ward: 03) - yobe
437,yobe,bursari,dapchi,35,02,04,013,35/02/04/013,ajari court room ii,dapchi (ward: 04) - yobe
438,yobe,bursari,dapchi,35,02,04,020,35/02/04/020,old motor park iii,dapchi (ward: 04) - yobe
439,yobe,bursari,dapchi,35,02,04,023,35/02/04/023,dapchi ii primary school ii,dapchi (ward: 04) - yobe
440,yobe,bursari,dapchi,35,02,04,016,35/02/04/016,ajari primary school iii,dapchi (ward: 04) - yobe
441,yobe,bursari,dapchi,35,02,04,021,35/02/04/021,old motor park iv,dapchi (ward: 04) - yobe
442,yobe,bursari,dapchi,35,02,04,018,35/02/04/018,"jaba kura, dandali k. mai gari",dapchi (ward: 04) - yobe
443,yobe,bursari,dapchi,35,02,04,010,35/02/04/010,"sarkin pawa, kofar s. pawa",dapchi (ward: 04) - yobe
444,yobe,bursari,dapchi,35,02,04,019,35/02/04/019,old motor park ii,dapchi (ward: 04) - yobe
445,yobe,bursari,dapchi,35,02,04,001,35/02/04/001,"ajari, court room",dapchi (ward: 04) - yobe
446,yobe,bursari,dapchi,35,02,04,012,35/02/04/012,"viewing centre, viewing centre",dapchi (ward: 04) - yobe
447,yobe,bursari,dapchi,35,02,04,017,35/02/04/017,bade gana dispensary,dapchi (ward: 04) - yobe
448,yobe,bursari,dapchi,35,02,04,022,35/02/04/022,dapchi ii primary school i,dapchi (ward: 04) - yobe
449,yobe,bursari,dapchi,35,02,04,006,35/02/04/006,"jaba kura,dandali kpofar maigari",dapchi (ward: 04) - yobe
450,yobe,bursari,dapchi,35,02,04,026,35/02/04/026,library dapchi,dapchi (ward: 04) - yobe
451,yobe,bursari,dapchi,35,02,04,004,35/02/04/004,"bulangu, dandali kofar maigari",dapchi (ward: 04) - yobe
452,yobe,bursari,dapchi,35,02,04,003,35/02/04/003,"bade gana, pri. sch.",dapchi (ward: 04) - yobe
453,yobe,bursari,dapchi,35,02,04,009,35/02/04/009,"ngeljabi, dandali lamido",dapchi (ward: 04) - yobe
454,yobe,bursari,dapchi,35,02,04,007,35/02/04/007,"motor park, old motor park",dapchi (ward: 04) - yobe
455,yobe,bursari,dapchi,35,02,04,008,35/02/04/008,"motor park, kofar m. uba",dapchi (ward: 04) - yobe
456,yobe,bursari,dapchi,35,02,04,028,35/02/04/028,skills acquisition center dapchi,dapchi (ward: 04) - yobe
457,yobe,bursari,dapchi,35,02,04,014,35/02/04/014,ajari dispensary,dapchi (ward: 04) - yobe
458,yobe,bursari,dapchi,35,02,04,005,35/02/04/005,"bulangu, dandali kofar makeri",dapchi (ward: 04) - yobe
459,yobe,bursari,dapchi,35,02,04,011,35/02/04/011,"teleko lamido, pri. sch.",dapchi (ward: 04) - yobe
460,yobe,bursari,dapchi,35,02,04,024,35/02/04/024,dapchi ii primary school iii,dapchi (ward: 04) - yobe
461,yobe,bursari,dapchi,35,02,04,002,35/02/04/002,"ajari, pri. sch.",dapchi (ward: 04) - yobe
462,yobe,bursari,dapchi,35,02,04,015,35/02/04/015,ajari primary school ii,dapchi (ward: 04) - yobe
463,yobe,bursari,dapchi,35,02,04,025,35/02/04/025,ajari gov`t day junior sec. sch.,dapchi (ward: 04) - yobe
464,yobe,bursari,dapchi,35,02,04,027,35/02/04/027,youth center dapchi,dapchi (ward: 04) - yobe
465,yobe,bursari,garun dole / garin alkali,35,02,05,014,35/02/05/014,girim dispensary,garun dole / garin alkali (ward: 05) - yobe
466,yobe,bursari,garun dole / garin alkali,35,02,05,013,35/02/05/013,garun dole primary school ii,garun dole / garin alkali (ward: 05) - yobe
467,yobe,bursari,garun dole / garin alkali,35,02,05,003,35/02/05/003,"garun dole, pri. sch.",garun dole / garin alkali (ward: 05) - yobe
468,yobe,bursari,garun dole / garin alkali,35,02,05,017,35/02/05/017,rini kunu primary school ii,garun dole / garin alkali (ward: 05) - yobe
469,yobe,bursari,garun dole / garin alkali,35,02,05,010,35/02/05/010,"tarbutu, pri. sch. i",garun dole / garin alkali (ward: 05) - yobe
470,yobe,bursari,garun dole / garin alkali,35,02,05,006,35/02/05/006,"jawa, pri. sch.",garun dole / garin alkali (ward: 05) - yobe
471,yobe,bursari,garun dole / garin alkali,35,02,05,009,35/02/05/009,rinukunu,garun dole / garin alkali (ward: 05) - yobe
472,yobe,bursari,garun dole / garin alkali,35,02,05,011,35/02/05/011,"tarbutu, pri. sch. ii",garun dole / garin alkali (ward: 05) - yobe
473,yobe,bursari,garun dole / garin alkali,35,02,05,005,35/02/05/005,"ilaila ,pri. sch.",garun dole / garin alkali (ward: 05) - yobe
474,yobe,bursari,garun dole / garin alkali,35,02,05,012,35/02/05/012,garin alkali primary school ii,garun dole / garin alkali (ward: 05) - yobe
475,yobe,bursari,garun dole / garin alkali,35,02,05,016,35/02/05/016,jawa primary school ii,garun dole / garin alkali (ward: 05) - yobe
476,yobe,bursari,garun dole / garin alkali,35,02,05,004,35/02/05/004,"girim, pri. sch.",garun dole / garin alkali (ward: 05) - yobe
477,yobe,bursari,garun dole / garin alkali,35,02,05,002,35/02/05/002,garin alkali pri school,garun dole / garin alkali (ward: 05) - yobe
478,yobe,bursari,garun dole / garin alkali,35,02,05,008,35/02/05/008,mashayar gawo dandali,garun dole / garin alkali (ward: 05) - yobe
479,yobe,bursari,garun dole / garin alkali,35,02,05,001,35/02/05/001,"dogon marke, dandali kofar",garun dole / garin alkali (ward: 05) - yobe
480,yobe,bursari,garun dole / garin alkali,35,02,05,015,35/02/05/015,illaila dispensary,garun dole / garin alkali (ward: 05) - yobe
481,yobe,bursari,garun dole / garin alkali,35,02,05,007,35/02/05/007,"koromari,pri. sch.",garun dole / garin alkali (ward: 05) - yobe
482,yobe,bursari,guba,35,02,06,001,35/02/06/001,"dapso, pri. sch.",guba (ward: 06) - yobe
483,yobe,bursari,guba,35,02,06,004,35/02/06/004,"g.kabaju,dandali maigari",guba (ward: 06) - yobe
484,yobe,bursari,guba,35,02,06,008,35/02/06/008,"sunowa,dandali maigari",guba (ward: 06) - yobe
485,yobe,bursari,guba,35,02,06,005,35/02/06/005,"kankare, pri. sch.",guba (ward: 06) - yobe
486,yobe,bursari,guba,35,02,06,009,35/02/06/009,guba primary school ii,guba (ward: 06) - yobe
487,yobe,bursari,guba,35,02,06,007,35/02/06/007,"monguno, dandali maigari",guba (ward: 06) - yobe
488,yobe,bursari,guba,35,02,06,006,35/02/06/006,"marare, pri. sch.",guba (ward: 06) - yobe
489,yobe,bursari,guba,35,02,06,003,35/02/06/003,"guba, pri. sch.",guba (ward: 06) - yobe
490,yobe,bursari,guba,35,02,06,002,35/02/06/002,"gilbasu, pri. sch.",guba (ward: 06) - yobe
491,yobe,bursari,guji / metalari,35,02,07,008,35/02/07/008,"lawangirari, dandali maigari",guji / metalari (ward: 07) - yobe
492,yobe,bursari,guji / metalari,35,02,07,003,35/02/07/003,"ali ganari, dandali maigari",guji / metalari (ward: 07) - yobe
493,yobe,bursari,guji / metalari,35,02,07,005,35/02/07/005,"dajimi, kofar maigari",guji / metalari (ward: 07) - yobe
494,yobe,bursari,guji / metalari,35,02,07,004,35/02/07/004,"bururu, pri. sch.",guji / metalari (ward: 07) - yobe
495,yobe,bursari,guji / metalari,35,02,07,010,35/02/07/010,ajiri primary school ii,guji / metalari (ward: 07) - yobe
496,yobe,bursari,guji / metalari,35,02,07,006,35/02/07/006,"karasuwa, dandali maigari",guji / metalari (ward: 07) - yobe
497,yobe,bursari,guji / metalari,35,02,07,009,35/02/07/009,"makintari, pri. sch.",guji / metalari (ward: 07) - yobe
498,yobe,bursari,guji / metalari,35,02,07,001,35/02/07/001,"ajiri, pri. sch.",guji / metalari (ward: 07) - yobe
499,yobe,bursari,guji / metalari,35,02,07,002,35/02/07/002,"ajiri, goni muktar",guji / metalari (ward: 07) - yobe
500,yobe,bursari,guji / metalari,35,02,07,007,35/02/07/007,"kuchi-kuchiri, dandali maigari",guji / metalari (ward: 07) - yobe
501,yobe,bursari,guji / metalari,35,02,07,011,35/02/07/011,dajimi primary school,guji / metalari (ward: 07) - yobe
502,yobe,bursari,kaliyari,35,02,08,013,35/02/08/013,kakanderi primary school ii,kaliyari (ward: 08) - yobe
503,yobe,bursari,kaliyari,35,02,08,002,35/02/08/002,"bursari, dandali maigari",kaliyari (ward: 08) - yobe
504,yobe,bursari,kaliyari,35,02,08,014,35/02/08/014,kaliyari primary school ii,kaliyari (ward: 08) - yobe
505,yobe,bursari,kaliyari,35,02,08,008,35/02/08/008,"mal wuriya, pri. sch",kaliyari (ward: 08) - yobe
506,yobe,bursari,kaliyari,35,02,08,011,35/02/08/011,"warodi, pri. sch. ii",kaliyari (ward: 08) - yobe
507,yobe,bursari,kaliyari,35,02,08,006,35/02/08/006,"kakanderi, pri. sch.",kaliyari (ward: 08) - yobe
508,yobe,bursari,kaliyari,35,02,08,010,35/02/08/010,"warodi, pri. sch. i",kaliyari (ward: 08) - yobe
509,yobe,bursari,kaliyari,35,02,08,007,35/02/08/007,"kali yari, pri. sch.",kaliyari (ward: 08) - yobe
510,yobe,bursari,kaliyari,35,02,08,012,35/02/08/012,baya bade primary school ii,kaliyari (ward: 08) - yobe
511,yobe,bursari,kaliyari,35,02,08,004,35/02/08/004,"gamsawa, pri. sch.",kaliyari (ward: 08) - yobe
512,yobe,bursari,kaliyari,35,02,08,009,35/02/08/009,"tunga, dandali maigari",kaliyari (ward: 08) - yobe
513,yobe,bursari,kaliyari,35,02,08,003,35/02/08/003,"diga, pri. sch.",kaliyari (ward: 08) - yobe
514,yobe,bursari,kaliyari,35,02,08,005,35/02/08/005,"kaga dama, pri. sch.",kaliyari (ward: 08) - yobe
515,yobe,bursari,kaliyari,35,02,08,001,35/02/08/001,"baya bade, pri. sch.",kaliyari (ward: 08) - yobe
516,yobe,bursari,kurnawa,35,02,09,008,35/02/09/008,kurnawa phc,kurnawa (ward: 09) - yobe
517,yobe,bursari,kurnawa,35,02,09,005,35/02/09/005,"jafunori, dandali maigari",kurnawa (ward: 09) - yobe
518,yobe,bursari,kurnawa,35,02,09,002,35/02/09/002,abbari pri school ii.,kurnawa (ward: 09) - yobe
519,yobe,bursari,kurnawa,35,02,09,004,35/02/09/004,"garin boka, dandali maigari",kurnawa (ward: 09) - yobe
520,yobe,bursari,kurnawa,35,02,09,007,35/02/09/007,"ngarbuwa, dandali maigari",kurnawa (ward: 09) - yobe
521,yobe,bursari,kurnawa,35,02,09,003,35/02/09/003,"belemari, dandali maigari",kurnawa (ward: 09) - yobe
522,yobe,bursari,kurnawa,35,02,09,001,35/02/09/001,abbari pri school i.,kurnawa (ward: 09) - yobe
523,yobe,bursari,kurnawa,35,02,09,006,35/02/09/006,"kurnawa, pri. sch.",kurnawa (ward: 09) - yobe
524,yobe,bursari,masaba,35,02,10,003,35/02/10/003,"daskum, pri. sch.",masaba (ward: 10) - yobe
525,yobe,bursari,masaba,35,02,10,005,35/02/10/005,"dumburi, dispensary",masaba (ward: 10) - yobe
526,yobe,bursari,masaba,35,02,10,013,35/02/10/013,gadine primary school ii,masaba (ward: 10) - yobe
527,yobe,bursari,masaba,35,02,10,009,35/02/10/009,"masaba, pri. sch.",masaba (ward: 10) - yobe
528,yobe,bursari,masaba,35,02,10,012,35/02/10/012,dumburi primary school ii,masaba (ward: 10) - yobe
529,yobe,bursari,masaba,35,02,10,008,35/02/10/008,girwan pri school,masaba (ward: 10) - yobe
530,yobe,bursari,masaba,35,02,10,011,35/02/10/011,"masaba, sarikin pawa",masaba (ward: 10) - yobe
531,yobe,bursari,masaba,35,02,10,004,35/02/10/004,"dumburi , pri. sch.",masaba (ward: 10) - yobe
532,yobe,bursari,masaba,35,02,10,001,35/02/10/001,"dadigar, pri. sch.",masaba (ward: 10) - yobe
533,yobe,bursari,masaba,35,02,10,006,35/02/10/006,"gadine, pri. sch.",masaba (ward: 10) - yobe
534,yobe,bursari,masaba,35,02,10,015,35/02/10/015,masaba primary school ii,masaba (ward: 10) - yobe
535,yobe,bursari,masaba,35,02,10,010,35/02/10/010,"masaba, dispensary",masaba (ward: 10) - yobe
536,yobe,bursari,masaba,35,02,10,002,35/02/10/002,"dadigar, hausari ii",masaba (ward: 10) - yobe
537,yobe,bursari,masaba,35,02,10,007,35/02/10/007,"gangawa, pri. sch.",masaba (ward: 10) - yobe
538,yobe,bursari,masaba,35,02,10,014,35/02/10/014,gangawa primary school ii,masaba (ward: 10) - yobe
539,yobe,damaturu,bindigari/pawari,35,03,01,013,35/03/01/013,ali marami community school,bindigari/pawari (ward: 01) - yobe
540,yobe,damaturu,bindigari/pawari,35,03,01,023,35/03/01/023,bindigari layin fata,bindigari/pawari (ward: 01) - yobe
541,yobe,damaturu,bindigari/pawari,35,03,01,011,35/03/01/011,alhajeri borehole i,bindigari/pawari (ward: 01) - yobe
542,yobe,damaturu,bindigari/pawari,35,03,01,016,35/03/01/016,bindigari primary school ii,bindigari/pawari (ward: 01) - yobe
543,yobe,damaturu,bindigari/pawari,35,03,01,014,35/03/01/014,ali marami borehole,bindigari/pawari (ward: 01) - yobe
544,yobe,damaturu,bindigari/pawari,35,03,01,005,35/03/01/005,forestry/forestry office,bindigari/pawari (ward: 01) - yobe
545,yobe,damaturu,bindigari/pawari,35,03,01,018,35/03/01/018,bindigari primary school iv,bindigari/pawari (ward: 01) - yobe
546,yobe,damaturu,bindigari/pawari,35,03,01,025,35/03/01/025,hayas open space,bindigari/pawari (ward: 01) - yobe
547,yobe,damaturu,bindigari/pawari,35,03,01,019,35/03/01/019,fawari tsohon kwata,bindigari/pawari (ward: 01) - yobe
548,yobe,damaturu,bindigari/pawari,35,03,01,012,35/03/01/012,alhajere borehole ii,bindigari/pawari (ward: 01) - yobe
549,yobe,damaturu,bindigari/pawari,35,03,01,004,35/03/01/004,pawari open space,bindigari/pawari (ward: 01) - yobe
550,yobe,damaturu,bindigari/pawari,35,03,01,022,35/03/01/022,forestry clinic ii,bindigari/pawari (ward: 01) - yobe
551,yobe,damaturu,bindigari/pawari,35,03,01,021,35/03/01/021,forestry clinic i,bindigari/pawari (ward: 01) - yobe
552,yobe,damaturu,bindigari/pawari,35,03,01,028,35/03/01/028,bindigari gidan makafi,bindigari/pawari (ward: 01) - yobe
553,yobe,damaturu,bindigari/pawari,35,03,01,001,35/03/01/001,"alhajiri, alhajiri open space",bindigari/pawari (ward: 01) - yobe
554,yobe,damaturu,bindigari/pawari,35,03,01,029,35/03/01/029,zanna zakariya prim sch,bindigari/pawari (ward: 01) - yobe
555,yobe,damaturu,bindigari/pawari,35,03,01,031,35/03/01/031,g.s.s. damaturu,bindigari/pawari (ward: 01) - yobe
556,yobe,damaturu,bindigari/pawari,35,03,01,007,35/03/01/007,"hayas cinema, hayas cinema i",bindigari/pawari (ward: 01) - yobe
557,yobe,damaturu,bindigari/pawari,35,03,01,015,35/03/01/015,shehu hashimi primary school,bindigari/pawari (ward: 01) - yobe
558,yobe,damaturu,bindigari/pawari,35,03,01,008,35/03/01/008,l.e.a office / l.e.a office,bindigari/pawari (ward: 01) - yobe
559,yobe,damaturu,bindigari/pawari,35,03,01,026,35/03/01/026,yobe line gate,bindigari/pawari (ward: 01) - yobe
560,yobe,damaturu,bindigari/pawari,35,03,01,017,35/03/01/017,bindigari primary school iii,bindigari/pawari (ward: 01) - yobe
561,yobe,damaturu,bindigari/pawari,35,03,01,002,35/03/01/002,"ali marami, pri. sch.",bindigari/pawari (ward: 01) - yobe
562,yobe,damaturu,bindigari/pawari,35,03,01,010,35/03/01/010,state ministryof works,bindigari/pawari (ward: 01) - yobe
563,yobe,damaturu,bindigari/pawari,35,03,01,020,35/03/01/020,shagari community school,bindigari/pawari (ward: 01) - yobe
564,yobe,damaturu,bindigari/pawari,35,03,01,003,35/03/01/003,bindigari primary school,bindigari/pawari (ward: 01) - yobe
565,yobe,damaturu,bindigari/pawari,35,03,01,030,35/03/01/030,3 bedroom gsh road prim,bindigari/pawari (ward: 01) - yobe
566,yobe,damaturu,bindigari/pawari,35,03,01,027,35/03/01/027,runfan idirisa injin surfe,bindigari/pawari (ward: 01) - yobe
567,yobe,damaturu,bindigari/pawari,35,03,01,024,35/03/01/024,female police barrack,bindigari/pawari (ward: 01) - yobe
568,yobe,damaturu,bindigari/pawari,35,03,01,009,35/03/01/009,"rumfan idrisa, rumfan idris",bindigari/pawari (ward: 01) - yobe
569,yobe,damaturu,bindigari/pawari,35,03,01,006,35/03/01/006,"hayas cinema, hayas cinema ii",bindigari/pawari (ward: 01) - yobe
570,yobe,damaturu,damakasu,35,03,02,002,35/03/02/002,damakasu  dispensary /damakasu dispensary,damakasu (ward: 02) - yobe
571,yobe,damaturu,damakasu,35,03,02,004,35/03/02/004,"falari b. fandi,fandi's gate",damakasu (ward: 02) - yobe
572,yobe,damaturu,damakasu,35,03,02,005,35/03/02/005,kimeri/kimeri,damakasu (ward: 02) - yobe
573,yobe,damaturu,damakasu,35,03,02,003,35/03/02/003,"damakasu, pri. sch.",damakasu (ward: 02) - yobe
574,yobe,damaturu,damakasu,35,03,02,001,35/03/02/001,alhaji amodori /alh. modori,damakasu (ward: 02) - yobe
575,yobe,damaturu,damaturu central,35,03,03,026,35/03/03/026,ybc community school,damaturu central (ward: 03) - yobe
576,yobe,damaturu,damaturu central,35,03,03,019,35/03/03/019,alhaji male borehole ii,damaturu central (ward: 03) - yobe
577,yobe,damaturu,damaturu central,35,03,03,022,35/03/03/022,mairi dispensary ii,damaturu central (ward: 03) - yobe
578,yobe,damaturu,damaturu central,35,03,03,024,35/03/03/024,mairi area court ii,damaturu central (ward: 03) - yobe
579,yobe,damaturu,damaturu central,35,03,03,001,35/03/03/001,"abasha, kofar bulama",damaturu central (ward: 03) - yobe
580,yobe,damaturu,damaturu central,35,03,03,037,35/03/03/037,abba ibrahim borehole,damaturu central (ward: 03) - yobe
581,yobe,damaturu,damaturu central,35,03,03,042,35/03/03/042,besda bututu nasarawa,damaturu central (ward: 03) - yobe
582,yobe,damaturu,damaturu central,35,03,03,020,35/03/03/020,central prim sch ii,damaturu central (ward: 03) - yobe
583,yobe,damaturu,damaturu central,35,03,03,029,35/03/03/029,manu tella open space,damaturu central (ward: 03) - yobe
584,yobe,damaturu,damaturu central,35,03,03,030,35/03/03/030,babban tsangaya borehole  i,damaturu central (ward: 03) - yobe
585,yobe,damaturu,damaturu central,35,03,03,002,35/03/03/002,usman koriyel gate,damaturu central (ward: 03) - yobe
586,yobe,damaturu,damaturu central,35,03,03,025,35/03/03/025,mairi area court iii,damaturu central (ward: 03) - yobe
587,yobe,damaturu,damaturu central,35,03,03,041,35/03/03/041,college of nursing gate,damaturu central (ward: 03) - yobe
588,yobe,damaturu,damaturu central,35,03,03,013,35/03/03/013,water board gate,damaturu central (ward: 03) - yobe
589,yobe,damaturu,damaturu central,35,03,03,006,35/03/03/006,"mairi, area court office",damaturu central (ward: 03) - yobe
590,yobe,damaturu,damaturu central,35,03,03,035,35/03/03/035,malari borehole bayan store,damaturu central (ward: 03) - yobe
591,yobe,damaturu,damaturu central,35,03,03,044,35/03/03/044,reb open space i,damaturu central (ward: 03) - yobe
592,yobe,damaturu,damaturu central,35,03,03,011,35/03/03/011,gujba goni muktar pri sch,damaturu central (ward: 03) - yobe
593,yobe,damaturu,damaturu central,35,03,03,007,35/03/03/007,"mallam mattari, m.mattari",damaturu central (ward: 03) - yobe
594,yobe,damaturu,damaturu central,35,03,03,010,35/03/03/010,"motor park, motor park (in gate)",damaturu central (ward: 03) - yobe
595,yobe,damaturu,damaturu central,35,03,03,017,35/03/03/017,bayan nitel open space,damaturu central (ward: 03) - yobe
596,yobe,damaturu,damaturu central,35,03,03,004,35/03/03/004,"central, pri.sch. central pri. sch.",damaturu central (ward: 03) - yobe
597,yobe,damaturu,damaturu central,35,03,03,023,35/03/03/023,bayan gidan sarki,damaturu central (ward: 03) - yobe
598,yobe,damaturu,damaturu central,35,03,03,016,35/03/03/016,abasha kasuwan waya,damaturu central (ward: 03) - yobe
599,yobe,damaturu,damaturu central,35,03,03,033,35/03/03/033,goni muktar pri sch i,damaturu central (ward: 03) - yobe
600,yobe,damaturu,damaturu central,35,03,03,034,35/03/03/034,alansar community school,damaturu central (ward: 03) - yobe
601,yobe,damaturu,damaturu central,35,03,03,003,35/03/03/003,alhaji male gate,damaturu central (ward: 03) - yobe
602,yobe,damaturu,damaturu central,35,03,03,012,35/03/03/012,village head m. goni,damaturu central (ward: 03) - yobe
603,yobe,damaturu,damaturu central,35,03,03,038,35/03/03/038,village head transformer,damaturu central (ward: 03) - yobe
604,yobe,damaturu,damaturu central,35,03,03,009,35/03/03/009,"manu tela, babban tsangaya",damaturu central (ward: 03) - yobe
605,yobe,damaturu,damaturu central,35,03,03,018,35/03/03/018,alhaji male borehole i,damaturu central (ward: 03) - yobe
606,yobe,damaturu,damaturu central,35,03,03,021,35/03/03/021,central prim sch iii,damaturu central (ward: 03) - yobe
607,yobe,damaturu,damaturu central,35,03,03,028,35/03/03/028,manu tella borehole,damaturu central (ward: 03) - yobe
608,yobe,damaturu,damaturu central,35,03,03,027,35/03/03/027,obasanjo community school,damaturu central (ward: 03) - yobe
609,yobe,damaturu,damaturu central,35,03,03,036,35/03/03/036,abba ibrahim extension borehole,damaturu central (ward: 03) - yobe
610,yobe,damaturu,damaturu central,35,03,03,008,35/03/03/008,"manu tela,  manutela",damaturu central (ward: 03) - yobe
611,yobe,damaturu,damaturu central,35,03,03,043,35/03/03/043,nasarawa borehole,damaturu central (ward: 03) - yobe
612,yobe,damaturu,damaturu central,35,03,03,039,35/03/03/039,lowcost pri sch,damaturu central (ward: 03) - yobe
613,yobe,damaturu,damaturu central,35,03,03,015,35/03/03/015,abasha layin kwata,damaturu central (ward: 03) - yobe
614,yobe,damaturu,damaturu central,35,03,03,014,35/03/03/014,r.e.b. gate.,damaturu central (ward: 03) - yobe
615,yobe,damaturu,damaturu central,35,03,03,031,35/03/03/031,babban tsangaya borehole  ii,damaturu central (ward: 03) - yobe
616,yobe,damaturu,damaturu central,35,03,03,005,35/03/03/005,"mairi,mairi dispensary",damaturu central (ward: 03) - yobe
617,yobe,damaturu,damaturu central,35,03,03,040,35/03/03/040,jerusalem borehole,damaturu central (ward: 03) - yobe
618,yobe,damaturu,damaturu central,35,03,03,032,35/03/03/032,motor park (outgate),damaturu central (ward: 03) - yobe
619,yobe,damaturu,gambir/maduri,35,03,04,006,35/03/04/006,maduri borehole opposite "b" division,gambir/maduri (ward: 04) - yobe
620,yobe,damaturu,gambir/maduri,35,03,04,004,35/03/04/004,"mustiri,mustiri",gambir/maduri (ward: 04) - yobe
621,yobe,damaturu,gambir/maduri,35,03,04,005,35/03/04/005,"usmanti,usmanti",gambir/maduri (ward: 04) - yobe
622,yobe,damaturu,gambir/maduri,35,03,04,002,35/03/04/002,"kafitilowa,kafitilowa",gambir/maduri (ward: 04) - yobe
623,yobe,damaturu,gambir/maduri,35,03,04,001,35/03/04/001,"gambir , gambir pri. sch.",gambir/maduri (ward: 04) - yobe
624,yobe,damaturu,gambir/maduri,35,03,04,003,35/03/04/003,"maduri, maduri",gambir/maduri (ward: 04) - yobe
625,yobe,damaturu,gambir/maduri,35,03,04,007,35/03/04/007,maduri main borehole,gambir/maduri (ward: 04) - yobe
626,yobe,damaturu,kalallawa/gabai,35,03,05,004,35/03/05/004,"kalallawa,kalallawa  dispensary",kalallawa/gabai (ward: 05) - yobe
627,yobe,damaturu,kalallawa/gabai,35,03,05,008,35/03/05/008,sindiri dispensary,kalallawa/gabai (ward: 05) - yobe
628,yobe,damaturu,kalallawa/gabai,35,03,05,009,35/03/05/009,jolowa borehole,kalallawa/gabai (ward: 05) - yobe
629,yobe,damaturu,kalallawa/gabai,35,03,05,006,35/03/05/006,tumbel tumbel open space,kalallawa/gabai (ward: 05) - yobe
630,yobe,damaturu,kalallawa/gabai,35,03,05,007,35/03/05/007,"mangari,mangari open space",kalallawa/gabai (ward: 05) - yobe
631,yobe,damaturu,kalallawa/gabai,35,03,05,005,35/03/05/005,"mandinari , mandinari bulama's gate",kalallawa/gabai (ward: 05) - yobe
632,yobe,damaturu,kalallawa/gabai,35,03,05,003,35/03/05/003,"kalallawa,kalallawa pri. sch.",kalallawa/gabai (ward: 05) - yobe
633,yobe,damaturu,kalallawa/gabai,35,03,05,002,35/03/05/002,gabai primary school,kalallawa/gabai (ward: 05) - yobe
634,yobe,damaturu,kalallawa/gabai,35,03,05,001,35/03/05/001,"dusuwa kangol,dusuwa kangol",kalallawa/gabai (ward: 05) - yobe
635,yobe,damaturu,kukareta/warsala,35,03,06,008,35/03/06/008,kukareta viewing centre,kukareta/warsala (ward: 06) - yobe
636,yobe,damaturu,kukareta/warsala,35,03,06,009,35/03/06/009,kukareta pri. sch. ii,kukareta/warsala (ward: 06) - yobe
637,yobe,damaturu,kukareta/warsala,35,03,06,007,35/03/06/007,"warsala,warsala pri. sch.",kukareta/warsala (ward: 06) - yobe
638,yobe,damaturu,kukareta/warsala,35,03,06,006,35/03/06/006,"tumur m. tubo,tumur m.tubo",kukareta/warsala (ward: 06) - yobe
639,yobe,damaturu,kukareta/warsala,35,03,06,004,35/03/06/004,"ladan musari , ladan musari's gate",kukareta/warsala (ward: 06) - yobe
640,yobe,damaturu,kukareta/warsala,35,03,06,010,35/03/06/010,kukareta pri. sch  iii,kukareta/warsala (ward: 06) - yobe
641,yobe,damaturu,kukareta/warsala,35,03,06,001,35/03/06/001,"dabugu,dabugu open space",kukareta/warsala (ward: 06) - yobe
642,yobe,damaturu,kukareta/warsala,35,03,06,005,35/03/06/005,goni usman gate,kukareta/warsala (ward: 06) - yobe
643,yobe,damaturu,kukareta/warsala,35,03,06,003,35/03/06/003,"kukareta,pri. sch.",kukareta/warsala (ward: 06) - yobe
644,yobe,damaturu,kukareta/warsala,35,03,06,002,35/03/06/002,"kukareta, dispensary",kukareta/warsala (ward: 06) - yobe
645,yobe,damaturu,maisandari/waziri ibrahim estate,35,03,07,001,35/03/07/001,"federal polytechnic, fed-poly dispensary",maisandari/waziri ibrahim estate (ward: 07) - yobe
646,yobe,damaturu,maisandari/waziri ibrahim estate,35,03,07,009,35/03/07/009,don etibet prim school,maisandari/waziri ibrahim estate (ward: 07) - yobe
647,yobe,damaturu,maisandari/waziri ibrahim estate,35,03,07,011,35/03/07/011,benkalio one bedroom borehole,maisandari/waziri ibrahim estate (ward: 07) - yobe
648,yobe,damaturu,maisandari/waziri ibrahim estate,35,03,07,010,35/03/07/010,benkalio community prim sch,maisandari/waziri ibrahim estate (ward: 07) - yobe
649,yobe,damaturu,maisandari/waziri ibrahim estate,35,03,07,002,35/03/07/002,"fuguri,fuguri pri. sch.",maisandari/waziri ibrahim estate (ward: 07) - yobe
650,yobe,damaturu,maisandari/waziri ibrahim estate,35,03,07,004,35/03/07/004,"maisandari , maisandari pri. sch.",maisandari/waziri ibrahim estate (ward: 07) - yobe
651,yobe,damaturu,maisandari/waziri ibrahim estate,35,03,07,015,35/03/07/015,maisandari main borehole,maisandari/waziri ibrahim estate (ward: 07) - yobe
652,yobe,damaturu,maisandari/waziri ibrahim estate,35,03,07,006,35/03/07/006,"waziri ibrahim est, at estate pri. sch.",maisandari/waziri ibrahim estate (ward: 07) - yobe
653,yobe,damaturu,maisandari/waziri ibrahim estate,35,03,07,008,35/03/07/008,formwan prim school,maisandari/waziri ibrahim estate (ward: 07) - yobe
654,yobe,damaturu,maisandari/waziri ibrahim estate,35,03,07,007,35/03/07/007,model primary school,maisandari/waziri ibrahim estate (ward: 07) - yobe
655,yobe,damaturu,maisandari/waziri ibrahim estate,35,03,07,003,35/03/07/003,"ben .kalio housing,kalio bus stop",maisandari/waziri ibrahim estate (ward: 07) - yobe
656,yobe,damaturu,maisandari/waziri ibrahim estate,35,03,07,016,35/03/07/016,maisandari makabarta,maisandari/waziri ibrahim estate (ward: 07) - yobe
657,yobe,damaturu,maisandari/waziri ibrahim estate,35,03,07,005,35/03/07/005,ngaborowa pri school,maisandari/waziri ibrahim estate (ward: 07) - yobe
658,yobe,damaturu,maisandari/waziri ibrahim estate,35,03,07,013,35/03/07/013,maisandari dispensary,maisandari/waziri ibrahim estate (ward: 07) - yobe
659,yobe,damaturu,maisandari/waziri ibrahim estate,35,03,07,012,35/03/07/012,"3 bedroom maiduguri road, pri. sch",maisandari/waziri ibrahim estate (ward: 07) - yobe
660,yobe,damaturu,maisandari/waziri ibrahim estate,35,03,07,019,35/03/07/019,waziri ibrahim main borehole,maisandari/waziri ibrahim estate (ward: 07) - yobe
661,yobe,damaturu,maisandari/waziri ibrahim estate,35,03,07,014,35/03/07/014,unguwan fulani borehole,maisandari/waziri ibrahim estate (ward: 07) - yobe
662,yobe,damaturu,maisandari/waziri ibrahim estate,35,03,07,017,35/03/07/017,waziri ibrahim extension borehole,maisandari/waziri ibrahim estate (ward: 07) - yobe
663,yobe,damaturu,maisandari/waziri ibrahim estate,35,03,07,018,35/03/07/018,waziri ibrahim community school,maisandari/waziri ibrahim estate (ward: 07) - yobe
664,yobe,damaturu,murfa kalam,35,03,08,007,35/03/08/007,dikumari borehole bakin kasuwa,murfa kalam (ward: 08) - yobe
665,yobe,damaturu,murfa kalam,35,03,08,009,35/03/08/009,yobe state university gate,murfa kalam (ward: 08) - yobe
666,yobe,damaturu,murfa kalam,35,03,08,011,35/03/08/011,sabon garin murfa borehole,murfa kalam (ward: 08) - yobe
667,yobe,damaturu,murfa kalam,35,03,08,001,35/03/08/001,dikumari pri school,murfa kalam (ward: 08) - yobe
668,yobe,damaturu,murfa kalam,35,03,08,003,35/03/08/003,dungurum d. open space,murfa kalam (ward: 08) - yobe
669,yobe,damaturu,murfa kalam,35,03,08,005,35/03/08/005,"murfa, murfa kalam pri. sch.",murfa kalam (ward: 08) - yobe
670,yobe,damaturu,murfa kalam,35,03,08,004,35/03/08/004,kasaisa k. open space,murfa kalam (ward: 08) - yobe
671,yobe,damaturu,murfa kalam,35,03,08,008,35/03/08/008,dikumari borehole bakin hanya,murfa kalam (ward: 08) - yobe
672,yobe,damaturu,murfa kalam,35,03,08,006,35/03/08/006,s. gari murfa tsangaya k.bulama,murfa kalam (ward: 08) - yobe
673,yobe,damaturu,murfa kalam,35,03,08,002,35/03/08/002,dumbulwa open space,murfa kalam (ward: 08) - yobe
674,yobe,damaturu,murfa kalam,35,03,08,010,35/03/08/010,murfa kalam dispensary,murfa kalam (ward: 08) - yobe
675,yobe,damaturu,nayinawa,35,03,09,032,35/03/09/032,kandahar resque borehole,nayinawa (ward: 09) - yobe
676,yobe,damaturu,nayinawa,35,03,09,031,35/03/09/031,nayinawa layin makabarta borehole,nayinawa (ward: 09) - yobe
677,yobe,damaturu,nayinawa,35,03,09,036,35/03/09/036,tukuban akawu viewing centre,nayinawa (ward: 09) - yobe
678,yobe,damaturu,nayinawa,35,03,09,025,35/03/09/025,nayinawa borehole bayan mass,nayinawa (ward: 09) - yobe
679,yobe,damaturu,nayinawa,35,03,09,015,35/03/09/015,bulama talba ii,nayinawa (ward: 09) - yobe
680,yobe,damaturu,nayinawa,35,03,09,022,35/03/09/022,sani daura clinic,nayinawa (ward: 09) - yobe
681,yobe,damaturu,nayinawa,35,03,09,014,35/03/09/014,bulama shettimari ii,nayinawa (ward: 09) - yobe
682,yobe,damaturu,nayinawa,35,03,09,026,35/03/09/026,nayi nawa open space,nayinawa (ward: 09) - yobe
683,yobe,damaturu,nayinawa,35,03,09,011,35/03/09/011,bulama modu ii,nayinawa (ward: 09) - yobe
684,yobe,damaturu,nayinawa,35,03,09,020,35/03/09/020,abbari borehole gudama layout,nayinawa (ward: 09) - yobe
685,yobe,damaturu,nayinawa,35,03,09,028,35/03/09/028,nayinawa dispensary,nayinawa (ward: 09) - yobe
686,yobe,damaturu,nayinawa,35,03,09,039,35/03/09/039,medical store gate,nayinawa (ward: 09) - yobe
687,yobe,damaturu,nayinawa,35,03,09,023,35/03/09/023,nayi nawa borehole,nayinawa (ward: 09) - yobe
688,yobe,damaturu,nayinawa,35,03,09,018,35/03/09/018,bulama shuwa borehole,nayinawa (ward: 09) - yobe
689,yobe,damaturu,nayinawa,35,03,09,003,35/03/09/003,"bulama talba,bulama talba gate",nayinawa (ward: 09) - yobe
690,yobe,damaturu,nayinawa,35,03,09,033,35/03/09/033,tsamiyan lilo ii,nayinawa (ward: 09) - yobe
691,yobe,damaturu,nayinawa,35,03,09,027,35/03/09/027,nayinawa prim. sch ii,nayinawa (ward: 09) - yobe
692,yobe,damaturu,nayinawa,35,03,09,037,35/03/09/037,tukubar akawu open space ii,nayinawa (ward: 09) - yobe
693,yobe,damaturu,nayinawa,35,03,09,038,35/03/09/038,veterinary clinic ii,nayinawa (ward: 09) - yobe
694,yobe,damaturu,nayinawa,35,03,09,034,35/03/09/034,tsamiyan lilo borehole,nayinawa (ward: 09) - yobe
695,yobe,damaturu,nayinawa,35,03,09,012,35/03/09/012,bulama modu iii,nayinawa (ward: 09) - yobe
696,yobe,damaturu,nayinawa,35,03,09,030,35/03/09/030,nayinawa makabarta junction,nayinawa (ward: 09) - yobe
697,yobe,damaturu,nayinawa,35,03,09,029,35/03/09/029,nayinawa tsallaken borehole,nayinawa (ward: 09) - yobe
698,yobe,damaturu,nayinawa,35,03,09,019,35/03/09/019,abbari pri. school,nayinawa (ward: 09) - yobe
699,yobe,damaturu,nayinawa,35,03,09,009,35/03/09/009,tukuban akawu open space,nayinawa (ward: 09) - yobe
700,yobe,damaturu,nayinawa,35,03,09,017,35/03/09/017,ibrahim abatcha pri. school ii,nayinawa (ward: 09) - yobe
701,yobe,damaturu,nayinawa,35,03,09,024,35/03/09/024,nayi nawa borehole  bakin gada,nayinawa (ward: 09) - yobe
702,yobe,damaturu,nayinawa,35,03,09,021,35/03/09/021,sani daura byepass junction,nayinawa (ward: 09) - yobe
703,yobe,damaturu,nayinawa,35,03,09,013,35/03/09/013,bulama shettimari borehole,nayinawa (ward: 09) - yobe
704,yobe,damaturu,nayinawa,35,03,09,001,35/03/09/001,"bulama modu, modu's gate",nayinawa (ward: 09) - yobe
705,yobe,damaturu,nayinawa,35,03,09,010,35/03/09/010,"veterinary clinic, veterinary",nayinawa (ward: 09) - yobe
706,yobe,damaturu,nayinawa,35,03,09,008,35/03/09/008,"tsamiyan lilo,tsamiyan lilo",nayinawa (ward: 09) - yobe
707,yobe,damaturu,nayinawa,35,03,09,007,35/03/09/007,nayinawa tsallake open space,nayinawa (ward: 09) - yobe
708,yobe,damaturu,nayinawa,35,03,09,035,35/03/09/035,bayan modern market,nayinawa (ward: 09) - yobe
709,yobe,damaturu,nayinawa,35,03,09,016,35/03/09/016,bulama talba iii,nayinawa (ward: 09) - yobe
710,yobe,damaturu,nayinawa,35,03,09,006,35/03/09/006,"nayi nawa pri. sch, nayi nawa pri. sch.",nayinawa (ward: 09) - yobe
711,yobe,damaturu,nayinawa,35,03,09,004,35/03/09/004,"ibrahim abacha housing estate, housing est. pri. sch.",nayinawa (ward: 09) - yobe
712,yobe,damaturu,nayinawa,35,03,09,002,35/03/09/002,b.s kofar bulama shetimari,nayinawa (ward: 09) - yobe
713,yobe,damaturu,nayinawa,35,03,09,005,35/03/09/005,nayinawa bore hole open space,nayinawa (ward: 09) - yobe
714,yobe,damaturu,njiwaji/gwange,35,03,10,006,35/03/10/006,"njiwaji pri. sch, pri. sch i",njiwaji/gwange (ward: 10) - yobe
715,yobe,damaturu,njiwaji/gwange,35,03,10,012,35/03/10/012,gwange layin makabarta open space,njiwaji/gwange (ward: 10) - yobe
716,yobe,damaturu,njiwaji/gwange,35,03,10,007,35/03/10/007,"njiwaji pri. sch, pri. sch ii",njiwaji/gwange (ward: 10) - yobe
717,yobe,damaturu,njiwaji/gwange,35,03,10,008,35/03/10/008,"injiwaji layout,k/massalaci r.",njiwaji/gwange (ward: 10) - yobe
718,yobe,damaturu,njiwaji/gwange,35,03,10,004,35/03/10/004,"maternity clinic,clinic",njiwaji/gwange (ward: 10) - yobe
719,yobe,damaturu,njiwaji/gwange,35,03,10,001,35/03/10/001,"bulama kurma, kurma's gate",njiwaji/gwange (ward: 10) - yobe
720,yobe,damaturu,njiwaji/gwange,35,03,10,017,35/03/10/017,behind timber shed,njiwaji/gwange (ward: 10) - yobe
721,yobe,damaturu,njiwaji/gwange,35,03,10,016,35/03/10/016,mass and literacy agency,njiwaji/gwange (ward: 10) - yobe
722,yobe,damaturu,njiwaji/gwange,35,03,10,010,35/03/10/010,bulama kurma open space,njiwaji/gwange (ward: 10) - yobe
723,yobe,damaturu,njiwaji/gwange,35,03,10,003,35/03/10/003,fire service office,njiwaji/gwange (ward: 10) - yobe
724,yobe,damaturu,njiwaji/gwange,35,03,10,026,35/03/10/026,sabon fegi tsohon borehole,njiwaji/gwange (ward: 10) - yobe
725,yobe,damaturu,njiwaji/gwange,35,03,10,029,35/03/10/029,pompomari pri. school,njiwaji/gwange (ward: 10) - yobe
726,yobe,damaturu,njiwaji/gwange,35,03,10,024,35/03/10/024,"njiwaji pri, school iii",njiwaji/gwange (ward: 10) - yobe
727,yobe,damaturu,njiwaji/gwange,35,03,10,030,35/03/10/030,media trust borehole,njiwaji/gwange (ward: 10) - yobe
728,yobe,damaturu,njiwaji/gwange,35,03,10,009,35/03/10/009,pompomari bore hole o.s,njiwaji/gwange (ward: 10) - yobe
729,yobe,damaturu,njiwaji/gwange,35,03,10,002,35/03/10/002,"bulama kurma, kulloma's gate",njiwaji/gwange (ward: 10) - yobe
730,yobe,damaturu,njiwaji/gwange,35,03,10,025,35/03/10/025,phase i gate,njiwaji/gwange (ward: 10) - yobe
731,yobe,damaturu,njiwaji/gwange,35,03,10,023,35/03/10/023,njiwaji  pri. school gate,njiwaji/gwange (ward: 10) - yobe
732,yobe,damaturu,njiwaji/gwange,35,03,10,032,35/03/10/032,pompomari bakin rami bore hole,njiwaji/gwange (ward: 10) - yobe
733,yobe,damaturu,njiwaji/gwange,35,03,10,031,35/03/10/031,pompomari bulama musa bore hole,njiwaji/gwange (ward: 10) - yobe
734,yobe,damaturu,njiwaji/gwange,35,03,10,015,35/03/10/015,magistrate court gate,njiwaji/gwange (ward: 10) - yobe
735,yobe,damaturu,njiwaji/gwange,35,03,10,013,35/03/10/013,kulloma open space,njiwaji/gwange (ward: 10) - yobe
736,yobe,damaturu,njiwaji/gwange,35,03,10,019,35/03/10/019,mai adamu street,njiwaji/gwange (ward: 10) - yobe
737,yobe,damaturu,njiwaji/gwange,35,03,10,020,35/03/10/020,hayatul islamiya school,njiwaji/gwange (ward: 10) - yobe
738,yobe,damaturu,njiwaji/gwange,35,03,10,021,35/03/10/021,modu fadkema ii,njiwaji/gwange (ward: 10) - yobe
739,yobe,damaturu,njiwaji/gwange,35,03,10,022,35/03/10/022,njiwaji  football field borehole,njiwaji/gwange (ward: 10) - yobe
740,yobe,damaturu,njiwaji/gwange,35,03,10,028,35/03/10/028,wayan poly borehole,njiwaji/gwange (ward: 10) - yobe
741,yobe,damaturu,njiwaji/gwange,35,03,10,033,35/03/10/033,yan nguru bore hole,njiwaji/gwange (ward: 10) - yobe
742,yobe,damaturu,njiwaji/gwange,35,03,10,014,35/03/10/014,sabon fegi khadija borehole,njiwaji/gwange (ward: 10) - yobe
743,yobe,damaturu,njiwaji/gwange,35,03,10,005,35/03/10/005,"modu fadkema,modu fadkema's gate",njiwaji/gwange (ward: 10) - yobe
744,yobe,damaturu,njiwaji/gwange,35,03,10,018,35/03/10/018,maternity clinic borehole,njiwaji/gwange (ward: 10) - yobe
745,yobe,damaturu,njiwaji/gwange,35,03,10,027,35/03/10/027,a.a baffa junction,njiwaji/gwange (ward: 10) - yobe
746,yobe,damaturu,njiwaji/gwange,35,03,10,011,35/03/10/011,bulama kurma borehole,njiwaji/gwange (ward: 10) - yobe
747,yobe,damaturu,sasawa/kabaru,35,03,11,001,35/03/11/001,fulo ngomari,sasawa/kabaru (ward: 11) - yobe
748,yobe,damaturu,sasawa/kabaru,35,03,11,013,35/03/11/013,sasawa  pri. sch ii,sasawa/kabaru (ward: 11) - yobe
749,yobe,damaturu,sasawa/kabaru,35,03,11,009,35/03/11/009,yettimari open space,sasawa/kabaru (ward: 11) - yobe
750,yobe,damaturu,sasawa/kabaru,35,03,11,012,35/03/11/012,dabukururi open space,sasawa/kabaru (ward: 11) - yobe
751,yobe,damaturu,sasawa/kabaru,35,03,11,007,35/03/11/007,"tungusa goni usman,goni usman's gate",sasawa/kabaru (ward: 11) - yobe
752,yobe,damaturu,sasawa/kabaru,35,03,11,006,35/03/11/006,sungul buduwa open space,sasawa/kabaru (ward: 11) - yobe
753,yobe,damaturu,sasawa/kabaru,35,03,11,010,35/03/11/010,"zaramiri b. abacha,abacha's gate",sasawa/kabaru (ward: 11) - yobe
754,yobe,damaturu,sasawa/kabaru,35,03,11,008,35/03/11/008,tungusa open space,sasawa/kabaru (ward: 11) - yobe
755,yobe,damaturu,sasawa/kabaru,35,03,11,004,35/03/11/004,"musamiri b. fandi,fand's gate",sasawa/kabaru (ward: 11) - yobe
756,yobe,damaturu,sasawa/kabaru,35,03,11,005,35/03/11/005,"sasawa, pri. sch.",sasawa/kabaru (ward: 11) - yobe
757,yobe,damaturu,sasawa/kabaru,35,03,11,003,35/03/11/003,"kabaru.kabaru, pri. sch.",sasawa/kabaru (ward: 11) - yobe
758,yobe,damaturu,sasawa/kabaru,35,03,11,002,35/03/11/002,"goni mastafari,goni mustafa's gate",sasawa/kabaru (ward: 11) - yobe
759,yobe,damaturu,sasawa/kabaru,35,03,11,011,35/03/11/011,ari ashemiri open space,sasawa/kabaru (ward: 11) - yobe
760,yobe,fune,abakire / ngenlshengele / shamka,35,05,01,006,35/05/01/006,"garin baushe  , pri. sch.",abakire / ngenlshengele / shamka (ward: 01) - yobe
761,yobe,fune,abakire / ngenlshengele / shamka,35,05,01,015,35/05/01/015,"walkere ,  pri. sch.",abakire / ngenlshengele / shamka (ward: 01) - yobe
762,yobe,fune,abakire / ngenlshengele / shamka,35,05,01,013,35/05/01/013,shilowa kofar bulama,abakire / ngenlshengele / shamka (ward: 01) - yobe
763,yobe,fune,abakire / ngenlshengele / shamka,35,05,01,002,35/05/01/002,"abakire ,  pri. sch.",abakire / ngenlshengele / shamka (ward: 01) - yobe
764,yobe,fune,abakire / ngenlshengele / shamka,35,05,01,004,35/05/01/004,belon kofar bulama,abakire / ngenlshengele / shamka (ward: 01) - yobe
765,yobe,fune,abakire / ngenlshengele / shamka,35,05,01,005,35/05/01/005,"garin baushe,  pri. sch.",abakire / ngenlshengele / shamka (ward: 01) - yobe
766,yobe,fune,abakire / ngenlshengele / shamka,35,05,01,018,35/05/01/018,ngelshengele primary school ii,abakire / ngenlshengele / shamka (ward: 01) - yobe
767,yobe,fune,abakire / ngenlshengele / shamka,35,05,01,012,35/05/01/012,shamka kofar bulama,abakire / ngenlshengele / shamka (ward: 01) - yobe
768,yobe,fune,abakire / ngenlshengele / shamka,35,05,01,003,35/05/01/003,bare kuri kofar bulama,abakire / ngenlshengele / shamka (ward: 01) - yobe
769,yobe,fune,abakire / ngenlshengele / shamka,35,05,01,008,35/05/01/008,lamido gombe k/bulama,abakire / ngenlshengele / shamka (ward: 01) - yobe
770,yobe,fune,abakire / ngenlshengele / shamka,35,05,01,019,35/05/01/019,shamka kofar bulama ii,abakire / ngenlshengele / shamka (ward: 01) - yobe
771,yobe,fune,abakire / ngenlshengele / shamka,35,05,01,009,35/05/01/009,"ngelmodoru , pri. sch.",abakire / ngenlshengele / shamka (ward: 01) - yobe
772,yobe,fune,abakire / ngenlshengele / shamka,35,05,01,011,35/05/01/011,"ngelshe ngele  , pri. sch.",abakire / ngenlshengele / shamka (ward: 01) - yobe
773,yobe,fune,abakire / ngenlshengele / shamka,35,05,01,001,35/05/01/001,"abakire ,  pri. sch.",abakire / ngenlshengele / shamka (ward: 01) - yobe
774,yobe,fune,abakire / ngenlshengele / shamka,35,05,01,014,35/05/01/014,"suddande, pri.  sch.",abakire / ngenlshengele / shamka (ward: 01) - yobe
775,yobe,fune,abakire / ngenlshengele / shamka,35,05,01,007,35/05/01/007,jauro gako kofar bulama,abakire / ngenlshengele / shamka (ward: 01) - yobe
776,yobe,fune,abakire / ngenlshengele / shamka,35,05,01,017,35/05/01/017,abakire primary school  ii,abakire / ngenlshengele / shamka (ward: 01) - yobe
777,yobe,fune,abakire / ngenlshengele / shamka,35,05,01,010,35/05/01/010,"ngelshe ngele , pri. sch.",abakire / ngenlshengele / shamka (ward: 01) - yobe
778,yobe,fune,abakire / ngenlshengele / shamka,35,05,01,016,35/05/01/016,yaskawal kofar bulama,abakire / ngenlshengele / shamka (ward: 01) - yobe
779,yobe,fune,alagarno,35,05,02,004,35/05/02/004,"lawanti ,  pri. sch.",alagarno (ward: 02) - yobe
780,yobe,fune,alagarno,35,05,02,002,35/05/02/002,"bulama a. wada ,  market stall",alagarno (ward: 02) - yobe
781,yobe,fune,alagarno,35,05,02,003,35/05/02/003,fulatamari kofar bulama,alagarno (ward: 02) - yobe
782,yobe,fune,alagarno,35,05,02,005,35/05/02/005,lawanti transformer,alagarno (ward: 02) - yobe
783,yobe,fune,alagarno,35,05,02,001,35/05/02/001,agirwa pri school,alagarno (ward: 02) - yobe
784,yobe,fune,borno kiji/ngarho/bebbende,35,05,03,014,35/05/03/014,borno kiji clinic ii,borno kiji/ngarho/bebbende (ward: 03) - yobe
785,yobe,fune,borno kiji/ngarho/bebbende,35,05,03,011,35/05/03/011,bindigi primary school ii,borno kiji/ngarho/bebbende (ward: 03) - yobe
786,yobe,fune,borno kiji/ngarho/bebbende,35,05,03,004,35/05/03/004,"borno,  kiji pri. sch.",borno kiji/ngarho/bebbende (ward: 03) - yobe
787,yobe,fune,borno kiji/ngarho/bebbende,35,05,03,006,35/05/03/006,bummitammi kofar bulama,borno kiji/ngarho/bebbende (ward: 03) - yobe
788,yobe,fune,borno kiji/ngarho/bebbende,35,05,03,002,35/05/03/002,"bebbende, pri. sch.",borno kiji/ngarho/bebbende (ward: 03) - yobe
789,yobe,fune,borno kiji/ngarho/bebbende,35,05,03,003,35/05/03/003,"bindigi  , pri. sch.",borno kiji/ngarho/bebbende (ward: 03) - yobe
790,yobe,fune,borno kiji/ngarho/bebbende,35,05,03,010,35/05/03/010,palidachi kofar bulama,borno kiji/ngarho/bebbende (ward: 03) - yobe
791,yobe,fune,borno kiji/ngarho/bebbende,35,05,03,008,35/05/03/008,lamido juli kofar bulama,borno kiji/ngarho/bebbende (ward: 03) - yobe
792,yobe,fune,borno kiji/ngarho/bebbende,35,05,03,005,35/05/03/005,"borno,  kiji pri. sch.",borno kiji/ngarho/bebbende (ward: 03) - yobe
793,yobe,fune,borno kiji/ngarho/bebbende,35,05,03,001,35/05/03/001,adore kofar bulama,borno kiji/ngarho/bebbende (ward: 03) - yobe
794,yobe,fune,borno kiji/ngarho/bebbende,35,05,03,012,35/05/03/012,bindigi clinic,borno kiji/ngarho/bebbende (ward: 03) - yobe
795,yobe,fune,borno kiji/ngarho/bebbende,35,05,03,013,35/05/03/013,borno kiji clinic i,borno kiji/ngarho/bebbende (ward: 03) - yobe
796,yobe,fune,borno kiji/ngarho/bebbende,35,05,03,007,35/05/03/007,jauro h.waje k/bulama,borno kiji/ngarho/bebbende (ward: 03) - yobe
797,yobe,fune,borno kiji/ngarho/bebbende,35,05,03,009,35/05/03/009,ngel kol kofar bulama,borno kiji/ngarho/bebbende (ward: 03) - yobe
798,yobe,fune,damagum town,35,05,04,015,35/05/04/015,anguwar dutsi bakin kasuwa,damagum town (ward: 04) - yobe
799,yobe,fune,damagum town,35,05,04,026,35/05/04/026,damagum central primary school iii,damagum town (ward: 04) - yobe
800,yobe,fune,damagum town,35,05,04,032,35/05/04/032,tsangaya school sabon gari,damagum town (ward: 04) - yobe
801,yobe,fune,damagum town,35,05,04,006,35/05/04/006,"bakin kasuwa, kofar s. aska i",damagum town (ward: 04) - yobe
802,yobe,fune,damagum town,35,05,04,025,35/05/04/025,government day junior secondary school damagum,damagum town (ward: 04) - yobe
803,yobe,fune,damagum town,35,05,04,019,35/05/04/019,bakati sharia court i,damagum town (ward: 04) - yobe
804,yobe,fune,damagum town,35,05,04,022,35/05/04/022,kofar tafida (open space),damagum town (ward: 04) - yobe
805,yobe,fune,damagum town,35,05,04,003,35/05/04/003,"anguwar dutsi, market stall store",damagum town (ward: 04) - yobe
806,yobe,fune,damagum town,35,05,04,001,35/05/04/001,"anguwar kuka, kofar m.hudu i",damagum town (ward: 04) - yobe
807,yobe,fune,damagum town,35,05,04,020,35/05/04/020,bakati sharia court ii,damagum town (ward: 04) - yobe
808,yobe,fune,damagum town,35,05,04,014,35/05/04/014,anguwar dutsi bakin rijiya,damagum town (ward: 04) - yobe
809,yobe,fune,damagum town,35,05,04,027,35/05/04/027,nursery school damagum,damagum town (ward: 04) - yobe
810,yobe,fune,damagum town,35,05,04,007,35/05/04/007,"bakin kasuwa, kofar s. aska ii",damagum town (ward: 04) - yobe
811,yobe,fune,damagum town,35,05,04,028,35/05/04/028,indabo tsamiya (open space),damagum town (ward: 04) - yobe
812,yobe,fune,damagum town,35,05,04,012,35/05/04/012,anguwar kukatsangaya open space,damagum town (ward: 04) - yobe
813,yobe,fune,damagum town,35,05,04,013,35/05/04/013,damagum primary healh care,damagum town (ward: 04) - yobe
814,yobe,fune,damagum town,35,05,04,031,35/05/04/031,damagum cinema ii,damagum town (ward: 04) - yobe
815,yobe,fune,damagum town,35,05,04,011,35/05/04/011,anguwar kuka open space,damagum town (ward: 04) - yobe
816,yobe,fune,damagum town,35,05,04,010,35/05/04/010,"sabon gari, noa's office",damagum town (ward: 04) - yobe
817,yobe,fune,damagum town,35,05,04,030,35/05/04/030,damagum cinema i,damagum town (ward: 04) - yobe
818,yobe,fune,damagum town,35,05,04,021,35/05/04/021,kofar mai doki (open space),damagum town (ward: 04) - yobe
819,yobe,fune,damagum town,35,05,04,009,35/05/04/009,"damagum , central pri. sch. ii",damagum town (ward: 04) - yobe
820,yobe,fune,damagum town,35,05,04,008,35/05/04/008,"damagum , central pri. sch. i",damagum town (ward: 04) - yobe
821,yobe,fune,damagum town,35,05,04,023,35/05/04/023,layin alfarma bread (open space),damagum town (ward: 04) - yobe
822,yobe,fune,damagum town,35,05,04,005,35/05/04/005,"bakati s. gari ,  co-operative store ii",damagum town (ward: 04) - yobe
823,yobe,fune,damagum town,35,05,04,018,35/05/04/018,dogon rijiya primary school ii,damagum town (ward: 04) - yobe
824,yobe,fune,damagum town,35,05,04,024,35/05/04/024,layin jado (open space),damagum town (ward: 04) - yobe
825,yobe,fune,damagum town,35,05,04,002,35/05/04/002,"anguwar kuka, kofar m.hudu ii",damagum town (ward: 04) - yobe
826,yobe,fune,damagum town,35,05,04,029,35/05/04/029,state low-cost bakin borehole,damagum town (ward: 04) - yobe
827,yobe,fune,damagum town,35,05,04,016,35/05/04/016,bakati water board,damagum town (ward: 04) - yobe
828,yobe,fune,damagum town,35,05,04,004,35/05/04/004,"bakati s. gari ,co-operative store i",damagum town (ward: 04) - yobe
829,yobe,fune,damagum town,35,05,04,017,35/05/04/017,dogon rijiya primary school i,damagum town (ward: 04) - yobe
830,yobe,fune,daura/bulanyiwa/dubbul/bauwa,35,05,05,012,35/05/05/012,dubbol primary school iii,daura/bulanyiwa/dubbul/bauwa (ward: 05) - yobe
831,yobe,fune,daura/bulanyiwa/dubbul/bauwa,35,05,05,011,35/05/05/011,daura primary school ii,daura/bulanyiwa/dubbul/bauwa (ward: 05) - yobe
832,yobe,fune,daura/bulanyiwa/dubbul/bauwa,35,05,05,013,35/05/05/013,dubbol dispensary,daura/bulanyiwa/dubbul/bauwa (ward: 05) - yobe
833,yobe,fune,daura/bulanyiwa/dubbul/bauwa,35,05,05,007,35/05/05/007,"daura, bank of the north",daura/bulanyiwa/dubbul/bauwa (ward: 05) - yobe
834,yobe,fune,daura/bulanyiwa/dubbul/bauwa,35,05,05,004,35/05/05/004,"bulanyiwa,  pri. sch. i",daura/bulanyiwa/dubbul/bauwa (ward: 05) - yobe
835,yobe,fune,daura/bulanyiwa/dubbul/bauwa,35,05,05,005,35/05/05/005,"bulanyiwa,  pri. sch. ii",daura/bulanyiwa/dubbul/bauwa (ward: 05) - yobe
836,yobe,fune,daura/bulanyiwa/dubbul/bauwa,35,05,05,002,35/05/05/002,bauwa 'i' kofar bulama,daura/bulanyiwa/dubbul/bauwa (ward: 05) - yobe
837,yobe,fune,daura/bulanyiwa/dubbul/bauwa,35,05,05,006,35/05/05/006,"daura , pri. sch.",daura/bulanyiwa/dubbul/bauwa (ward: 05) - yobe
838,yobe,fune,daura/bulanyiwa/dubbul/bauwa,35,05,05,003,35/05/05/003,bauwa 'ii' kofar bulama,daura/bulanyiwa/dubbul/bauwa (ward: 05) - yobe
839,yobe,fune,daura/bulanyiwa/dubbul/bauwa,35,05,05,001,35/05/05/001,alangefe kofar bulama,daura/bulanyiwa/dubbul/bauwa (ward: 05) - yobe
840,yobe,fune,daura/bulanyiwa/dubbul/bauwa,35,05,05,009,35/05/05/009,"dubbol, pri. sch. ii",daura/bulanyiwa/dubbul/bauwa (ward: 05) - yobe
841,yobe,fune,daura/bulanyiwa/dubbul/bauwa,35,05,05,010,35/05/05/010,suru kofar bulama,daura/bulanyiwa/dubbul/bauwa (ward: 05) - yobe
842,yobe,fune,daura/bulanyiwa/dubbul/bauwa,35,05,05,008,35/05/05/008,"dubbol, pri. sch. i",daura/bulanyiwa/dubbul/bauwa (ward: 05) - yobe
843,yobe,fune,dogon kuka/gishiwari/gununu,35,05,06,018,35/05/06/018,dogon kuka tsangaya open space,dogon kuka/gishiwari/gununu (ward: 06) - yobe
844,yobe,fune,dogon kuka/gishiwari/gununu,35,05,06,015,35/05/06/015,gununu market stall store,dogon kuka/gishiwari/gununu (ward: 06) - yobe
845,yobe,fune,dogon kuka/gishiwari/gununu,35,05,06,003,35/05/06/003,dogon kuka pri school,dogon kuka/gishiwari/gununu (ward: 06) - yobe
846,yobe,fune,dogon kuka/gishiwari/gununu,35,05,06,002,35/05/06/002,dogon kuka kofar bulama,dogon kuka/gishiwari/gununu (ward: 06) - yobe
847,yobe,fune,dogon kuka/gishiwari/gununu,35,05,06,013,35/05/06/013,walkatu kofar bulama,dogon kuka/gishiwari/gununu (ward: 06) - yobe
848,yobe,fune,dogon kuka/gishiwari/gununu,35,05,06,020,35/05/06/020,dira kofar bulama,dogon kuka/gishiwari/gununu (ward: 06) - yobe
849,yobe,fune,dogon kuka/gishiwari/gununu,35,05,06,006,35/05/06/006,galtai kofar bulama,dogon kuka/gishiwari/gununu (ward: 06) - yobe
850,yobe,fune,dogon kuka/gishiwari/gununu,35,05,06,005,35/05/06/005,gadafowa kofar bulama,dogon kuka/gishiwari/gununu (ward: 06) - yobe
851,yobe,fune,dogon kuka/gishiwari/gununu,35,05,06,016,35/05/06/016,dogon kuka wakilti open space,dogon kuka/gishiwari/gununu (ward: 06) - yobe
852,yobe,fune,dogon kuka/gishiwari/gununu,35,05,06,011,35/05/06/011,ngam dare kofar bulama,dogon kuka/gishiwari/gununu (ward: 06) - yobe
853,yobe,fune,dogon kuka/gishiwari/gununu,35,05,06,017,35/05/06/017,dogon kuka dispensary,dogon kuka/gishiwari/gununu (ward: 06) - yobe
854,yobe,fune,dogon kuka/gishiwari/gununu,35,05,06,012,35/05/06/012,"sabon garin idi barde, pri. sch.",dogon kuka/gishiwari/gununu (ward: 06) - yobe
855,yobe,fune,dogon kuka/gishiwari/gununu,35,05,06,014,35/05/06/014,sabon garin idi barde viewing centre,dogon kuka/gishiwari/gununu (ward: 06) - yobe
856,yobe,fune,dogon kuka/gishiwari/gununu,35,05,06,010,35/05/06/010,"ningi, pri. sch.",dogon kuka/gishiwari/gununu (ward: 06) - yobe
857,yobe,fune,dogon kuka/gishiwari/gununu,35,05,06,007,35/05/06/007,"gishiwari,  pri. sch.",dogon kuka/gishiwari/gununu (ward: 06) - yobe
858,yobe,fune,dogon kuka/gishiwari/gununu,35,05,06,008,35/05/06/008,"gubana,  pri. sch.",dogon kuka/gishiwari/gununu (ward: 06) - yobe
859,yobe,fune,dogon kuka/gishiwari/gununu,35,05,06,004,35/05/06/004,"dumza, bakin rijiya",dogon kuka/gishiwari/gununu (ward: 06) - yobe
860,yobe,fune,dogon kuka/gishiwari/gununu,35,05,06,019,35/05/06/019,gubana dispensary,dogon kuka/gishiwari/gununu (ward: 06) - yobe
861,yobe,fune,dogon kuka/gishiwari/gununu,35,05,06,009,35/05/06/009,"gununu, pri. sch.",dogon kuka/gishiwari/gununu (ward: 06) - yobe
862,yobe,fune,dogon kuka/gishiwari/gununu,35,05,06,001,35/05/06/001,"dogon kuka, market stall i",dogon kuka/gishiwari/gununu (ward: 06) - yobe
863,yobe,fune,fune/ngelzarma/milbiyar/lawan kalam,35,05,07,018,35/05/07/018,anguwar kuka borehole,fune/ngelzarma/milbiyar/lawan kalam (ward: 07) - yobe
864,yobe,fune,fune/ngelzarma/milbiyar/lawan kalam,35,05,07,007,35/05/07/007,kujiyel bakin rijiya,fune/ngelzarma/milbiyar/lawan kalam (ward: 07) - yobe
865,yobe,fune,fune/ngelzarma/milbiyar/lawan kalam,35,05,07,010,35/05/07/010,"lili, pri. sch. i",fune/ngelzarma/milbiyar/lawan kalam (ward: 07) - yobe
866,yobe,fune,fune/ngelzarma/milbiyar/lawan kalam,35,05,07,017,35/05/07/017,anguwar kuka adjacent dispensary,fune/ngelzarma/milbiyar/lawan kalam (ward: 07) - yobe
867,yobe,fune,fune/ngelzarma/milbiyar/lawan kalam,35,05,07,020,35/05/07/020,anguwar arewa (open space),fune/ngelzarma/milbiyar/lawan kalam (ward: 07) - yobe
868,yobe,fune,fune/ngelzarma/milbiyar/lawan kalam,35,05,07,003,35/05/07/003,anguwan  kuka pri school,fune/ngelzarma/milbiyar/lawan kalam (ward: 07) - yobe
869,yobe,fune,fune/ngelzarma/milbiyar/lawan kalam,35,05,07,009,35/05/07/009,"lawan kalam, bulama gate",fune/ngelzarma/milbiyar/lawan kalam (ward: 07) - yobe
870,yobe,fune,fune/ngelzarma/milbiyar/lawan kalam,35,05,07,012,35/05/07/012,lili kofar sarki,fune/ngelzarma/milbiyar/lawan kalam (ward: 07) - yobe
871,yobe,fune,fune/ngelzarma/milbiyar/lawan kalam,35,05,07,013,35/05/07/013,mallam ya'u kofar bulama,fune/ngelzarma/milbiyar/lawan kalam (ward: 07) - yobe
872,yobe,fune,fune/ngelzarma/milbiyar/lawan kalam,35,05,07,019,35/05/07/019,bulama mustapha open space,fune/ngelzarma/milbiyar/lawan kalam (ward: 07) - yobe
873,yobe,fune,fune/ngelzarma/milbiyar/lawan kalam,35,05,07,004,35/05/07/004,bulama mustapha dispensary i,fune/ngelzarma/milbiyar/lawan kalam (ward: 07) - yobe
874,yobe,fune,fune/ngelzarma/milbiyar/lawan kalam,35,05,07,023,35/05/07/023,fune market stall,fune/ngelzarma/milbiyar/lawan kalam (ward: 07) - yobe
875,yobe,fune,fune/ngelzarma/milbiyar/lawan kalam,35,05,07,015,35/05/07/015,mil-biyar s.garin bukar,fune/ngelzarma/milbiyar/lawan kalam (ward: 07) - yobe
876,yobe,fune,fune/ngelzarma/milbiyar/lawan kalam,35,05,07,014,35/05/07/014,"mil biyar, pri. sch.",fune/ngelzarma/milbiyar/lawan kalam (ward: 07) - yobe
877,yobe,fune,fune/ngelzarma/milbiyar/lawan kalam,35,05,07,008,35/05/07/008,lawan kalam k/bulama,fune/ngelzarma/milbiyar/lawan kalam (ward: 07) - yobe
878,yobe,fune,fune/ngelzarma/milbiyar/lawan kalam,35,05,07,011,35/05/07/011,"lili , pri. sch. ii",fune/ngelzarma/milbiyar/lawan kalam (ward: 07) - yobe
879,yobe,fune,fune/ngelzarma/milbiyar/lawan kalam,35,05,07,002,35/05/07/002,anguwan kuka kofar bulama,fune/ngelzarma/milbiyar/lawan kalam (ward: 07) - yobe
880,yobe,fune,fune/ngelzarma/milbiyar/lawan kalam,35,05,07,021,35/05/07/021,malam yau bakin kasuwa,fune/ngelzarma/milbiyar/lawan kalam (ward: 07) - yobe
881,yobe,fune,fune/ngelzarma/milbiyar/lawan kalam,35,05,07,022,35/05/07/022,lili new market stall,fune/ngelzarma/milbiyar/lawan kalam (ward: 07) - yobe
882,yobe,fune,fune/ngelzarma/milbiyar/lawan kalam,35,05,07,005,35/05/07/005,bulama mustapha dispensary ii,fune/ngelzarma/milbiyar/lawan kalam (ward: 07) - yobe
883,yobe,fune,fune/ngelzarma/milbiyar/lawan kalam,35,05,07,006,35/05/07/006,fune primary school,fune/ngelzarma/milbiyar/lawan kalam (ward: 07) - yobe
884,yobe,fune,fune/ngelzarma/milbiyar/lawan kalam,35,05,07,016,35/05/07/016,sheriri kofar bulama,fune/ngelzarma/milbiyar/lawan kalam (ward: 07) - yobe
885,yobe,fune,fune/ngelzarma/milbiyar/lawan kalam,35,05,07,001,35/05/07/001,"anuguwar kuka, dispensary",fune/ngelzarma/milbiyar/lawan kalam (ward: 07) - yobe
886,yobe,fune,gaba tasha/aigada/dumbulwa,35,05,08,015,35/05/08/015,joringel kadirawa kofar bulama,gaba tasha/aigada/dumbulwa (ward: 08) - yobe
887,yobe,fune,gaba tasha/aigada/dumbulwa,35,05,08,008,35/05/08/008,nyakiren tsanya kofar bulama,gaba tasha/aigada/dumbulwa (ward: 08) - yobe
888,yobe,fune,gaba tasha/aigada/dumbulwa,35,05,08,009,35/05/08/009,saleran gindin tsamiya k/mai ung,gaba tasha/aigada/dumbulwa (ward: 08) - yobe
889,yobe,fune,gaba tasha/aigada/dumbulwa,35,05,08,003,35/05/08/003,"dumbulwa, pri. sch.",gaba tasha/aigada/dumbulwa (ward: 08) - yobe
890,yobe,fune,gaba tasha/aigada/dumbulwa,35,05,08,011,35/05/08/011,gaba tasha islamiyya,gaba tasha/aigada/dumbulwa (ward: 08) - yobe
891,yobe,fune,gaba tasha/aigada/dumbulwa,35,05,08,013,35/05/08/013,ibrahim gaba govt. sci. sec school ii,gaba tasha/aigada/dumbulwa (ward: 08) - yobe
892,yobe,fune,gaba tasha/aigada/dumbulwa,35,05,08,001,35/05/08/001,"aigada mai kasuwa, pri. sch.",gaba tasha/aigada/dumbulwa (ward: 08) - yobe
893,yobe,fune,gaba tasha/aigada/dumbulwa,35,05,08,005,35/05/08/005,"ibrahim gaba, g.s.s",gaba tasha/aigada/dumbulwa (ward: 08) - yobe
894,yobe,fune,gaba tasha/aigada/dumbulwa,35,05,08,002,35/05/08/002,aigada mai gishiwa k/bulama,gaba tasha/aigada/dumbulwa (ward: 08) - yobe
895,yobe,fune,gaba tasha/aigada/dumbulwa,35,05,08,004,35/05/08/004,"gaba tasha, pri. sch.",gaba tasha/aigada/dumbulwa (ward: 08) - yobe
896,yobe,fune,gaba tasha/aigada/dumbulwa,35,05,08,006,35/05/08/006,"joringel zoto, zoto pri. sch.",gaba tasha/aigada/dumbulwa (ward: 08) - yobe
897,yobe,fune,gaba tasha/aigada/dumbulwa,35,05,08,007,35/05/08/007,joringel zoto kofar bulama,gaba tasha/aigada/dumbulwa (ward: 08) - yobe
898,yobe,fune,gaba tasha/aigada/dumbulwa,35,05,08,010,35/05/08/010,aigada mai kasuwa market stall,gaba tasha/aigada/dumbulwa (ward: 08) - yobe
899,yobe,fune,gaba tasha/aigada/dumbulwa,35,05,08,012,35/05/08/012,gaba tasha dispensary,gaba tasha/aigada/dumbulwa (ward: 08) - yobe
900,yobe,fune,gaba tasha/aigada/dumbulwa,35,05,08,016,35/05/08/016,maltumba primary school,gaba tasha/aigada/dumbulwa (ward: 08) - yobe
901,yobe,fune,gaba tasha/aigada/dumbulwa,35,05,08,014,35/05/08/014,ibrahim gaba govt. sci. sec school iii,gaba tasha/aigada/dumbulwa (ward: 08) - yobe
902,yobe,fune,gudugurka/marmar i,35,05,09,012,35/05/09/012,dufuna health centre ii,gudugurka/marmar  i (ward: 09) - yobe
903,yobe,fune,gudugurka/marmar i,35,05,09,011,35/05/09/011,dufuna primary school ii,gudugurka/marmar  i (ward: 09) - yobe
904,yobe,fune,gudugurka/marmar i,35,05,09,001,35/05/09/001,rigim kofar bulama,gudugurka/marmar  i (ward: 09) - yobe
905,yobe,fune,gudugurka/marmar i,35,05,09,006,35/05/09/006,"gudugurka , pri. sch.",gudugurka/marmar  i (ward: 09) - yobe
906,yobe,fune,gudugurka/marmar i,35,05,09,013,35/05/09/013,jajibirawa kofar bulama ii,gudugurka/marmar  i (ward: 09) - yobe
907,yobe,fune,gudugurka/marmar i,35,05,09,010,35/05/09/010,rigim kofar bulama,gudugurka/marmar  i (ward: 09) - yobe
908,yobe,fune,gudugurka/marmar i,35,05,09,009,35/05/09/009,marimari. pri. sch.,gudugurka/marmar  i (ward: 09) - yobe
909,yobe,fune,gudugurka/marmar i,35,05,09,008,35/05/09/008,rigim kofar bulama,gudugurka/marmar  i (ward: 09) - yobe
910,yobe,fune,gudugurka/marmar i,35,05,09,007,35/05/09/007,gurungu bakin.rijiya,gudugurka/marmar  i (ward: 09) - yobe
911,yobe,fune,gudugurka/marmar i,35,05,09,005,35/05/09/005,gremari.bakin rijiya,gudugurka/marmar  i (ward: 09) - yobe
912,yobe,fune,gudugurka/marmar i,35,05,09,004,35/05/09/004,g.wakili.bakin rijiya,gudugurka/marmar  i (ward: 09) - yobe
913,yobe,fune,gudugurka/marmar i,35,05,09,003,35/05/09/003,"dufuna ,health.centre",gudugurka/marmar  i (ward: 09) - yobe
914,yobe,fune,gudugurka/marmar i,35,05,09,014,35/05/09/014,marimari primary school ii,gudugurka/marmar  i (ward: 09) - yobe
915,yobe,fune,gudugurka/marmar i,35,05,09,002,35/05/09/002,"dufuna ,  pri. sch.",gudugurka/marmar  i (ward: 09) - yobe
916,yobe,fune,jajere/banellewa/babbare,35,05,10,014,35/05/10/014,shidol kofar bulama,jajere/banellewa/babbare (ward: 10) - yobe
917,yobe,fune,jajere/banellewa/babbare,35,05,10,009,35/05/10/009,katotiyel kofar bulama,jajere/banellewa/babbare (ward: 10) - yobe
918,yobe,fune,jajere/banellewa/babbare,35,05,10,010,35/05/10/010,kurfawa ayuba kofar bulama,jajere/banellewa/babbare (ward: 10) - yobe
919,yobe,fune,jajere/banellewa/babbare,35,05,10,005,35/05/10/005,"dawaya,  pri. sch.",jajere/banellewa/babbare (ward: 10) - yobe
920,yobe,fune,jajere/banellewa/babbare,35,05,10,013,35/05/10/013,nkoljalaje kofar bulama,jajere/banellewa/babbare (ward: 10) - yobe
921,yobe,fune,jajere/banellewa/babbare,35,05,10,008,35/05/10/008,gayeje kofar bulama,jajere/banellewa/babbare (ward: 10) - yobe
922,yobe,fune,jajere/banellewa/babbare,35,05,10,011,35/05/10/011,"lawanti, pri. sch",jajere/banellewa/babbare (ward: 10) - yobe
923,yobe,fune,jajere/banellewa/babbare,35,05,10,006,35/05/10/006,doikwal kofar bulama,jajere/banellewa/babbare (ward: 10) - yobe
924,yobe,fune,jajere/banellewa/babbare,35,05,10,007,35/05/10/007,dugel kofar bulama,jajere/banellewa/babbare (ward: 10) - yobe
925,yobe,fune,jajere/banellewa/babbare,35,05,10,016,35/05/10/016,"tsagayar tudu, vetrinary clinic",jajere/banellewa/babbare (ward: 10) - yobe
926,yobe,fune,jajere/banellewa/babbare,35,05,10,020,35/05/10/020,sabon gari bank of the north a,jajere/banellewa/babbare (ward: 10) - yobe
927,yobe,fune,jajere/banellewa/babbare,35,05,10,004,35/05/10/004,bangitare kofar bulama,jajere/banellewa/babbare (ward: 10) - yobe
928,yobe,fune,jajere/banellewa/babbare,35,05,10,001,35/05/10/001,"anguwar ngoridi,  dispensary",jajere/banellewa/babbare (ward: 10) - yobe
929,yobe,fune,jajere/banellewa/babbare,35,05,10,003,35/05/10/003,"banalawa, pri. sch.",jajere/banellewa/babbare (ward: 10) - yobe
930,yobe,fune,jajere/banellewa/babbare,35,05,10,015,35/05/10/015,"shobbunga, bulama gate",jajere/banellewa/babbare (ward: 10) - yobe
931,yobe,fune,jajere/banellewa/babbare,35,05,10,019,35/05/10/019,lawanti primary school iii,jajere/banellewa/babbare (ward: 10) - yobe
932,yobe,fune,jajere/banellewa/babbare,35,05,10,018,35/05/10/018,banalewa primary school ii,jajere/banellewa/babbare (ward: 10) - yobe
933,yobe,fune,jajere/banellewa/babbare,35,05,10,017,35/05/10/017,anguwar ngordi dispensary ii,jajere/banellewa/babbare (ward: 10) - yobe
934,yobe,fune,jajere/banellewa/babbare,35,05,10,002,35/05/10/002,"babbare j. buba,  pri. sch.",jajere/banellewa/babbare (ward: 10) - yobe
935,yobe,fune,jajere/banellewa/babbare,35,05,10,021,35/05/10/021,sabon gari bank of the north b,jajere/banellewa/babbare (ward: 10) - yobe
936,yobe,fune,jajere/banellewa/babbare,35,05,10,012,35/05/10/012,"lawanti , pri. sch",jajere/banellewa/babbare (ward: 10) - yobe
937,yobe,fune,jajere/banellewa/babbare,35,05,10,022,35/05/10/022,gamji primary school,jajere/banellewa/babbare (ward: 10) - yobe
938,yobe,fune,kayeri,35,05,11,009,35/05/11/009,"shami katuwa, pri. sch.",kayeri (ward: 11) - yobe
939,yobe,fune,kayeri,35,05,11,002,35/05/11/002,"amar chiya,  pri. sch.",kayeri (ward: 11) - yobe
940,yobe,fune,kayeri,35,05,11,016,35/05/11/016,kayeri primary school ii,kayeri (ward: 11) - yobe
941,yobe,fune,kayeri,35,05,11,007,35/05/11/007,"kasara kuma, pri. sch.",kayeri (ward: 11) - yobe
942,yobe,fune,kayeri,35,05,11,015,35/05/11/015,anguwar madu health centre iii,kayeri (ward: 11) - yobe
943,yobe,fune,kayeri,35,05,11,004,35/05/11/004,dogon kuka \b\"  pri. sch.",kayeri (ward: 11) - yobe
944,yobe,fune,kayeri,35,05,11,010,35/05/11/010,"taiyu,  pri. sch",kayeri (ward: 11) - yobe
945,yobe,fune,kayeri,35,05,11,011,35/05/11/011,jauro kuka kofar bulama,kayeri (ward: 11) - yobe
946,yobe,fune,kayeri,35,05,11,013,35/05/11/013,tello bangaje pri school,kayeri (ward: 11) - yobe
947,yobe,fune,kayeri,35,05,11,008,35/05/11/008,"kasara kuma, pri. sch.",kayeri (ward: 11) - yobe
948,yobe,fune,kayeri,35,05,11,003,35/05/11/003,"daya,  pri. sch.",kayeri (ward: 11) - yobe
949,yobe,fune,kayeri,35,05,11,012,35/05/11/012,watiwani kofar bulama,kayeri (ward: 11) - yobe
950,yobe,fune,kayeri,35,05,11,014,35/05/11/014,anguwar madu health centre ii,kayeri (ward: 11) - yobe
951,yobe,fune,kayeri,35,05,11,001,35/05/11/001,ang modu health centre,kayeri (ward: 11) - yobe
952,yobe,fune,kayeri,35,05,11,017,35/05/11/017,kayeri govt day junior sec. school,kayeri (ward: 11) - yobe
953,yobe,fune,kayeri,35,05,11,005,35/05/11/005,jauro kuliya kofar bulama,kayeri (ward: 11) - yobe
954,yobe,fune,kayeri,35,05,11,006,35/05/11/006,"kayeri, pri. sch.",kayeri (ward: 11) - yobe
955,yobe,fune,kollere/kafaje,35,05,12,013,35/05/12/013,kollere clinic ii,kollere/kafaje (ward: 12) - yobe
956,yobe,fune,kollere/kafaje,35,05,12,004,35/05/12/004,"d/g/gkila, pri. sch.",kollere/kafaje (ward: 12) - yobe
957,yobe,fune,kollere/kafaje,35,05,12,009,35/05/12/009,"kolere, pri. sch.",kollere/kafaje (ward: 12) - yobe
958,yobe,fune,kollere/kafaje,35,05,12,002,35/05/12/002,aigada j. abdul kofar bulama,kollere/kafaje (ward: 12) - yobe
959,yobe,fune,kollere/kafaje,35,05,12,018,35/05/12/018,garin kila primary school ii,kollere/kafaje (ward: 12) - yobe
960,yobe,fune,kollere/kafaje,35,05,12,011,35/05/12/011,"kafaje , pri. sch.",kollere/kafaje (ward: 12) - yobe
961,yobe,fune,kollere/kafaje,35,05,12,010,35/05/12/010,"kolere,  clinic",kollere/kafaje (ward: 12) - yobe
962,yobe,fune,kollere/kafaje,35,05,12,008,35/05/12/008,gadama mallam k/bulama,kollere/kafaje (ward: 12) - yobe
963,yobe,fune,kollere/kafaje,35,05,12,003,35/05/12/003,"balarabe ,pri. sch.",kollere/kafaje (ward: 12) - yobe
964,yobe,fune,kollere/kafaje,35,05,12,006,35/05/12/006,"garin kyari,  pri. sch.",kollere/kafaje (ward: 12) - yobe
965,yobe,fune,kollere/kafaje,35,05,12,015,35/05/12/015,kollere primary school ii,kollere/kafaje (ward: 12) - yobe
966,yobe,fune,kollere/kafaje,35,05,12,012,35/05/12/012,nosa kofar bulama,kollere/kafaje (ward: 12) - yobe
967,yobe,fune,kollere/kafaje,35,05,12,001,35/05/12/001,aigada b. bazam kofar bulama,kollere/kafaje (ward: 12) - yobe
968,yobe,fune,kollere/kafaje,35,05,12,016,35/05/12/016,balarabe primary school ii,kollere/kafaje (ward: 12) - yobe
969,yobe,fune,kollere/kafaje,35,05,12,007,35/05/12/007,"garin tuje, pri. sch.",kollere/kafaje (ward: 12) - yobe
970,yobe,fune,kollere/kafaje,35,05,12,005,35/05/12/005,dumowal kofar bulama,kollere/kafaje (ward: 12) - yobe
971,yobe,fune,kollere/kafaje,35,05,12,017,35/05/12/017,kafaje clinic,kollere/kafaje (ward: 12) - yobe
972,yobe,fune,kollere/kafaje,35,05,12,014,35/05/12/014,kollere clinic iii,kollere/kafaje (ward: 12) - yobe
973,yobe,fune,mashio,35,05,13,010,35/05/13/010,gaskira l.shehu k/bulama,mashio (ward: 13) - yobe
974,yobe,fune,mashio,35,05,13,015,35/05/13/015,kashanga kofar bulama,mashio (ward: 13) - yobe
975,yobe,fune,mashio,35,05,13,008,35/05/13/008,dodiwa kofar bulama,mashio (ward: 13) - yobe
976,yobe,fune,mashio,35,05,13,026,35/05/13/026,sauda kofar bulama,mashio (ward: 13) - yobe
977,yobe,fune,mashio,35,05,13,025,35/05/13/025,sutande kofar bulama,mashio (ward: 13) - yobe
978,yobe,fune,mashio,35,05,13,019,35/05/13/019,"koibula, pri. sch.",mashio (ward: 13) - yobe
979,yobe,fune,mashio,35,05,13,017,35/05/13/017,kare mai gagare kofar bulama,mashio (ward: 13) - yobe
980,yobe,fune,mashio,35,05,13,027,35/05/13/027,mashio market stall,mashio (ward: 13) - yobe
981,yobe,fune,mashio,35,05,13,024,35/05/13/024,ngelwande kofra bulama,mashio (ward: 13) - yobe
982,yobe,fune,mashio,35,05,13,002,35/05/13/002,baya banza kofar bulama,mashio (ward: 13) - yobe
983,yobe,fune,mashio,35,05,13,009,35/05/13/009,dusuwa kofar bulama,mashio (ward: 13) - yobe
984,yobe,fune,mashio,35,05,13,001,35/05/13/001,bagana kofar bulama,mashio (ward: 13) - yobe
985,yobe,fune,mashio,35,05,13,014,35/05/13/014,jangam garu kofar bulama,mashio (ward: 13) - yobe
986,yobe,fune,mashio,35,05,13,018,35/05/13/018,koriyel kofar bulama,mashio (ward: 13) - yobe
987,yobe,fune,mashio,35,05,13,028,35/05/13/028,bulama kurmi kofar bulama,mashio (ward: 13) - yobe
988,yobe,fune,mashio,35,05,13,016,35/05/13/016,kazalma kofar bulama,mashio (ward: 13) - yobe
989,yobe,fune,mashio,35,05,13,021,35/05/13/021,ngelkoreji kofar bulama,mashio (ward: 13) - yobe
990,yobe,fune,mashio,35,05,13,003,35/05/13/003,"bamshanga, pri. sch.",mashio (ward: 13) - yobe
991,yobe,fune,mashio,35,05,13,029,35/05/13/029,mashio clinic,mashio (ward: 13) - yobe
992,yobe,fune,mashio,35,05,13,023,35/05/13/023,"ngelkoreji, bakin rijiya",mashio (ward: 13) - yobe
993,yobe,fune,mashio,35,05,13,011,35/05/13/011,"dumbulwa,  pri. sch.",mashio (ward: 13) - yobe
994,yobe,fune,mashio,35,05,13,013,35/05/13/013,jauro birau kofar bulama,mashio (ward: 13) - yobe
995,yobe,fune,mashio,35,05,13,020,35/05/13/020,kwarawan pri school,mashio (ward: 13) - yobe
996,yobe,fune,mashio,35,05,13,007,35/05/13/007,bulakawa kofar bulama,mashio (ward: 13) - yobe
997,yobe,fune,mashio,35,05,13,004,35/05/13/004,"bamshanga,  pri. sch.",mashio (ward: 13) - yobe
998,yobe,fune,mashio,35,05,13,005,35/05/13/005,bulama madore k/bulama 'i',mashio (ward: 13) - yobe
999,yobe,fune,mashio,35,05,13,006,35/05/13/006,bulama madore k/bulama 'ii',mashio (ward: 13) - yobe
1000,yobe,fune,mashio,35,05,13,012,35/05/13/012,jauro bodori k/bulama,mashio (ward: 13) - yobe
1001,yobe,fune,mashio,35,05,13,022,35/05/13/022,"murba m. ali,  pri. sch.",mashio (ward: 13) - yobe
1002,yobe,geidam,asheikri,35,06,01,007,35/06/01/007,mustapha wanzan,asheikri (ward: 01) - yobe
1003,yobe,geidam,asheikri,35,06,01,005,35/06/01/005,"goniri , pri. sch.",asheikri (ward: 01) - yobe
1004,yobe,geidam,asheikri,35,06,01,004,35/06/01/004,"fulatari, bulama gate",asheikri (ward: 01) - yobe
1005,yobe,geidam,asheikri,35,06,01,003,35/06/01/003,"fannamiri, fannamiri gate",asheikri (ward: 01) - yobe
1006,yobe,geidam,asheikri,35,06,01,002,35/06/01/002,"fannamiri.ngadala,  pri. sch.",asheikri (ward: 01) - yobe
1007,yobe,geidam,asheikri,35,06,01,018,35/06/01/018,mustapha wanzam central pri. school iv,asheikri (ward: 01) - yobe
1008,yobe,geidam,asheikri,35,06,01,006,35/06/01/006,"lawan bakurari, water board",asheikri (ward: 01) - yobe
1009,yobe,geidam,asheikri,35,06,01,011,35/06/01/011,fannamiri pri. school ii,asheikri (ward: 01) - yobe
1010,yobe,geidam,asheikri,35,06,01,009,35/06/01/009,"usman kolorima, maiunguwa's gate",asheikri (ward: 01) - yobe
1011,yobe,geidam,asheikri,35,06,01,019,35/06/01/019,usman kolorima  mai anguwa gate ii,asheikri (ward: 01) - yobe
1012,yobe,geidam,asheikri,35,06,01,008,35/06/01/008,"sunomari, sunomari",asheikri (ward: 01) - yobe
1013,yobe,geidam,asheikri,35,06,01,017,35/06/01/017,mustapha wanzam central pri. school iii,asheikri (ward: 01) - yobe
1014,yobe,geidam,asheikri,35,06,01,013,35/06/01/013,fannamiri pri. school iv,asheikri (ward: 01) - yobe
1015,yobe,geidam,asheikri,35,06,01,010,35/06/01/010,"alhaji maigari ,viewing centre ii",asheikri (ward: 01) - yobe
1016,yobe,geidam,asheikri,35,06,01,012,35/06/01/012,fannamiri pri. school iii,asheikri (ward: 01) - yobe
1017,yobe,geidam,asheikri,35,06,01,001,35/06/01/001,"alhaji maigari ,viewing centre",asheikri (ward: 01) - yobe
1018,yobe,geidam,asheikri,35,06,01,014,35/06/01/014,goniri pri. school ii,asheikri (ward: 01) - yobe
1019,yobe,geidam,asheikri,35,06,01,016,35/06/01/016,mustapha wanzam central pri. school ii,asheikri (ward: 01) - yobe
1020,yobe,geidam,asheikri,35,06,01,015,35/06/01/015,lawan bukarti water board ii,asheikri (ward: 01) - yobe
1021,yobe,geidam,balle/gallaba/meleri,35,06,02,006,35/06/02/006,"lawan bukarti, bulama's  gate",balle/gallaba/meleri (ward: 02) - yobe
1022,yobe,geidam,balle/gallaba/meleri,35,06,02,010,35/06/02/010,kelluri open space ii,balle/gallaba/meleri (ward: 02) - yobe
1023,yobe,geidam,balle/gallaba/meleri,35,06,02,008,35/06/02/008,"moborti, bulama gate",balle/gallaba/meleri (ward: 02) - yobe
1024,yobe,geidam,balle/gallaba/meleri,35,06,02,003,35/06/02/003,"gallaba,  pri. sch.",balle/gallaba/meleri (ward: 02) - yobe
1025,yobe,geidam,balle/gallaba/meleri,35,06,02,002,35/06/02/002,"balle,  pri. sch.",balle/gallaba/meleri (ward: 02) - yobe
1026,yobe,geidam,balle/gallaba/meleri,35,06,02,011,35/06/02/011,kelluri pri. school ii,balle/gallaba/meleri (ward: 02) - yobe
1027,yobe,geidam,balle/gallaba/meleri,35,06,02,009,35/06/02/009,"shame mairi, bulama's  gate",balle/gallaba/meleri (ward: 02) - yobe
1028,yobe,geidam,balle/gallaba/meleri,35,06,02,001,35/06/02/001,"balle lawanti, lawant's gate",balle/gallaba/meleri (ward: 02) - yobe
1029,yobe,geidam,balle/gallaba/meleri,35,06,02,007,35/06/02/007,"matakuskum, bulama's  gate",balle/gallaba/meleri (ward: 02) - yobe
1030,yobe,geidam,balle/gallaba/meleri,35,06,02,005,35/06/02/005,"kelluri,  pri. sch.",balle/gallaba/meleri (ward: 02) - yobe
1031,yobe,geidam,balle/gallaba/meleri,35,06,02,004,35/06/02/004,"kelluri bulama, bulama's  gate",balle/gallaba/meleri (ward: 02) - yobe
1032,yobe,geidam,damakarwa/kusur,35,06,03,012,35/06/03/012,fannaram bulama gate,damakarwa/kusur (ward: 03) - yobe
1033,yobe,geidam,damakarwa/kusur,35,06,03,011,35/06/03/011,dawai malaye,damakarwa/kusur (ward: 03) - yobe
1034,yobe,geidam,damakarwa/kusur,35,06,03,010,35/06/03/010,"zugubi, bulama's  gate.",damakarwa/kusur (ward: 03) - yobe
1035,yobe,geidam,damakarwa/kusur,35,06,03,009,35/06/03/009,"zairam ngolkoyam, bulama's  gate",damakarwa/kusur (ward: 03) - yobe
1036,yobe,geidam,damakarwa/kusur,35,06,03,008,35/06/03/008,"ngoro, kayaiya bulama gate",damakarwa/kusur (ward: 03) - yobe
1037,yobe,geidam,damakarwa/kusur,35,06,03,007,35/06/03/007,"kusur lawanti.kusur, pri. sch",damakarwa/kusur (ward: 03) - yobe
1038,yobe,geidam,damakarwa/kusur,35,06,03,006,35/06/03/006,"kindiram, bulama's  gate",damakarwa/kusur (ward: 03) - yobe
1039,yobe,geidam,damakarwa/kusur,35,06,03,005,35/06/03/005,"gobok, bulama's  gate",damakarwa/kusur (ward: 03) - yobe
1040,yobe,geidam,damakarwa/kusur,35,06,03,004,35/06/03/004,"damakarwa lawanti, viewing centre",damakarwa/kusur (ward: 03) - yobe
1041,yobe,geidam,damakarwa/kusur,35,06,03,003,35/06/03/003,ali kari miri tsangaya b/gate,damakarwa/kusur (ward: 03) - yobe
1042,yobe,geidam,damakarwa/kusur,35,06,03,002,35/06/03/002,"ali karimiri, bulama's  gate",damakarwa/kusur (ward: 03) - yobe
1043,yobe,geidam,damakarwa/kusur,35,06,03,001,35/06/03/001,"aji wango, bulama's gate",damakarwa/kusur (ward: 03) - yobe
1044,yobe,geidam,dejina/fukurti,35,06,04,006,35/06/04/006,"mainari, bulama's gate",dejina/fukurti (ward: 04) - yobe
1045,yobe,geidam,dejina/fukurti,35,06,04,004,35/06/04/004,"fukurti lawan, lawan's gate",dejina/fukurti (ward: 04) - yobe
1046,yobe,geidam,dejina/fukurti,35,06,04,001,35/06/04/001,ali gajiribulama's  gate,dejina/fukurti (ward: 04) - yobe
1047,yobe,geidam,dejina/fukurti,35,06,04,008,35/06/04/008,"masada village, bulama's gate",dejina/fukurti (ward: 04) - yobe
1048,yobe,geidam,dejina/fukurti,35,06,04,005,35/06/04/005,"karau kura, bulama's gate",dejina/fukurti (ward: 04) - yobe
1049,yobe,geidam,dejina/fukurti,35,06,04,007,35/06/04/007,"mallam matari, bulama gate",dejina/fukurti (ward: 04) - yobe
1050,yobe,geidam,dejina/fukurti,35,06,04,003,35/06/04/003,"fukurti kasuwa, bulama's gate",dejina/fukurti (ward: 04) - yobe
1051,yobe,geidam,dejina/fukurti,35,06,04,002,35/06/04/002,"bone garal, bulama gate",dejina/fukurti (ward: 04) - yobe
1052,yobe,geidam,futchimiram,35,06,05,005,35/06/05/005,"goni modu goni, bulama's  gate",futchimiram (ward: 05) - yobe
1053,yobe,geidam,futchimiram,35,06,05,006,35/06/05/006,"jilli, bulama's gate",futchimiram (ward: 05) - yobe
1054,yobe,geidam,futchimiram,35,06,05,010,35/06/05/010,"ngulmi mammanti , bulama's gate",futchimiram (ward: 05) - yobe
1055,yobe,geidam,futchimiram,35,06,05,001,35/06/05/001,"bundiram, bulama gate",futchimiram (ward: 05) - yobe
1056,yobe,geidam,futchimiram,35,06,05,002,35/06/05/002,"futchimiram, lawan's gate",futchimiram (ward: 05) - yobe
1057,yobe,geidam,futchimiram,35,06,05,004,35/06/05/004,"garimari, bulama's  gate",futchimiram (ward: 05) - yobe
1058,yobe,geidam,futchimiram,35,06,05,008,35/06/05/008,"ngilewa, bulama's gate",futchimiram (ward: 05) - yobe
1059,yobe,geidam,futchimiram,35,06,05,009,35/06/05/009,ngulmi kawuyindi b/gate,futchimiram (ward: 05) - yobe
1060,yobe,geidam,futchimiram,35,06,05,007,35/06/05/007,"kasacciya, bulama gate",futchimiram (ward: 05) - yobe
1061,yobe,geidam,futchimiram,35,06,05,003,35/06/05/003,"futchimiram,  pri. sch.",futchimiram (ward: 05) - yobe
1062,yobe,geidam,gumsa,35,06,06,002,35/06/06/002,dunari bujiri,gumsa (ward: 06) - yobe
1063,yobe,geidam,gumsa,35,06,06,005,35/06/06/005,"gumsa bakin kasuwa, bakin kasuwa ii",gumsa (ward: 06) - yobe
1064,yobe,geidam,gumsa,35,06,06,010,35/06/06/010,"talum, bulama's  gate",gumsa (ward: 06) - yobe
1065,yobe,geidam,gumsa,35,06,06,007,35/06/06/007,gumsa pri school ''ii'',gumsa (ward: 06) - yobe
1066,yobe,geidam,gumsa,35,06,06,006,35/06/06/006,gumsa pri school 'i',gumsa (ward: 06) - yobe
1067,yobe,geidam,gumsa,35,06,06,008,35/06/06/008,"gumzuguyi, bulama's gate",gumsa (ward: 06) - yobe
1068,yobe,geidam,gumsa,35,06,06,004,35/06/06/004,"gumsa bakin kasuwa, bakin kasuwa i",gumsa (ward: 06) - yobe
1069,yobe,geidam,gumsa,35,06,06,003,35/06/06/003,"gasauri , bulama's  gate",gumsa (ward: 06) - yobe
1070,yobe,geidam,gumsa,35,06,06,001,35/06/06/001,"alhajiri, pri. sch.",gumsa (ward: 06) - yobe
1071,yobe,geidam,gumsa,35,06,06,009,35/06/06/009,"madi kadawa, bulama's gate",gumsa (ward: 06) - yobe
1072,yobe,geidam,hausari,35,06,07,002,35/06/07/002,"alhaji malumta, bulama's gate ii",hausari (ward: 07) - yobe
1073,yobe,geidam,hausari,35,06,07,003,35/06/07/003,"bukar sunoma, bulama's gate",hausari (ward: 07) - yobe
1074,yobe,geidam,hausari,35,06,07,004,35/06/07/004,"dauda inusa,maiung. gate",hausari (ward: 07) - yobe
1075,yobe,geidam,hausari,35,06,07,007,35/06/07/007,"mai anuguwa buba,  mai ung. gate",hausari (ward: 07) - yobe
1076,yobe,geidam,hausari,35,06,07,005,35/06/07/005,"goni dalatu,bulama's gate i",hausari (ward: 07) - yobe
1077,yobe,geidam,hausari,35,06,07,006,35/06/07/006,"goni dalatu, bulama's gate ii",hausari (ward: 07) - yobe
1078,yobe,geidam,hausari,35,06,07,009,35/06/07/009,"modu tela, / g.s.s geidam  / g.s.s. geidam",hausari (ward: 07) - yobe
1079,yobe,geidam,hausari,35,06,07,014,35/06/07/014,"s.g.t adamu, sgt adamu's  gate",hausari (ward: 07) - yobe
1080,yobe,geidam,hausari,35,06,07,013,35/06/07/013,mohammed babin/ kafela pri. sch. / kafela pri. sch. ii,hausari (ward: 07) - yobe
1081,yobe,geidam,hausari,35,06,07,012,35/06/07/012,mohammed babin/ kafela pri. sch.  /  kafela pri. sch. i,hausari (ward: 07) - yobe
1082,yobe,geidam,hausari,35,06,07,001,35/06/07/001,"alhaji malumta, bulama's gate i",hausari (ward: 07) - yobe
1083,yobe,geidam,hausari,35,06,07,019,35/06/07/019,alhaji malumta gate iv,hausari (ward: 07) - yobe
1084,yobe,geidam,hausari,35,06,07,026,35/06/07/026,modu tela gss geidam ii,hausari (ward: 07) - yobe
1085,yobe,geidam,hausari,35,06,07,028,35/06/07/028,modu tela area court ii,hausari (ward: 07) - yobe
1086,yobe,geidam,hausari,35,06,07,024,35/06/07/024,mai anguwa buba ii,hausari (ward: 07) - yobe
1087,yobe,geidam,hausari,35,06,07,025,35/06/07/025,modu tela ii,hausari (ward: 07) - yobe
1088,yobe,geidam,hausari,35,06,07,032,35/06/07/032,mohammed babin kafela pri. schhol v,hausari (ward: 07) - yobe
1089,yobe,geidam,hausari,35,06,07,023,35/06/07/023,goni dalatu iii,hausari (ward: 07) - yobe
1090,yobe,geidam,hausari,35,06,07,022,35/06/07/022,goni dalatu ii,hausari (ward: 07) - yobe
1091,yobe,geidam,hausari,35,06,07,027,35/06/07/027,modu tela gss geidam iii,hausari (ward: 07) - yobe
1092,yobe,geidam,hausari,35,06,07,029,35/06/07/029,mohammed babin ii,hausari (ward: 07) - yobe
1093,yobe,geidam,hausari,35,06,07,021,35/06/07/021,dauda inusa ii,hausari (ward: 07) - yobe
1094,yobe,geidam,hausari,35,06,07,008,35/06/07/008,modu tela modu tela gate,hausari (ward: 07) - yobe
1095,yobe,geidam,hausari,35,06,07,036,35/06/07/036,zaramiri gate ii,hausari (ward: 07) - yobe
1096,yobe,geidam,hausari,35,06,07,033,35/06/07/033,mohammed babin kafela pri. school vi,hausari (ward: 07) - yobe
1097,yobe,geidam,hausari,35,06,07,016,35/06/07/016,"tobacco store,  high court",hausari (ward: 07) - yobe
1098,yobe,geidam,hausari,35,06,07,031,35/06/07/031,mohammed babin kafela pri. school iv,hausari (ward: 07) - yobe
1099,yobe,geidam,hausari,35,06,07,015,35/06/07/015,"tobacco store, tobacco store",hausari (ward: 07) - yobe
1100,yobe,geidam,hausari,35,06,07,030,35/06/07/030,mohammed babin kafela pri. school iii,hausari (ward: 07) - yobe
1101,yobe,geidam,hausari,35,06,07,018,35/06/07/018,alhaji malumta gate iii,hausari (ward: 07) - yobe
1102,yobe,geidam,hausari,35,06,07,020,35/06/07/020,"bukar sunoma, bulama's gate",hausari (ward: 07) - yobe
1103,yobe,geidam,hausari,35,06,07,010,35/06/07/010,"modu tela, / upper area court - upper area court",hausari (ward: 07) - yobe
1104,yobe,geidam,hausari,35,06,07,011,35/06/07/011,mohammed babin /  bulama's  gate,hausari (ward: 07) - yobe
1105,yobe,geidam,hausari,35,06,07,017,35/06/07/017,"zaramiri, zaramiri's gate",hausari (ward: 07) - yobe
1106,yobe,geidam,hausari,35,06,07,035,35/06/07/035,tabacco store high court ii,hausari (ward: 07) - yobe
1107,yobe,geidam,hausari,35,06,07,034,35/06/07/034,tabacco store ii,hausari (ward: 07) - yobe
1108,yobe,geidam,kawuri,35,06,08,005,35/06/08/005,"kawuri,  pri. sch",kawuri (ward: 08) - yobe
1109,yobe,geidam,kawuri,35,06,08,007,35/06/08/007,"maigari,  kolori pri. sch",kawuri (ward: 08) - yobe
1110,yobe,geidam,kawuri,35,06,08,013,35/06/08/013,alhaji jinjiri ii,kawuri (ward: 08) - yobe
1111,yobe,geidam,kawuri,35,06,08,010,35/06/08/010,"mustapha kulami,  mustapha kalami's gate",kawuri (ward: 08) - yobe
1112,yobe,geidam,kawuri,35,06,08,019,35/06/08/019,umar dogo iii,kawuri (ward: 08) - yobe
1113,yobe,geidam,kawuri,35,06,08,002,35/06/08/002,alhaji jinjiri. alhaji jinjiri's  gate,kawuri (ward: 08) - yobe
1114,yobe,geidam,kawuri,35,06,08,015,35/06/08/015,kawuri pri. school ii,kawuri (ward: 08) - yobe
1115,yobe,geidam,kawuri,35,06,08,009,35/06/08/009,"mustapha kulami, maiunguwa's gate",kawuri (ward: 08) - yobe
1116,yobe,geidam,kawuri,35,06,08,003,35/06/08/003,"bosomi, alhaji umaru's gate",kawuri (ward: 08) - yobe
1117,yobe,geidam,kawuri,35,06,08,014,35/06/08/014,karau kawu ii,kawuri (ward: 08) - yobe
1118,yobe,geidam,kawuri,35,06,08,001,35/06/08/001,"alhaji abba, alhaji abba's gate",kawuri (ward: 08) - yobe
1119,yobe,geidam,kawuri,35,06,08,016,35/06/08/016,maigari pri. school ii,kawuri (ward: 08) - yobe
1120,yobe,geidam,kawuri,35,06,08,012,35/06/08/012,"wolomi, lawani's gate",kawuri (ward: 08) - yobe
1121,yobe,geidam,kawuri,35,06,08,006,35/06/08/006,"kuwa yindi, bulama's  gate",kawuri (ward: 08) - yobe
1122,yobe,geidam,kawuri,35,06,08,018,35/06/08/018,umar dogo ii,kawuri (ward: 08) - yobe
1123,yobe,geidam,kawuri,35,06,08,008,35/06/08/008,"maigari, maigari's  gate",kawuri (ward: 08) - yobe
1124,yobe,geidam,kawuri,35,06,08,011,35/06/08/011,umaru dogo mai unguwan gate,kawuri (ward: 08) - yobe
1125,yobe,geidam,kawuri,35,06,08,004,35/06/08/004,"karau kawu, mai ung gate",kawuri (ward: 08) - yobe
1126,yobe,geidam,kawuri,35,06,08,017,35/06/08/017,maigari pri. school iii,kawuri (ward: 08) - yobe
1127,yobe,geidam,ma'anna/dagambi,35,06,09,001,35/06/09/001,"dagambi, bulama gate",ma'anna/dagambi (ward: 09) - yobe
1128,yobe,geidam,ma'anna/dagambi,35,06,09,002,35/06/09/002,"dapchi dambaram, bulama's gate",ma'anna/dagambi (ward: 09) - yobe
1129,yobe,geidam,ma'anna/dagambi,35,06,09,003,35/06/09/003,"isori, bulama gate",ma'anna/dagambi (ward: 09) - yobe
1130,yobe,geidam,ma'anna/dagambi,35,06,09,004,35/06/09/004,"kayaiya, bulama's gate",ma'anna/dagambi (ward: 09) - yobe
1131,yobe,geidam,ma'anna/dagambi,35,06,09,005,35/06/09/005,"kiriwa dapso, bulama's gate",ma'anna/dagambi (ward: 09) - yobe
1132,yobe,geidam,ma'anna/dagambi,35,06,09,006,35/06/09/006,"kuwa bare, bulama's gate",ma'anna/dagambi (ward: 09) - yobe
1133,yobe,geidam,ma'anna/dagambi,35,06,09,007,35/06/09/007,"ma'anna,  pri. sch.",ma'anna/dagambi (ward: 09) - yobe
1134,yobe,geidam,ma'anna/dagambi,35,06,09,008,35/06/09/008,"mairi kuwa, bulama's gate",ma'anna/dagambi (ward: 09) - yobe
1135,yobe,geidam,ma'anna/dagambi,35,06,09,009,35/06/09/009,"makintari, bulama's gate",ma'anna/dagambi (ward: 09) - yobe
1136,yobe,geidam,ma'anna/dagambi,35,06,09,010,35/06/09/010,"ngayawa, bulama's gate",ma'anna/dagambi (ward: 09) - yobe
1137,yobe,geidam,ma'anna/dagambi,35,06,09,011,35/06/09/011,ndorshi bulama gate,ma'anna/dagambi (ward: 09) - yobe
1138,yobe,geidam,shame kura / dilawa,35,06,10,004,35/06/10/004,"mala wango, bulama 's gate",shame kura / dilawa (ward: 10) - yobe
1139,yobe,geidam,shame kura / dilawa,35,06,10,002,35/06/10/002,"jororo,  lawan's gate",shame kura / dilawa (ward: 10) - yobe
1140,yobe,geidam,shame kura / dilawa,35,06,10,007,35/06/10/007,"raga.nguluri, bulama's gate",shame kura / dilawa (ward: 10) - yobe
1141,yobe,geidam,shame kura / dilawa,35,06,10,006,35/06/10/006,"mawuwa umarti,  bulama's gate",shame kura / dilawa (ward: 10) - yobe
1142,yobe,geidam,shame kura / dilawa,35,06,10,008,35/06/10/008,"shame kura, bulama's  gate",shame kura / dilawa (ward: 10) - yobe
1143,yobe,geidam,shame kura / dilawa,35,06,10,009,35/06/10/009,"wakil ajibe, bulama's gate",shame kura / dilawa (ward: 10) - yobe
1144,yobe,geidam,shame kura / dilawa,35,06,10,010,35/06/10/010,kalgeri ii,shame kura / dilawa (ward: 10) - yobe
1145,yobe,geidam,shame kura / dilawa,35,06,10,001,35/06/10/001,"dilawa,  dispensary",shame kura / dilawa (ward: 10) - yobe
1146,yobe,geidam,shame kura / dilawa,35,06,10,005,35/06/10/005,"malumma kawuwa, bulama's gate",shame kura / dilawa (ward: 10) - yobe
1147,yobe,geidam,shame kura / dilawa,35,06,10,003,35/06/10/003,"kalgiri, bulama's gate",shame kura / dilawa (ward: 10) - yobe
1148,yobe,geidam,zurgu ngilewa / borko,35,06,11,006,35/06/11/006,kawuri bulama gate,zurgu ngilewa / borko (ward: 11) - yobe
1149,yobe,geidam,zurgu ngilewa / borko,35,06,11,001,35/06/11/001,"awasai,  bulama's gate",zurgu ngilewa / borko (ward: 11) - yobe
1150,yobe,geidam,zurgu ngilewa / borko,35,06,11,005,35/06/11/005,"kindilla, bulama's gate",zurgu ngilewa / borko (ward: 11) - yobe
1151,yobe,geidam,zurgu ngilewa / borko,35,06,11,008,35/06/11/008,"ranna sheriff, bulama's gate",zurgu ngilewa / borko (ward: 11) - yobe
1152,yobe,geidam,zurgu ngilewa / borko,35,06,11,007,35/06/11/007,"ngilewa, bulama's gate",zurgu ngilewa / borko (ward: 11) - yobe
1153,yobe,geidam,zurgu ngilewa / borko,35,06,11,004,35/06/11/004,"giza, bulama's gate",zurgu ngilewa / borko (ward: 11) - yobe
1154,yobe,geidam,zurgu ngilewa / borko,35,06,11,003,35/06/11/003,"chungul, bulama's gate",zurgu ngilewa / borko (ward: 11) - yobe
1155,yobe,geidam,zurgu ngilewa / borko,35,06,11,002,35/06/11/002,"borko,  pri. sch.",zurgu ngilewa / borko (ward: 11) - yobe
1156,yobe,gujba,bunigari/lawanti,35,07,01,009,35/07/01/009,"bulama yaga, buni gari market ii",bunigari/lawanti (ward: 01) - yobe
1157,yobe,gujba,bunigari/lawanti,35,07,01,007,35/07/01/007,"buni lawanti, sarkin tasha ii",bunigari/lawanti (ward: 01) - yobe
1158,yobe,gujba,bunigari/lawanti,35,07,01,003,35/07/01/003,"bulama yaga, bunigari market",bunigari/lawanti (ward: 01) - yobe
1159,yobe,gujba,bunigari/lawanti,35,07,01,010,35/07/01/010,buni gari pri schl b,bunigari/lawanti (ward: 01) - yobe
1160,yobe,gujba,bunigari/lawanti,35,07,01,008,35/07/01/008,"buni lawanti, ajamari",bunigari/lawanti (ward: 01) - yobe
1161,yobe,gujba,bunigari/lawanti,35,07,01,005,35/07/01/005,"buni gari, buni.gari pri. sch.",bunigari/lawanti (ward: 01) - yobe
1162,yobe,gujba,bunigari/lawanti,35,07,01,004,35/07/01/004,"bulturi yarmari, lewa gate",bunigari/lawanti (ward: 01) - yobe
1163,yobe,gujba,bunigari/lawanti,35,07,01,001,35/07/01/001,"azare/magza, ganji makera",bunigari/lawanti (ward: 01) - yobe
1164,yobe,gujba,bunigari/lawanti,35,07,01,002,35/07/01/002,"gashua/buramsira,  gashua pri. sch.",bunigari/lawanti (ward: 01) - yobe
1165,yobe,gujba,bunigari/lawanti,35,07,01,006,35/07/01/006,"buni lawanti, sarkin tasha i",bunigari/lawanti (ward: 01) - yobe
1166,yobe,gujba,buniyadi north / south,35,07,02,033,35/07/02/033,jauro buba ii,buniyadi north / south (ward: 02) - yobe
1167,yobe,gujba,buniyadi north / south,35,07,02,012,35/07/02/012,"jiri/sumsumma, bulama saye's gate",buniyadi north / south (ward: 02) - yobe
1168,yobe,gujba,buniyadi north / south,35,07,02,040,35/07/02/040,wakil umor / jauro viewing centre iv,buniyadi north / south (ward: 02) - yobe
1169,yobe,gujba,buniyadi north / south,35,07,02,011,35/07/02/011,"jauro buba, buba ali",buniyadi north / south (ward: 02) - yobe
1170,yobe,gujba,buniyadi north / south,35,07,02,037,35/07/02/037,mustapha gabo/garba mairogo gate ii,buniyadi north / south (ward: 02) - yobe
1171,yobe,gujba,buniyadi north / south,35,07,02,024,35/07/02/024,shuwari pri sch iii,buniyadi north / south (ward: 02) - yobe
1172,yobe,gujba,buniyadi north / south,35,07,02,006,35/07/02/006,"bulama auwami, iliayasu usman",buniyadi north / south (ward: 02) - yobe
1173,yobe,gujba,buniyadi north / south,35,07,02,009,35/07/02/009,"goni mattari,.jalon's gate",buniyadi north / south (ward: 02) - yobe
1174,yobe,gujba,buniyadi north / south,35,07,02,018,35/07/02/018,wakil umar/jauro viewing centre 'i',buniyadi north / south (ward: 02) - yobe
1175,yobe,gujba,buniyadi north / south,35,07,02,003,35/07/02/003,shuwari pri school,buniyadi north / south (ward: 02) - yobe
1176,yobe,gujba,buniyadi north / south,35,07,02,031,35/07/02/031,bulama goma v,buniyadi north / south (ward: 02) - yobe
1177,yobe,gujba,buniyadi north / south,35,07,02,007,35/07/02/007,"bulama ngoma, makinta ali",buniyadi north / south (ward: 02) - yobe
1178,yobe,gujba,buniyadi north / south,35,07,02,022,35/07/02/022,ahmadu kapinta iii,buniyadi north / south (ward: 02) - yobe
1179,yobe,gujba,buniyadi north / south,35,07,02,025,35/07/02/025,bulama auwami iii,buniyadi north / south (ward: 02) - yobe
1180,yobe,gujba,buniyadi north / south,35,07,02,027,35/07/02/027,bulama auwami v,buniyadi north / south (ward: 02) - yobe
1181,yobe,gujba,buniyadi north / south,35,07,02,005,35/07/02/005,"bulama auwami, goni harunaii",buniyadi north / south (ward: 02) - yobe
1182,yobe,gujba,buniyadi north / south,35,07,02,026,35/07/02/026,bulama auwami iv,buniyadi north / south (ward: 02) - yobe
1183,yobe,gujba,buniyadi north / south,35,07,02,015,35/07/02/015,"mustapha gamb0, gabba mai rogo gate",buniyadi north / south (ward: 02) - yobe
1184,yobe,gujba,buniyadi north / south,35,07,02,020,35/07/02/020,wakil umar/jauro dispensary,buniyadi north / south (ward: 02) - yobe
1185,yobe,gujba,buniyadi north / south,35,07,02,028,35/07/02/028,bulama auwami vi,buniyadi north / south (ward: 02) - yobe
1186,yobe,gujba,buniyadi north / south,35,07,02,001,35/07/02/001,amadu kapinta ardo sale gate,buniyadi north / south (ward: 02) - yobe
1187,yobe,gujba,buniyadi north / south,35,07,02,021,35/07/02/021,ahmadu kapinta ii,buniyadi north / south (ward: 02) - yobe
1188,yobe,gujba,buniyadi north / south,35,07,02,014,35/07/02/014,muh'd alewa islamiya pri sch,buniyadi north / south (ward: 02) - yobe
1189,yobe,gujba,buniyadi north / south,35,07,02,039,35/07/02/039,wakil umor / jauro viewing centre iii,buniyadi north / south (ward: 02) - yobe
1190,yobe,gujba,buniyadi north / south,35,07,02,030,35/07/02/030,bulama goma iv,buniyadi north / south (ward: 02) - yobe
1191,yobe,gujba,buniyadi north / south,35,07,02,032,35/07/02/032,isah talala ii,buniyadi north / south (ward: 02) - yobe
1192,yobe,gujba,buniyadi north / south,35,07,02,038,35/07/02/038,railway / goni habu samaila mohd gate ii,buniyadi north / south (ward: 02) - yobe
1193,yobe,gujba,buniyadi north / south,35,07,02,029,35/07/02/029,bulama goma iii,buniyadi north / south (ward: 02) - yobe
1194,yobe,gujba,buniyadi north / south,35,07,02,008,35/07/02/008,"bulama ngoma,  centralpri. sch.",buniyadi north / south (ward: 02) - yobe
1195,yobe,gujba,buniyadi north / south,35,07,02,034,35/07/02/034,moh'd mai alewa ii,buniyadi north / south (ward: 02) - yobe
1196,yobe,gujba,buniyadi north / south,35,07,02,010,35/07/02/010,"isa talala, umaru m. engine",buniyadi north / south (ward: 02) - yobe
1197,yobe,gujba,buniyadi north / south,35,07,02,017,35/07/02/017,railway muh'd kofar g/gagare,buniyadi north / south (ward: 02) - yobe
1198,yobe,gujba,buniyadi north / south,35,07,02,019,35/07/02/019,wakil umar/jauro viewing centre 'ii',buniyadi north / south (ward: 02) - yobe
1199,yobe,gujba,buniyadi north / south,35,07,02,023,35/07/02/023,shuwari pri sch ii,buniyadi north / south (ward: 02) - yobe
1200,yobe,gujba,buniyadi north / south,35,07,02,016,35/07/02/016,railway goni habu samaila muh;d gate,buniyadi north / south (ward: 02) - yobe
1201,yobe,gujba,buniyadi north / south,35,07,02,004,35/07/02/004,"bulama auwami, goni haruna i",buniyadi north / south (ward: 02) - yobe
1202,yobe,gujba,buniyadi north / south,35,07,02,013,35/07/02/013,"muh'd alewa dr,abdu gate",buniyadi north / south (ward: 02) - yobe
1203,yobe,gujba,buniyadi north / south,35,07,02,036,35/07/02/036,moh'd mai alewa iv,buniyadi north / south (ward: 02) - yobe
1204,yobe,gujba,buniyadi north / south,35,07,02,035,35/07/02/035,moh'd mai alewa iii,buniyadi north / south (ward: 02) - yobe
1205,yobe,gujba,buniyadi north / south,35,07,02,002,35/07/02/002,amadu kapinta yaro gate,buniyadi north / south (ward: 02) - yobe
1206,yobe,gujba,dadingel,35,07,03,002,35/07/03/002,"marma, marma pri. sch.",dadingel (ward: 03) - yobe
1207,yobe,gujba,dadingel,35,07,03,003,35/07/03/003,muwura madu kime,dadingel (ward: 03) - yobe
1208,yobe,gujba,dadingel,35,07,03,001,35/07/03/001,dadingel primary school,dadingel (ward: 03) - yobe
1209,yobe,gujba,goniri,35,07,04,008,35/07/04/008,"mallam liwulamari,  kachala fugu",goniri (ward: 04) - yobe
1210,yobe,gujba,goniri,35,07,04,010,35/07/04/010,goniri central pri sch iii,goniri (ward: 04) - yobe
1211,yobe,gujba,goniri,35,07,04,004,35/07/04/004,goniri fulatari alh bukar gate,goniri (ward: 04) - yobe
1212,yobe,gujba,goniri,35,07,04,012,35/07/04/012,goniri fulatari  a. bukar ii,goniri (ward: 04) - yobe
1213,yobe,gujba,goniri,35,07,04,003,35/07/04/003,"goniri , central pri. sch. ii",goniri (ward: 04) - yobe
1214,yobe,gujba,goniri,35,07,04,002,35/07/04/002,"goniri, central pri. sch. i",goniri (ward: 04) - yobe
1215,yobe,gujba,goniri,35,07,04,005,35/07/04/005,"goniri maruri , alh. lawan",goniri (ward: 04) - yobe
1216,yobe,gujba,goniri,35,07,04,009,35/07/04/009,"goni jaluri, alh. m. bura  ii",goniri (ward: 04) - yobe
1217,yobe,gujba,goniri,35,07,04,013,35/07/04/013,goniri maluri a. lawan ii,goniri (ward: 04) - yobe
1218,yobe,gujba,goniri,35,07,04,006,35/07/04/006,"goni maruri , alh. umaru marus",goniri (ward: 04) - yobe
1219,yobe,gujba,goniri,35,07,04,007,35/07/04/007,"kimeri, kimeri",goniri (ward: 04) - yobe
1220,yobe,gujba,goniri,35,07,04,001,35/07/04/001,"goni jalori, alh. m. bura",goniri (ward: 04) - yobe
1221,yobe,gujba,goniri,35,07,04,011,35/07/04/011,goniri central pri sch iv,goniri (ward: 04) - yobe
1222,yobe,gujba,gotala/gotumba,35,07,05,005,35/07/05/005,"gotumba, gotumba pri. sch. i",gotala/gotumba (ward: 05) - yobe
1223,yobe,gujba,gotala/gotumba,35,07,05,004,35/07/05/004,"gotala shetima sidin , gotala market",gotala/gotumba (ward: 05) - yobe
1224,yobe,gujba,gotala/gotumba,35,07,05,007,35/07/05/007,"kwar mari, kwar mari",gotala/gotumba (ward: 05) - yobe
1225,yobe,gujba,gotala/gotumba,35,07,05,008,35/07/05/008,"kunduli yari, kunduli yari",gotala/gotumba (ward: 05) - yobe
1226,yobe,gujba,gotala/gotumba,35,07,05,012,35/07/05/012,wuyabchi sanda wuyabchi open space,gotala/gotumba (ward: 05) - yobe
1227,yobe,gujba,gotala/gotumba,35,07,05,011,35/07/05/011,sugumi jiddari sogumi,gotala/gotumba (ward: 05) - yobe
1228,yobe,gujba,gotala/gotumba,35,07,05,002,35/07/05/002,"dishi bulama ali, bulama ali",gotala/gotumba (ward: 05) - yobe
1229,yobe,gujba,gotala/gotumba,35,07,05,006,35/07/05/006,"gotumba, gotumba pri. sch. ii",gotala/gotumba (ward: 05) - yobe
1230,yobe,gujba,gotala/gotumba,35,07,05,001,35/07/05/001,bobiri boburi open space,gotala/gotumba (ward: 05) - yobe
1231,yobe,gujba,gotala/gotumba,35,07,05,009,35/07/05/009,"kyari kauri, kyari kauri",gotala/gotumba (ward: 05) - yobe
1232,yobe,gujba,gotala/gotumba,35,07,05,010,35/07/05/010,shettima mawari open space,gotala/gotumba (ward: 05) - yobe
1233,yobe,gujba,gotala/gotumba,35,07,05,003,35/07/05/003,"goni, ngomari",gotala/gotumba (ward: 05) - yobe
1234,yobe,gujba,gujba,35,07,06,002,35/07/06/002,"bungai bulama ali, bulama ali",gujba (ward: 06) - yobe
1235,yobe,gujba,gujba,35,07,06,003,35/07/06/003,"garin itace, garin itace",gujba (ward: 06) - yobe
1236,yobe,gujba,gujba,35,07,06,006,35/07/06/006,horeriyiwa jamtari horeyiwa road o.s,gujba (ward: 06) - yobe
1237,yobe,gujba,gujba,35,07,06,017,35/07/06/017,"ngel biyawal,ngel biyawal",gujba (ward: 06) - yobe
1238,yobe,gujba,gujba,35,07,06,004,35/07/06/004,gujba central pri school,gujba (ward: 06) - yobe
1239,yobe,gujba,gujba,35,07,06,029,35/07/06/029,katarko iv,gujba (ward: 06) - yobe
1240,yobe,gujba,gujba,35,07,06,030,35/07/06/030,katarko v,gujba (ward: 06) - yobe
1241,yobe,gujba,gujba,35,07,06,016,35/07/06/016,ngomma/ngazar ngamma gate,gujba (ward: 06) - yobe
1242,yobe,gujba,gujba,35,07,06,013,35/07/06/013,kukuwa wakaltu ali gate,gujba (ward: 06) - yobe
1243,yobe,gujba,gujba,35,07,06,015,35/07/06/015,manjim kura/manjigan.manjim,gujba (ward: 06) - yobe
1244,yobe,gujba,gujba,35,07,06,019,35/07/06/019,"turo, turo",gujba (ward: 06) - yobe
1245,yobe,gujba,gujba,35,07,06,001,35/07/06/001,"ambiya tasha,  pri. sch",gujba (ward: 06) - yobe
1246,yobe,gujba,gujba,35,07,06,018,35/07/06/018,"sherifri, sherifri",gujba (ward: 06) - yobe
1247,yobe,gujba,gujba,35,07,06,007,35/07/06/007,"k.b/kukuwa tasha , kukuwa pri. sch i",gujba (ward: 06) - yobe
1248,yobe,gujba,gujba,35,07,06,027,35/07/06/027,katarko ii,gujba (ward: 06) - yobe
1249,yobe,gujba,gujba,35,07,06,014,35/07/06/014,ligdir tasha,gujba (ward: 06) - yobe
1250,yobe,gujba,gujba,35,07,06,011,35/07/06/011,kojellere open space,gujba (ward: 06) - yobe
1251,yobe,gujba,gujba,35,07,06,012,35/07/06/012,kojellere bakin ngeljul gate,gujba (ward: 06) - yobe
1252,yobe,gujba,gujba,35,07,06,009,35/07/06/009,"kasatchia, kasatchia",gujba (ward: 06) - yobe
1253,yobe,gujba,gujba,35,07,06,008,35/07/06/008,"k.b/kukuwa tasha , kukuwa pri. sch ii",gujba (ward: 06) - yobe
1254,yobe,gujba,gujba,35,07,06,005,35/07/06/005,gujba area court,gujba (ward: 06) - yobe
1255,yobe,gujba,gujba,35,07,06,026,35/07/06/026,k.b kukuwa pri. sch iii,gujba (ward: 06) - yobe
1256,yobe,gujba,gujba,35,07,06,028,35/07/06/028,katarko iii,gujba (ward: 06) - yobe
1257,yobe,gujba,gujba,35,07,06,010,35/07/06/010,"katarko, katarko bulama",gujba (ward: 06) - yobe
1258,yobe,gujba,gujba,35,07,06,025,35/07/06/025,gujba area court ii,gujba (ward: 06) - yobe
1259,yobe,gujba,gujba,35,07,06,020,35/07/06/020,wule wule open space,gujba (ward: 06) - yobe
1260,yobe,gujba,gujba,35,07,06,023,35/07/06/023,gujba central pri sch. ii,gujba (ward: 06) - yobe
1261,yobe,gujba,gujba,35,07,06,024,35/07/06/024,gujba viewing centre,gujba (ward: 06) - yobe
1262,yobe,gujba,gujba,35,07,06,022,35/07/06/022,garin itace ii,gujba (ward: 06) - yobe
1263,yobe,gujba,gujba,35,07,06,021,35/07/06/021,ambiya tasha pri sch ii,gujba (ward: 06) - yobe
1264,yobe,gujba,mallam dunari,35,07,07,002,35/07/07/002,"bulturam kura,  pri. sch.",mallam dunari (ward: 07) - yobe
1265,yobe,gujba,mallam dunari,35,07,07,001,35/07/07/001,ambiya kura open space,mallam dunari (ward: 07) - yobe
1266,yobe,gujba,mallam dunari,35,07,07,005,35/07/07/005,"kadauri, kadauri pri. sch.",mallam dunari (ward: 07) - yobe
1267,yobe,gujba,mallam dunari,35,07,07,006,35/07/07/006,malam dunari bakin koyel tela bumis gate,mallam dunari (ward: 07) - yobe
1268,yobe,gujba,mallam dunari,35,07,07,007,35/07/07/007,m.dunari ngubutori m. dunari pri sch,mallam dunari (ward: 07) - yobe
1269,yobe,gujba,mallam dunari,35,07,07,008,35/07/07/008,surdi kumai open space,mallam dunari (ward: 07) - yobe
1270,yobe,gujba,mallam dunari,35,07,07,004,35/07/07/004,gurma/kolkola.gurma,mallam dunari (ward: 07) - yobe
1271,yobe,gujba,mallam dunari,35,07,07,003,35/07/07/003,"burniwa, burniwa",mallam dunari (ward: 07) - yobe
1272,yobe,gujba,mutai,35,07,08,006,35/07/08/006,"jammre/kikiwa, bamme's gate",mutai (ward: 08) - yobe
1273,yobe,gujba,mutai,35,07,08,001,35/07/08/001,"bandilla ardo,  ngididoji yelwa",mutai (ward: 08) - yobe
1274,yobe,gujba,mutai,35,07,08,003,35/07/08/003,"daddawayel,  pri. sch.",mutai (ward: 08) - yobe
1275,yobe,gujba,mutai,35,07,08,005,35/07/08/005,"garin gabas, garin gabas",mutai (ward: 08) - yobe
1276,yobe,gujba,mutai,35,07,08,002,35/07/08/002,"bukkel alh. bakura,  buba gate",mutai (ward: 08) - yobe
1277,yobe,gujba,mutai,35,07,08,007,35/07/08/007,"mutai, mutai pri. sch.",mutai (ward: 08) - yobe
1278,yobe,gujba,mutai,35,07,08,008,35/07/08/008,"nassarawa, sarkin pawa",mutai (ward: 08) - yobe
1279,yobe,gujba,mutai,35,07,08,004,35/07/08/004,denderia/labba.denderia,mutai (ward: 08) - yobe
1280,yobe,gujba,ngurbuwa,35,07,09,004,35/07/09/004,maram kura m. gana,ngurbuwa (ward: 09) - yobe
1281,yobe,gujba,ngurbuwa,35,07,09,007,35/07/09/007,"ngurabawa lawanti,  pri. sch. ii",ngurbuwa (ward: 09) - yobe
1282,yobe,gujba,ngurbuwa,35,07,09,009,35/07/09/009,ngurbuwa l. pri. sch. iii,ngurbuwa (ward: 09) - yobe
1283,yobe,gujba,ngurbuwa,35,07,09,006,35/07/09/006,"ngurabawa lawanti,  pri. sch. i",ngurbuwa (ward: 09) - yobe
1284,yobe,gujba,ngurbuwa,35,07,09,002,35/07/09/002,bulturam gana/l.dala kezlum open space,ngurbuwa (ward: 09) - yobe
1285,yobe,gujba,ngurbuwa,35,07,09,010,35/07/09/010,ngurbuwa l. pri. sch. iv,ngurbuwa (ward: 09) - yobe
1286,yobe,gujba,ngurbuwa,35,07,09,003,35/07/09/003,kusuluwaram open space,ngurbuwa (ward: 09) - yobe
1287,yobe,gujba,ngurbuwa,35,07,09,001,35/07/09/001,bulama fantami/jurkauri open space,ngurbuwa (ward: 09) - yobe
1288,yobe,gujba,ngurbuwa,35,07,09,008,35/07/09/008,ngurmai bulama,ngurbuwa (ward: 09) - yobe
1289,yobe,gujba,ngurbuwa,35,07,09,005,35/07/09/005,muktum kura / gana - muktum kura,ngurbuwa (ward: 09) - yobe
1290,yobe,gujba,wagir,35,07,10,001,35/07/10/001,chiromari m. kawu gate,wagir (ward: 10) - yobe
1291,yobe,gujba,wagir,35,07,10,003,35/07/10/003,nyakere/jauro.liman adamu,wagir (ward: 10) - yobe
1292,yobe,gujba,wagir,35,07,10,006,35/07/10/006,wagir ngelauwa pri sch. iii,wagir (ward: 10) - yobe
1293,yobe,gujba,wagir,35,07,10,005,35/07/10/005,wagir ngelauwa pri. sch. ii,wagir (ward: 10) - yobe
1294,yobe,gujba,wagir,35,07,10,004,35/07/10/004,wagir/ngel auwa.wagir pri. sch.,wagir (ward: 10) - yobe
1295,yobe,gujba,wagir,35,07,10,002,35/07/10/002,jamtari/ngel kalaji.m. garba's gate,wagir (ward: 10) - yobe
1296,yobe,karasawa,bukarti,35,10,01,003,35/10/01/003,"bukarti, bukarti  viewing centre",bukarti (ward: 01) - yobe
1297,yobe,karasawa,bukarti,35,10,01,004,35/10/01/004,"gawo lawnabe,  pri. sch.",bukarti (ward: 01) - yobe
1298,yobe,karasawa,bukarti,35,10,01,005,35/10/01/005,"hututu.hututu , kofar maigari",bukarti (ward: 01) - yobe
1299,yobe,karasawa,bukarti,35,10,01,006,35/10/01/006,"karau kawu, karau kawu",bukarti (ward: 01) - yobe
1300,yobe,karasawa,bukarti,35,10,01,010,35/10/01/010,"zoro,  kofar maigari",bukarti (ward: 01) - yobe
1301,yobe,karasawa,bukarti,35,10,01,011,35/10/01/011,bukarti market  ii,bukarti (ward: 01) - yobe
1302,yobe,karasawa,bukarti,35,10,01,012,35/10/01/012,malam kunu primary school ii,bukarti (ward: 01) - yobe
1303,yobe,karasawa,bukarti,35,10,01,008,35/10/01/008,"malam kunu,  pri. sch.",bukarti (ward: 01) - yobe
1304,yobe,karasawa,bukarti,35,10,01,007,35/10/01/007,"maina aridi, maina aridi",bukarti (ward: 01) - yobe
1305,yobe,karasawa,bukarti,35,10,01,001,35/10/01/001,"biridi, biridi",bukarti (ward: 01) - yobe
1306,yobe,karasawa,bukarti,35,10,01,009,35/10/01/009,"tatukori, kofar maigari",bukarti (ward: 01) - yobe
1307,yobe,karasawa,bukarti,35,10,01,002,35/10/01/002,"bukarti, bukarti market",bukarti (ward: 01) - yobe
1308,yobe,karasawa,bukarti,35,10,01,013,35/10/01/013,bukarti viewing centre ii,bukarti (ward: 01) - yobe
1309,yobe,karasawa,fajiganari,35,10,02,009,35/10/02/009,fajiganari primary school ii,fajiganari (ward: 02) - yobe
1310,yobe,karasawa,fajiganari,35,10,02,005,35/10/02/005,"garin geda, kofar maigari",fajiganari (ward: 02) - yobe
1311,yobe,karasawa,fajiganari,35,10,02,004,35/10/02/004,"garin amadu, kofar maigari",fajiganari (ward: 02) - yobe
1312,yobe,karasawa,fajiganari,35,10,02,007,35/10/02/007,"munemari, kofar maigari",fajiganari (ward: 02) - yobe
1313,yobe,karasawa,fajiganari,35,10,02,008,35/10/02/008,"tutukori, maigari isa",fajiganari (ward: 02) - yobe
1314,yobe,karasawa,fajiganari,35,10,02,003,35/10/02/003,fajiganari pri. sch.,fajiganari (ward: 02) - yobe
1315,yobe,karasawa,fajiganari,35,10,02,006,35/10/02/006,"kilbuwa, kofar maigari",fajiganari (ward: 02) - yobe
1316,yobe,karasawa,fajiganari,35,10,02,001,35/10/02/001,"askinari, askinari kofar mai gari",fajiganari (ward: 02) - yobe
1317,yobe,karasawa,fajiganari,35,10,02,002,35/10/02/002,"dagirari, kofar maigari",fajiganari (ward: 02) - yobe
1318,yobe,karasawa,garin gawo,35,10,03,006,35/10/03/006,"tashan kalgo, kofar maigari",garin gawo (ward: 03) - yobe
1319,yobe,karasawa,garin gawo,35,10,03,004,35/10/03/004,"garin gawo, pri. sch.",garin gawo (ward: 03) - yobe
1320,yobe,karasawa,garin gawo,35,10,03,007,35/10/03/007,garin gawo primary school ii,garin gawo (ward: 03) - yobe
1321,yobe,karasawa,garin gawo,35,10,03,002,35/10/03/002,"buddum, kofar maigari",garin gawo (ward: 03) - yobe
1322,yobe,karasawa,garin gawo,35,10,03,005,35/10/03/005,"ngibulwa, kofar maigari",garin gawo (ward: 03) - yobe
1323,yobe,karasawa,garin gawo,35,10,03,001,35/10/03/001,"alhajiri, kofar maigari",garin gawo (ward: 03) - yobe
1324,yobe,karasawa,garin gawo,35,10,03,003,35/10/03/003,"chulumbuta, kofar maigari",garin gawo (ward: 03) - yobe
1325,yobe,karasawa,gasma,35,10,04,007,35/10/04/007,"tabawa,  pri sch.",gasma (ward: 04) - yobe
1326,yobe,karasawa,gasma,35,10,04,009,35/10/04/009,"zango, zango kanwa open space",gasma (ward: 04) - yobe
1327,yobe,karasawa,gasma,35,10,04,010,35/10/04/010,gasma lawanti kofar lawan ii,gasma (ward: 04) - yobe
1328,yobe,karasawa,gasma,35,10,04,011,35/10/04/011,tabawa primary school ii,gasma (ward: 04) - yobe
1329,yobe,karasawa,gasma,35,10,04,008,35/10/04/008,"tarchari, kofar maigari",gasma (ward: 04) - yobe
1330,yobe,karasawa,gasma,35,10,04,006,35/10/04/006,"gasma ung.musa, kofar maiung. musa",gasma (ward: 04) - yobe
1331,yobe,karasawa,gasma,35,10,04,005,35/10/04/005,"gasma lawanti, kofar lawan",gasma (ward: 04) - yobe
1332,yobe,karasawa,gasma,35,10,04,002,35/10/04/002,"garin amadu, kofar maigari",gasma (ward: 04) - yobe
1333,yobe,karasawa,gasma,35,10,04,003,35/10/04/003,"garin hassan, kofar maigari",gasma (ward: 04) - yobe
1334,yobe,karasawa,gasma,35,10,04,004,35/10/04/004,garin mainau kofar mai gari,gasma (ward: 04) - yobe
1335,yobe,karasawa,gasma,35,10,04,001,35/10/04/001,"gadan dinya, kofar maigari",gasma (ward: 04) - yobe
1336,yobe,karasawa,jaji maji,35,10,05,023,35/10/05/023,tsangaya kofar mai unguwa iv,jaji  maji (ward: 05) - yobe
1337,yobe,karasawa,jaji maji,35,10,05,022,35/10/05/022,tsangaya kofar mai unguwa iii,jaji  maji (ward: 05) - yobe
1338,yobe,karasawa,jaji maji,35,10,05,021,35/10/05/021,tsangaya kofar mai unguwa ii,jaji  maji (ward: 05) - yobe
1339,yobe,karasawa,jaji maji,35,10,05,020,35/10/05/020,shafaru abasha ii,jaji  maji (ward: 05) - yobe
1340,yobe,karasawa,jaji maji,35,10,05,019,35/10/05/019,mallaika kofar mai anguwa ii,jaji  maji (ward: 05) - yobe
1341,yobe,karasawa,jaji maji,35,10,05,018,35/10/05/018,jaji maji primary school iii,jaji  maji (ward: 05) - yobe
1342,yobe,karasawa,jaji maji,35,10,05,017,35/10/05/017,jaji maji primary school ii,jaji  maji (ward: 05) - yobe
1343,yobe,karasawa,jaji maji,35,10,05,016,35/10/05/016,bulamari kofar mai anguwa iii,jaji  maji (ward: 05) - yobe
1344,yobe,karasawa,jaji maji,35,10,05,015,35/10/05/015,bulamari kofar mai anguwa ii,jaji  maji (ward: 05) - yobe
1345,yobe,karasawa,jaji maji,35,10,05,014,35/10/05/014,marami kofar mai anguwa ii,jaji  maji (ward: 05) - yobe
1346,yobe,karasawa,jaji maji,35,10,05,011,35/10/05/011,"ngibutuwa, kofar maiunguwa",jaji  maji (ward: 05) - yobe
1347,yobe,karasawa,jaji maji,35,10,05,010,35/10/05/010,"ngiledu, kofar maiunguwa",jaji  maji (ward: 05) - yobe
1348,yobe,karasawa,jaji maji,35,10,05,009,35/10/05/009,"mai lauri, kofar maiunguwa",jaji  maji (ward: 05) - yobe
1349,yobe,karasawa,jaji maji,35,10,05,008,35/10/05/008,"mallaika, kofar maiunguwa",jaji  maji (ward: 05) - yobe
1350,yobe,karasawa,jaji maji,35,10,05,007,35/10/05/007,"jajeri, kofar maiunguwa",jaji  maji (ward: 05) - yobe
1351,yobe,karasawa,jaji maji,35,10,05,006,35/10/05/006,jaji maji  - primary school,jaji  maji (ward: 05) - yobe
1352,yobe,karasawa,jaji maji,35,10,05,005,35/10/05/005,jaji maji bulamari - kofar mai anguwa,jaji  maji (ward: 05) - yobe
1353,yobe,karasawa,jaji maji,35,10,05,004,35/10/05/004,"garin jirma, kofar maigari",jaji  maji (ward: 05) - yobe
1354,yobe,karasawa,jaji maji,35,10,05,003,35/10/05/003,"chakama, kofar maiunguwa",jaji  maji (ward: 05) - yobe
1355,yobe,karasawa,jaji maji,35,10,05,002,35/10/05/002,"bula kachallam, dandali",jaji  maji (ward: 05) - yobe
1356,yobe,karasawa,jaji maji,35,10,05,001,35/10/05/001,"anuguwar marami, kofar mai ung.",jaji  maji (ward: 05) - yobe
1357,yobe,karasawa,jaji maji,35,10,05,013,35/10/05/013,"tsangaya, kofar mai ung.",jaji  maji (ward: 05) - yobe
1358,yobe,karasawa,jaji maji,35,10,05,012,35/10/05/012,"shafura, abasha kofar unguwa",jaji  maji (ward: 05) - yobe
1359,yobe,karasawa,karasuwa galu,35,10,06,005,35/10/06/005,garin goni yahaya kofar mai gari,karasuwa galu (ward: 06) - yobe
1360,yobe,karasawa,karasuwa galu,35,10,06,009,35/10/06/009,dogon daji ii,karasuwa galu (ward: 06) - yobe
1361,yobe,karasawa,karasuwa galu,35,10,06,004,35/10/06/004,garin mella kofar mai gari,karasuwa galu (ward: 06) - yobe
1362,yobe,karasawa,karasuwa galu,35,10,06,008,35/10/06/008,"rumfar kara,  kofa  maigari",karasuwa galu (ward: 06) - yobe
1363,yobe,karasawa,karasuwa galu,35,10,06,003,35/10/06/003,"garin atta,  kofar maigari",karasuwa galu (ward: 06) - yobe
1364,yobe,karasawa,karasuwa galu,35,10,06,011,35/10/06/011,garin goni yahaya ii,karasuwa galu (ward: 06) - yobe
1365,yobe,karasawa,karasuwa galu,35,10,06,002,35/10/06/002,"dogon daji, kofar maigari",karasuwa galu (ward: 06) - yobe
1366,yobe,karasawa,karasuwa galu,35,10,06,001,35/10/06/001,"chumbusko, kofar maigari",karasuwa galu (ward: 06) - yobe
1367,yobe,karasawa,karasuwa galu,35,10,06,006,35/10/06/006,"karasuwa galu,  kofar kawan",karasuwa galu (ward: 06) - yobe
1368,yobe,karasawa,karasuwa galu,35,10,06,010,35/10/06/010,garin mella ii,karasuwa galu (ward: 06) - yobe
1369,yobe,karasawa,karasuwa galu,35,10,06,007,35/10/06/007,"karasuwa galu,  primary school",karasuwa galu (ward: 06) - yobe
1370,yobe,karasawa,karauswa garu guna,35,10,07,024,35/10/07/024,karasuwa market primary school ii,karauswa garu guna (ward: 07) - yobe
1371,yobe,karasawa,karauswa garu guna,35,10,07,023,35/10/07/023,garin jarma lawan ii,karauswa garu guna (ward: 07) - yobe
1372,yobe,karasawa,karauswa garu guna,35,10,07,021,35/10/07/021,"ngerere, bakin kasuwa",karauswa garu guna (ward: 07) - yobe
1373,yobe,karasawa,karauswa garu guna,35,10,07,020,35/10/07/020,memeji simeldi open space,karauswa garu guna (ward: 07) - yobe
1374,yobe,karasawa,karauswa garu guna,35,10,07,019,35/10/07/019,"mami ram, kofar maigari",karauswa garu guna (ward: 07) - yobe
1375,yobe,karasawa,karauswa garu guna,35,10,07,018,35/10/07/018,magarari bukku kofar mai gari,karauswa garu guna (ward: 07) - yobe
1376,yobe,karasawa,karauswa garu guna,35,10,07,016,35/10/07/016,lamido ngaine,karauswa garu guna (ward: 07) - yobe
1377,yobe,karasawa,karauswa garu guna,35,10,07,017,35/10/07/017,"madu gabari, kofar maigari",karauswa garu guna (ward: 07) - yobe
1378,yobe,karasawa,karauswa garu guna,35,10,07,015,35/10/07/015,"kafetowa,  kofar maigari",karauswa garu guna (ward: 07) - yobe
1379,yobe,karasawa,karauswa garu guna,35,10,07,014,35/10/07/014,"kafetowa, bakin inji.",karauswa garu guna (ward: 07) - yobe
1380,yobe,karasawa,karauswa garu guna,35,10,07,013,35/10/07/013,"karasuwa mai kasuwa,  pri. sch.",karauswa garu guna (ward: 07) - yobe
1381,yobe,karasawa,karauswa garu guna,35,10,07,012,35/10/07/012,hardo d.o. kinnariram open space,karauswa garu guna (ward: 07) - yobe
1382,yobe,karasawa,karauswa garu guna,35,10,07,011,35/10/07/011,garin alh hassan kofar mai gari,karauswa garu guna (ward: 07) - yobe
1383,yobe,karasawa,karauswa garu guna,35,10,07,010,35/10/07/010,"garun guna, kofar maigari",karauswa garu guna (ward: 07) - yobe
1384,yobe,karasawa,karauswa garu guna,35,10,07,009,35/10/07/009,"garin jarma, lawanti",karauswa garu guna (ward: 07) - yobe
1385,yobe,karasawa,karauswa garu guna,35,10,07,008,35/10/07/008,"fulatari g. mammadu, kofar mammadu",karauswa garu guna (ward: 07) - yobe
1386,yobe,karasawa,karauswa garu guna,35,10,07,007,35/10/07/007,"fulatari hardo kabo, kofar mai hardo kabo",karauswa garu guna (ward: 07) - yobe
1387,yobe,karasawa,karauswa garu guna,35,10,07,006,35/10/07/006,"fulatari abuja, abuja kofar maigari",karauswa garu guna (ward: 07) - yobe
1388,yobe,karasawa,karauswa garu guna,35,10,07,005,35/10/07/005,"dalari, kofar maigari",karauswa garu guna (ward: 07) - yobe
1389,yobe,karasawa,karauswa garu guna,35,10,07,004,35/10/07/004,borogel garin mammo k/mai gari,karauswa garu guna (ward: 07) - yobe
1390,yobe,karasawa,karauswa garu guna,35,10,07,003,35/10/07/003,"biridi, kofar maigari",karauswa garu guna (ward: 07) - yobe
1391,yobe,karasawa,karauswa garu guna,35,10,07,002,35/10/07/002,aliti lamido audu open space,karauswa garu guna (ward: 07) - yobe
1392,yobe,karasawa,karauswa garu guna,35,10,07,001,35/10/07/001,garin umar abaridi kofar mai gari,karauswa garu guna (ward: 07) - yobe
1393,yobe,karasawa,karauswa garu guna,35,10,07,022,35/10/07/022,tekuri mastafari open space,karauswa garu guna (ward: 07) - yobe
1394,yobe,karasawa,wachakal,35,10,08,006,35/10/08/006,wachakal dala dispensary ii,wachakal (ward: 08) - yobe
1395,yobe,karasawa,wachakal,35,10,08,005,35/10/08/005,wachakal dala primary school ii,wachakal (ward: 08) - yobe
1396,yobe,karasawa,wachakal,35,10,08,004,35/10/08/004,kofar mai gari ii,wachakal (ward: 08) - yobe
1397,yobe,karasawa,wachakal,35,10,08,003,35/10/08/003,"wachakal dala, dispensary",wachakal (ward: 08) - yobe
1398,yobe,karasawa,wachakal,35,10,08,002,35/10/08/002,"wachakal dala,  pri. sch.",wachakal (ward: 08) - yobe
1399,yobe,karasawa,wachakal,35,10,08,001,35/10/08/001,"wachakal dala, kofar maigari",wachakal (ward: 08) - yobe
1400,yobe,karasawa,waro,35,10,09,003,35/10/09/003,mainari kafi kofar mai gari,waro (ward: 09) - yobe
1401,yobe,karasawa,waro,35,10,09,004,35/10/09/004,waro ngamfatuwa kofar lawan,waro (ward: 09) - yobe
1402,yobe,karasawa,waro,35,10,09,005,35/10/09/005,"zaunari, kofar maigari",waro (ward: 09) - yobe
1403,yobe,karasawa,waro,35,10,09,001,35/10/09/001,"karau kawu, kofar maigari",waro (ward: 09) - yobe
1404,yobe,karasawa,waro,35,10,09,002,35/10/09/002,lamido hassan kofar mai gari,waro (ward: 09) - yobe
1405,yobe,karasawa,yajiri,35,10,10,010,35/10/10/010,bularafi kofar maigari  ii,yajiri (ward: 10) - yobe
1406,yobe,karasawa,yajiri,35,10,10,004,35/10/10/004,"damamini, kofar maigari",yajiri (ward: 10) - yobe
1407,yobe,karasawa,yajiri,35,10,10,009,35/10/10/009,ballewa kofar maigari ii,yajiri (ward: 10) - yobe
1408,yobe,karasawa,yajiri,35,10,10,011,35/10/10/011,damamini kofar maigari ii,yajiri (ward: 10) - yobe
1409,yobe,karasawa,yajiri,35,10,10,007,35/10/10/007,"jajeri,  pri. sch.",yajiri (ward: 10) - yobe
1410,yobe,karasawa,yajiri,35,10,10,008,35/10/10/008,"nojari,  kofar maigari",yajiri (ward: 10) - yobe
1411,yobe,karasawa,yajiri,35,10,10,003,35/10/10/003,"bularafi, kofar maigari",yajiri (ward: 10) - yobe
1412,yobe,karasawa,yajiri,35,10,10,005,35/10/10/005,"gremadi, kofar maigari",yajiri (ward: 10) - yobe
1413,yobe,karasawa,yajiri,35,10,10,012,35/10/10/012,yajeri primary school ii,yajiri (ward: 10) - yobe
1414,yobe,karasawa,yajiri,35,10,10,006,35/10/10/006,isari kofar mai gari,yajiri (ward: 10) - yobe
1415,yobe,karasawa,yajiri,35,10,10,002,35/10/10/002,"bula ngibiya, kofar maigari",yajiri (ward: 10) - yobe
1416,yobe,karasawa,yajiri,35,10,10,001,35/10/10/001,"ballewa, kofar maigari",yajiri (ward: 10) - yobe
1417,yobe,gulani,bara,35,08,01,007,35/08/01/007,usman/bado.ardo goji gate,bara (ward: 01) - yobe
1418,yobe,gulani,bara,35,08,01,011,35/08/01/011,bara primary school iii,bara (ward: 01) - yobe
1419,yobe,gulani,bara,35,08,01,010,35/08/01/010,bara primary school ii,bara (ward: 01) - yobe
1420,yobe,gulani,bara,35,08,01,012,35/08/01/012,bara primary school iv,bara (ward: 01) - yobe
1421,yobe,gulani,bara,35,08,01,009,35/08/01/009,sandi / tsangaya sandi ganji gate,bara (ward: 01) - yobe
1422,yobe,gulani,bara,35,08,01,008,35/08/01/008,duchi m. midala duchi pri school,bara (ward: 01) - yobe
1423,yobe,gulani,bara,35,08,01,006,35/08/01/006,"borno yesu, mai kyari gate",bara (ward: 01) - yobe
1424,yobe,gulani,bara,35,08,01,014,35/08/01/014,bara b. kafula dispensary iii,bara (ward: 01) - yobe
1425,yobe,gulani,bara,35,08,01,005,35/08/01/005,"birnin gadam, birnin gadam",bara (ward: 01) - yobe
1426,yobe,gulani,bara,35,08,01,013,35/08/01/013,bara b. kafula dispensary ii,bara (ward: 01) - yobe
1427,yobe,gulani,bara,35,08,01,002,35/08/01/002,"bara.bara, pri. sch.",bara (ward: 01) - yobe
1428,yobe,gulani,bara,35,08,01,001,35/08/01/001,"alhaji wadi, alh. wadi gate",bara (ward: 01) - yobe
1429,yobe,gulani,bara,35,08,01,004,35/08/01/004,"bara b. kafula,  market",bara (ward: 01) - yobe
1430,yobe,gulani,bara,35,08,01,003,35/08/01/003,"bara b. kafula, dispensary",bara (ward: 01) - yobe
1431,yobe,gulani,borno kiji/tetteba,35,08,02,004,35/08/02/004,garin ayada open space,borno kiji/tetteba (ward: 02) - yobe
1432,yobe,gulani,borno kiji/tetteba,35,08,02,014,35/08/02/014,tetteba primary school ii,borno kiji/tetteba (ward: 02) - yobe
1433,yobe,gulani,borno kiji/tetteba,35,08,02,013,35/08/02/013,"yango, yakubu gate",borno kiji/tetteba (ward: 02) - yobe
1434,yobe,gulani,borno kiji/tetteba,35,08,02,007,35/08/02/007,maikano ibrahim garin mai kano (o.s),borno kiji/tetteba (ward: 02) - yobe
1435,yobe,gulani,borno kiji/tetteba,35,08,02,003,35/08/02/003,"garin aboyi, yelwa  abuna gate",borno kiji/tetteba (ward: 02) - yobe
1436,yobe,gulani,borno kiji/tetteba,35,08,02,008,35/08/02/008,"tetteba, pri. sch.",borno kiji/tetteba (ward: 02) - yobe
1437,yobe,gulani,borno kiji/tetteba,35,08,02,011,35/08/02/011,tetteba mudi tela bukar gate,borno kiji/tetteba (ward: 02) - yobe
1438,yobe,gulani,borno kiji/tetteba,35,08,02,006,35/08/02/006,mai kano ibrahim dahiru gate,borno kiji/tetteba (ward: 02) - yobe
1439,yobe,gulani,borno kiji/tetteba,35,08,02,009,35/08/02/009,"tetteba, market place",borno kiji/tetteba (ward: 02) - yobe
1440,yobe,gulani,borno kiji/tetteba,35,08,02,005,35/08/02/005,marwa gaja open space,borno kiji/tetteba (ward: 02) - yobe
1441,yobe,gulani,borno kiji/tetteba,35,08,02,001,35/08/02/001,alagarno muh'd mai hulla gate,borno kiji/tetteba (ward: 02) - yobe
1442,yobe,gulani,borno kiji/tetteba,35,08,02,002,35/08/02/002,"borno kiji, adamu karere gate",borno kiji/tetteba (ward: 02) - yobe
1443,yobe,gulani,borno kiji/tetteba,35,08,02,012,35/08/02/012,t.s/ym/musa. alh. juju gate,borno kiji/tetteba (ward: 02) - yobe
1444,yobe,gulani,borno kiji/tetteba,35,08,02,010,35/08/02/010,tetteba garin njilde open space,borno kiji/tetteba (ward: 02) - yobe
1445,yobe,gulani,bularafa,35,08,03,012,35/08/03/012,"kukuwa, primary school ii",bularafa (ward: 03) - yobe
1446,yobe,gulani,bularafa,35,08,03,011,35/08/03/011,"bularafa, secondary school ii",bularafa (ward: 03) - yobe
1447,yobe,gulani,bularafa,35,08,03,008,35/08/03/008,bularafa lawanti primary school ii,bularafa (ward: 03) - yobe
1448,yobe,gulani,bularafa,35,08,03,010,35/08/03/010,"bularafa, alh shuaibu gate ii",bularafa (ward: 03) - yobe
1449,yobe,gulani,bularafa,35,08,03,009,35/08/03/009,"bularafa, old market ii",bularafa (ward: 03) - yobe
1450,yobe,gulani,bularafa,35,08,03,007,35/08/03/007,"shishiwaji, pri. sch.",bularafa (ward: 03) - yobe
1451,yobe,gulani,bularafa,35,08,03,002,35/08/03/002,"bularafa, old market",bularafa (ward: 03) - yobe
1452,yobe,gulani,bularafa,35,08,03,006,35/08/03/006,"kukuwa, pri. sch.",bularafa (ward: 03) - yobe
1453,yobe,gulani,bularafa,35,08,03,003,35/08/03/003,"bularafa,  alh. shuaibu gate",bularafa (ward: 03) - yobe
1454,yobe,gulani,bularafa,35,08,03,005,35/08/03/005,"chilari bandila, bandila gate",bularafa (ward: 03) - yobe
1455,yobe,gulani,bularafa,35,08,03,004,35/08/03/004,"bularafa, secondary school",bularafa (ward: 03) - yobe
1456,yobe,gulani,bularafa,35,08,03,001,35/08/03/001,"bularafa lawanti , pri. sch.",bularafa (ward: 03) - yobe
1457,yobe,gulani,bularafa,35,08,03,013,35/08/03/013,"shishiwaji, primary school ii",bularafa (ward: 03) - yobe
1458,yobe,gulani,bumsa,35,08,04,013,35/08/04/013,"bumsa, audu k gate ii",bumsa (ward: 04) - yobe
1459,yobe,gulani,bumsa,35,08,04,014,35/08/04/014,"bumsa, dan kanchi gate ii",bumsa (ward: 04) - yobe
1460,yobe,gulani,bumsa,35,08,04,012,35/08/04/012,"bumsa, sani's gate ii",bumsa (ward: 04) - yobe
1461,yobe,gulani,bumsa,35,08,04,011,35/08/04/011,"bumsa, bumsa market iii",bumsa (ward: 04) - yobe
1462,yobe,gulani,bumsa,35,08,04,010,35/08/04/010,"tela baidu bumsa, tela b. gate",bumsa (ward: 04) - yobe
1463,yobe,gulani,bumsa,35,08,04,006,35/08/04/006,"gar gari,  pri. sch. i",bumsa (ward: 04) - yobe
1464,yobe,gulani,bumsa,35,08,04,009,35/08/04/009,"ngurum .m.sambo, pri. sch. ii",bumsa (ward: 04) - yobe
1465,yobe,gulani,bumsa,35,08,04,008,35/08/04/008,"ngurum .m.sambo, pri. sch. i",bumsa (ward: 04) - yobe
1466,yobe,gulani,bumsa,35,08,04,005,35/08/04/005,"dan kanchi, dan k. gate",bumsa (ward: 04) - yobe
1467,yobe,gulani,bumsa,35,08,04,007,35/08/04/007,"gar gari,  pri. sch. ii",bumsa (ward: 04) - yobe
1468,yobe,gulani,bumsa,35,08,04,003,35/08/04/003,"bumsa, sani's gate",bumsa (ward: 04) - yobe
1469,yobe,gulani,bumsa,35,08,04,002,35/08/04/002,"bumsa, bumsa market ii",bumsa (ward: 04) - yobe
1470,yobe,gulani,bumsa,35,08,04,001,35/08/04/001,"bumsa, bumsa market i",bumsa (ward: 04) - yobe
1471,yobe,gulani,bumsa,35,08,04,004,35/08/04/004,"bumsa, audu k. gate",bumsa (ward: 04) - yobe
1472,yobe,gulani,dokshi,35,08,05,007,35/08/05/007,"zango kaljiwa m, idi gate",dokshi (ward: 05) - yobe
1473,yobe,gulani,dokshi,35,08,05,004,35/08/05/004,"garin jauro, jauro adamu",dokshi (ward: 05) - yobe
1474,yobe,gulani,dokshi,35,08,05,006,35/08/05/006,zango kaljiwa zango market,dokshi (ward: 05) - yobe
1475,yobe,gulani,dokshi,35,08,05,002,35/08/05/002,"doshi, pri. sch. / dokshi primary school ii",dokshi (ward: 05) - yobe
1476,yobe,gulani,dokshi,35,08,05,003,35/08/05/003,dokshi  market,dokshi (ward: 05) - yobe
1477,yobe,gulani,dokshi,35,08,05,001,35/08/05/001,"doshi, pri. sch. / dokshi primary school i",dokshi (ward: 05) - yobe
1478,yobe,gulani,dokshi,35,08,05,005,35/08/05/005,mann m. yakudi open space,dokshi (ward: 05) - yobe
1479,yobe,gulani,gabai,35,08,06,004,35/08/06/004,"gabai mainyiwa,  pri. sch.",gabai (ward: 06) - yobe
1480,yobe,gulani,gabai,35,08,06,012,35/08/06/012,"nguzoa, musa gate ii",gabai (ward: 06) - yobe
1481,yobe,gulani,gabai,35,08,06,011,35/08/06/011,"kojoli, babban doki musa gate ii",gabai (ward: 06) - yobe
1482,yobe,gulani,gabai,35,08,06,008,35/08/06/008,"sallare, audu g. gate",gabai (ward: 06) - yobe
1483,yobe,gulani,gabai,35,08,06,010,35/08/06/010,"gabai, mainyiwa primary school iii",gabai (ward: 06) - yobe
1484,yobe,gulani,gabai,35,08,06,006,35/08/06/006,nainala kolofa wami gate,gabai (ward: 06) - yobe
1485,yobe,gulani,gabai,35,08,06,009,35/08/06/009,"gabai, mainyiwa primary school ii",gabai (ward: 06) - yobe
1486,yobe,gulani,gabai,35,08,06,007,35/08/06/007,"nguzoa, manuwa musa gate",gabai (ward: 06) - yobe
1487,yobe,gulani,gabai,35,08,06,001,35/08/06/001,bursari mai ung. gate,gabai (ward: 06) - yobe
1488,yobe,gulani,gabai,35,08,06,005,35/08/06/005,"kojoli   babba doki , musa's gate",gabai (ward: 06) - yobe
1489,yobe,gulani,gabai,35,08,06,002,35/08/06/002,"chandam mainari , pri. sch. i",gabai (ward: 06) - yobe
1490,yobe,gulani,gabai,35,08,06,003,35/08/06/003,"chandam mainari,  pri. sch. ii",gabai (ward: 06) - yobe
1491,yobe,gulani,gagure,35,08,07,009,35/08/07/009,gagure primary school ii,gagure (ward: 07) - yobe
1492,yobe,gulani,gagure,35,08,07,010,35/08/07/010,gagure primary school iii,gagure (ward: 07) - yobe
1493,yobe,gulani,gagure,35,08,07,008,35/08/07/008,badigo primary school ii,gagure (ward: 07) - yobe
1494,yobe,gulani,gagure,35,08,07,007,35/08/07/007,yelwa garba alarama i. gate,gagure (ward: 07) - yobe
1495,yobe,gulani,gagure,35,08,07,006,35/08/07/006,"kotum b. shuaibu, sale boduku gate",gagure (ward: 07) - yobe
1496,yobe,gulani,gagure,35,08,07,005,35/08/07/005,garin yaya a. bauchi/ibrahim gate,gagure (ward: 07) - yobe
1497,yobe,gulani,gagure,35,08,07,004,35/08/07/004,"gagure, pri. sch.",gagure (ward: 07) - yobe
1498,yobe,gulani,gagure,35,08,07,003,35/08/07/003,"fishigo,fishingo town",gagure (ward: 07) - yobe
1499,yobe,gulani,gagure,35,08,07,002,35/08/07/002,"dantoro, dantaro gate",gagure (ward: 07) - yobe
1500,yobe,gulani,gagure,35,08,07,001,35/08/07/001,badigo/badigoro pri. sch.,gagure (ward: 07) - yobe
1501,yobe,gulani,garin tuwo,35,08,08,011,35/08/08/011,malaya rimary school iv,garin tuwo (ward: 08) - yobe
1502,yobe,gulani,garin tuwo,35,08,08,009,35/08/08/009,garin tuwo m haruna gate ii,garin tuwo (ward: 08) - yobe
1503,yobe,gulani,garin tuwo,35,08,08,010,35/08/08/010,"malaya, primary school iii",garin tuwo (ward: 08) - yobe
1504,yobe,gulani,garin tuwo,35,08,08,008,35/08/08/008,"garin tuwo, dan kaka gate ii",garin tuwo (ward: 08) - yobe
1505,yobe,gulani,garin tuwo,35,08,08,007,35/08/08/007,"jauro adamu, sarkin noma gate",garin tuwo (ward: 08) - yobe
1506,yobe,gulani,garin tuwo,35,08,08,006,35/08/08/006,"janna m. umaru, m. umaru gate",garin tuwo (ward: 08) - yobe
1507,yobe,gulani,garin tuwo,35,08,08,002,35/08/08/002,"garin tuwo b ya'u,  m.haruna dagore",garin tuwo (ward: 08) - yobe
1508,yobe,gulani,garin tuwo,35,08,08,004,35/08/08/004,"garin tuwo  malaya, pri.  sch. ii",garin tuwo (ward: 08) - yobe
1509,yobe,gulani,garin tuwo,35,08,08,005,35/08/08/005,"garin sarikin noma,  .m. moh'd gate",garin tuwo (ward: 08) - yobe
1510,yobe,gulani,garin tuwo,35,08,08,003,35/08/08/003,"garin tuwo  malaya,  pri. sch. i",garin tuwo (ward: 08) - yobe
1511,yobe,gulani,garin tuwo,35,08,08,001,35/08/08/001,"garin tuwo b.  yau, dan kaka gate",garin tuwo (ward: 08) - yobe
1512,yobe,gulani,gulani,35,08,09,006,35/08/09/006,"gulani lawanti, tsangaya",gulani (ward: 09) - yobe
1513,yobe,gulani,gulani,35,08,09,005,35/08/09/005,"gulani lawanti,  gulani lawanti",gulani (ward: 09) - yobe
1514,yobe,gulani,gulani,35,08,09,004,35/08/09/004,"gulani lawanti,  alh. kolo gate",gulani (ward: 09) - yobe
1515,yobe,gulani,gulani,35,08,09,001,35/08/09/001,"gulani lawanti, viewing  centre i",gulani (ward: 09) - yobe
1516,yobe,gulani,gulani,35,08,09,002,35/08/09/002,"gulani lawanti, viewing centre ii",gulani (ward: 09) - yobe
1517,yobe,gulani,gulani,35,08,09,003,35/08/09/003,"gulani lawanti, opposite.viewing centre",gulani (ward: 09) - yobe
1518,yobe,gulani,kushimaga,35,08,10,006,35/08/10/006,"kushimaga, musa garba gate ii",kushimaga (ward: 10) - yobe
1519,yobe,gulani,kushimaga,35,08,10,005,35/08/10/005,"ngelzarma, ibrahim tela gate",kushimaga (ward: 10) - yobe
1520,yobe,gulani,kushimaga,35,08,10,004,35/08/10/004,"kupto gana, kupto gana gate",kushimaga (ward: 10) - yobe
1521,yobe,gulani,kushimaga,35,08,10,002,35/08/10/002,"garin m. garba , m.garba gate",kushimaga (ward: 10) - yobe
1522,yobe,gulani,kushimaga,35,08,10,001,35/08/10/001,"awala fantami, alh. ibrahim gate",kushimaga (ward: 10) - yobe
1523,yobe,gulani,kushimaga,35,08,10,003,35/08/10/003,kushi maga musa garba gate,kushimaga (ward: 10) - yobe
1524,yobe,gulani,njibulwa,35,08,11,012,35/08/11/012,"zamfarari bagardo, tela hannali gate",njibulwa (ward: 11) - yobe
1525,yobe,gulani,njibulwa,35,08,11,015,35/08/11/015,njibulwa  primary school ii,njibulwa (ward: 11) - yobe
1526,yobe,gulani,njibulwa,35,08,11,014,35/08/11/014,njibulwa  primary school i,njibulwa (ward: 11) - yobe
1527,yobe,gulani,njibulwa,35,08,11,013,35/08/11/013,njibulwa b hassan market place iii,njibulwa (ward: 11) - yobe
1528,yobe,gulani,njibulwa,35,08,11,010,35/08/11/010,yelle ibrahiim y.sale open space,njibulwa (ward: 11) - yobe
1529,yobe,gulani,njibulwa,35,08,11,011,35/08/11/011,zamfarari g. tela halwalis gate.,njibulwa (ward: 11) - yobe
1530,yobe,gulani,njibulwa,35,08,11,009,35/08/11/009,"njibulwa b, hassan pri. sch.",njibulwa (ward: 11) - yobe
1531,yobe,gulani,njibulwa,35,08,11,008,35/08/11/008,"njibulwa b, hassan.market place ii",njibulwa (ward: 11) - yobe
1532,yobe,gulani,njibulwa,35,08,11,007,35/08/11/007,"njibulwa b, hassan.market place i",njibulwa (ward: 11) - yobe
1533,yobe,gulani,njibulwa,35,08,11,006,35/08/11/006,"yaryen m. goje, goje market",njibulwa (ward: 11) - yobe
1534,yobe,gulani,njibulwa,35,08,11,005,35/08/11/005,"mabani m.b.kyari, alh sabo gate",njibulwa (ward: 11) - yobe
1535,yobe,gulani,njibulwa,35,08,11,004,35/08/11/004,"gwaya dungu, market gate",njibulwa (ward: 11) - yobe
1536,yobe,gulani,njibulwa,35,08,11,002,35/08/11/002,"galtimari,tela abdulkarim gate",njibulwa (ward: 11) - yobe
1537,yobe,gulani,njibulwa,35,08,11,001,35/08/11/001,"bakki yayum,yayum b.b gate",njibulwa (ward: 11) - yobe
1538,yobe,gulani,njibulwa,35,08,11,003,35/08/11/003,garin abdullahi open space,njibulwa (ward: 11) - yobe
1539,yobe,gulani,ruhu,35,08,12,009,35/08/12/009,"ruhu, ruwan kuka ii",ruhu (ward: 12) - yobe
1540,yobe,gulani,ruhu,35,08,12,008,35/08/12/008,"ruhu  kakat alh., makeri gate",ruhu (ward: 12) - yobe
1541,yobe,gulani,ruhu,35,08,12,006,35/08/12/006,"ruhu j. halilu, tinau gate",ruhu (ward: 12) - yobe
1542,yobe,gulani,ruhu,35,08,12,007,35/08/12/007,"ruhu j. halilu, m.saidu gate",ruhu (ward: 12) - yobe
1543,yobe,gulani,ruhu,35,08,12,005,35/08/12/005,"ruhu , garin j.m pri. sch.",ruhu (ward: 12) - yobe
1544,yobe,gulani,ruhu,35,08,12,004,35/08/12/004,"ruhu, mai ung. gate",ruhu (ward: 12) - yobe
1545,yobe,gulani,ruhu,35,08,12,002,35/08/12/002,"choka dalha, mai jirgi gate",ruhu (ward: 12) - yobe
1546,yobe,gulani,ruhu,35,08,12,003,35/08/12/003,"g.j tambai choka, choka market",ruhu (ward: 12) - yobe
1547,yobe,gulani,ruhu,35,08,12,001,35/08/12/001,"choka ammani, musa gate",ruhu (ward: 12) - yobe
1548,yobe,jakusko,buduwa / saminaka,35,09,01,005,35/09/01/005,"gurbana k., bulama",buduwa / saminaka (ward: 01) - yobe
1549,yobe,jakusko,buduwa / saminaka,35,09,01,002,35/09/01/002,"buduwa bore hole , kofar lawan",buduwa / saminaka (ward: 01) - yobe
1550,yobe,jakusko,buduwa / saminaka,35,09,01,001,35/09/01/001,buduwa primary school,buduwa / saminaka (ward: 01) - yobe
1551,yobe,jakusko,buduwa / saminaka,35,09,01,006,35/09/01/006,"lamindo haro , lamido haro",buduwa / saminaka (ward: 01) - yobe
1552,yobe,jakusko,buduwa / saminaka,35,09,01,008,35/09/01/008,babbar makaranta solar borehole,buduwa / saminaka (ward: 01) - yobe
1553,yobe,jakusko,buduwa / saminaka,35,09,01,010,35/09/01/010,buduwa mch,buduwa / saminaka (ward: 01) - yobe
1554,yobe,jakusko,buduwa / saminaka,35,09,01,007,35/09/01/007,"saminaka, primary school",buduwa / saminaka (ward: 01) - yobe
1555,yobe,jakusko,buduwa / saminaka,35,09,01,009,35/09/01/009,kaluluwa open space,buduwa / saminaka (ward: 01) - yobe
1556,yobe,jakusko,buduwa / saminaka,35,09,01,011,35/09/01/011,goneri garin saje primary school,buduwa / saminaka (ward: 01) - yobe
1557,yobe,jakusko,buduwa / saminaka,35,09,01,012,35/09/01/012,lamido nyako borehole,buduwa / saminaka (ward: 01) - yobe
1558,yobe,jakusko,buduwa / saminaka,35,09,01,013,35/09/01/013,fane b borehole,buduwa / saminaka (ward: 01) - yobe
1559,yobe,jakusko,buduwa / saminaka,35,09,01,004,35/09/01/004,"fane , rrijiya fane",buduwa / saminaka (ward: 01) - yobe
1560,yobe,jakusko,buduwa / saminaka,35,09,01,003,35/09/01/003,dagarawa / g. babawuro dagarawa,buduwa / saminaka (ward: 01) - yobe
1561,yobe,jakusko,dumbari,35,09,02,002,35/09/02/002,"bakin rijiya/bigarwa,lamido bulama gate",dumbari (ward: 02) - yobe
1562,yobe,jakusko,dumbari,35,09,02,001,35/09/02/001,ariri/ariri gunkai ariri pri. sch.,dumbari (ward: 02) - yobe
1563,yobe,jakusko,dumbari,35,09,02,013,35/09/02/013,"katangana,  pri. sch.",dumbari (ward: 02) - yobe
1564,yobe,jakusko,dumbari,35,09,02,012,35/09/02/012,"katangana, k.bulama",dumbari (ward: 02) - yobe
1565,yobe,jakusko,dumbari,35,09,02,011,35/09/02/011,"gumalawa, gumalawa",dumbari (ward: 02) - yobe
1566,yobe,jakusko,dumbari,35,09,02,010,35/09/02/010,gujarma tuduniya open space,dumbari (ward: 02) - yobe
1567,yobe,jakusko,dumbari,35,09,02,009,35/09/02/009,gasi/l.harunde/g.jauro gasi k. bulama,dumbari (ward: 02) - yobe
1568,yobe,jakusko,dumbari,35,09,02,006,35/09/02/006,"garin biye, kofar bulama",dumbari (ward: 02) - yobe
1569,yobe,jakusko,dumbari,35,09,02,007,35/09/02/007,"garin ilu, garin ilu",dumbari (ward: 02) - yobe
1570,yobe,jakusko,dumbari,35,09,02,008,35/09/02/008,g. magaji g. alhaji kofar bulama,dumbari (ward: 02) - yobe
1571,yobe,jakusko,dumbari,35,09,02,005,35/09/02/005,"garin baduku, kofar bulama",dumbari (ward: 02) - yobe
1572,yobe,jakusko,dumbari,35,09,02,004,35/09/02/004,dumbari bakin kasuwa,dumbari (ward: 02) - yobe
1573,yobe,jakusko,dumbari,35,09,02,003,35/09/02/003,"dadande, bakin rijiya",dumbari (ward: 02) - yobe
1574,yobe,jakusko,dumbari,35,09,02,017,35/09/02/017,bubuno primary school,dumbari (ward: 02) - yobe
1575,yobe,jakusko,dumbari,35,09,02,016,35/09/02/016,dumbari primary school,dumbari (ward: 02) - yobe
1576,yobe,jakusko,dumbari,35,09,02,014,35/09/02/014,"lamido gari,  k. bulama",dumbari (ward: 02) - yobe
1577,yobe,jakusko,dumbari,35,09,02,015,35/09/02/015,ndakwarel/garin goje kofar mai gari,dumbari (ward: 02) - yobe
1578,yobe,jakusko,gidgid / bayam,35,09,03,002,35/09/03/002,"bayam, pri. sch.",gidgid / bayam (ward: 03) - yobe
1579,yobe,jakusko,gidgid / bayam,35,09,03,011,35/09/03/011,lamido maigari kolewa/rijiya lamido,gidgid / bayam (ward: 03) - yobe
1580,yobe,jakusko,gidgid / bayam,35,09,03,004,35/09/03/004,"dodori a.,  umar dodori",gidgid / bayam (ward: 03) - yobe
1581,yobe,jakusko,gidgid / bayam,35,09,03,006,35/09/03/006,"gamboje adamu, rijiya adamu",gidgid / bayam (ward: 03) - yobe
1582,yobe,jakusko,gidgid / bayam,35,09,03,007,35/09/03/007,girgir bore hole open space,gidgid / bayam (ward: 03) - yobe
1583,yobe,jakusko,gidgid / bayam,35,09,03,010,35/09/03/010,"lafiyari, pri. sch.",gidgid / bayam (ward: 03) - yobe
1584,yobe,jakusko,gidgid / bayam,35,09,03,018,35/09/03/018,babbar tsangaya ube,gidgid / bayam (ward: 03) - yobe
1585,yobe,jakusko,gidgid / bayam,35,09,03,008,35/09/03/008,girgir kofar lawan,gidgid / bayam (ward: 03) - yobe
1586,yobe,jakusko,gidgid / bayam,35,09,03,016,35/09/03/016,unguwar arewa bakin rijiya open space bayam,gidgid / bayam (ward: 03) - yobe
1587,yobe,jakusko,gidgid / bayam,35,09,03,017,35/09/03/017,girgir primary school,gidgid / bayam (ward: 03) - yobe
1588,yobe,jakusko,gidgid / bayam,35,09,03,012,35/09/03/012,malam dogo kofar bulama,gidgid / bayam (ward: 03) - yobe
1589,yobe,jakusko,gidgid / bayam,35,09,03,015,35/09/03/015,"yauru, kofar bulama",gidgid / bayam (ward: 03) - yobe
1590,yobe,jakusko,gidgid / bayam,35,09,03,009,35/09/03/009,korso/garin biri.garin biri,gidgid / bayam (ward: 03) - yobe
1591,yobe,jakusko,gidgid / bayam,35,09,03,001,35/09/03/001,"bayam,  kofar lawan",gidgid / bayam (ward: 03) - yobe
1592,yobe,jakusko,gidgid / bayam,35,09,03,005,35/09/03/005,"gamari,  kofar bulama",gidgid / bayam (ward: 03) - yobe
1593,yobe,jakusko,gidgid / bayam,35,09,03,013,35/09/03/013,"ngajaje,  kofar bulama",gidgid / bayam (ward: 03) - yobe
1594,yobe,jakusko,gidgid / bayam,35,09,03,014,35/09/03/014,"lamido manu, kofar lamido",gidgid / bayam (ward: 03) - yobe
1595,yobe,jakusko,gidgid / bayam,35,09,03,003,35/09/03/003,"doro,  kofar bulama",gidgid / bayam (ward: 03) - yobe
1596,yobe,jakusko,gogaram,35,09,04,009,35/09/04/009,tasga kofar lawan,gogaram (ward: 04) - yobe
1597,yobe,jakusko,gogaram,35,09,04,001,35/09/04/001,"adiya, kofar bulama",gogaram (ward: 04) - yobe
1598,yobe,jakusko,gogaram,35,09,04,003,35/09/04/003,"gorgoram , district office",gogaram (ward: 04) - yobe
1599,yobe,jakusko,gogaram,35,09,04,004,35/09/04/004,"gwayo, kofar lawan",gogaram (ward: 04) - yobe
1600,yobe,jakusko,gogaram,35,09,04,005,35/09/04/005,gwayo primary school,gogaram (ward: 04) - yobe
1601,yobe,jakusko,gogaram,35,09,04,006,35/09/04/006,"guzumbana/kajuma, kofar bulama",gogaram (ward: 04) - yobe
1602,yobe,jakusko,gogaram,35,09,04,008,35/09/04/008,kurkushe dispensary,gogaram (ward: 04) - yobe
1603,yobe,jakusko,gogaram,35,09,04,010,35/09/04/010,gwayo lawanti borehole,gogaram (ward: 04) - yobe
1604,yobe,jakusko,gogaram,35,09,04,012,35/09/04/012,hausari solar borehole,gogaram (ward: 04) - yobe
1605,yobe,jakusko,gogaram,35,09,04,013,35/09/04/013,gwayo mch,gogaram (ward: 04) - yobe
1606,yobe,jakusko,gogaram,35,09,04,007,35/09/04/007,"kurkushe, kofar lawan",gogaram (ward: 04) - yobe
1607,yobe,jakusko,gogaram,35,09,04,011,35/09/04/011,kajuwa primary school,gogaram (ward: 04) - yobe
1608,yobe,jakusko,gogaram,35,09,04,002,35/09/04/002,"damasa,  kofar bulama",gogaram (ward: 04) - yobe
1609,yobe,jakusko,jaba,35,09,05,003,35/09/05/003,garin maji/ dan takunne garin maji,jaba (ward: 05) - yobe
1610,yobe,jakusko,jaba,35,09,05,007,35/09/05/007,jaba pri. sch. borehole,jaba (ward: 05) - yobe
1611,yobe,jakusko,jaba,35,09,05,009,35/09/05/009,fulatari borehole,jaba (ward: 05) - yobe
1612,yobe,jakusko,jaba,35,09,05,006,35/09/05/006,dantakunne pri. school,jaba (ward: 05) - yobe
1613,yobe,jakusko,jaba,35,09,05,004,35/09/05/004,garin m. jaji/gumus kofra bulama,jaba (ward: 05) - yobe
1614,yobe,jakusko,jaba,35,09,05,008,35/09/05/008,solar borehole unguwan tsakiya,jaba (ward: 05) - yobe
1615,yobe,jakusko,jaba,35,09,05,005,35/09/05/005,ngelsome ngelsome open space,jaba (ward: 05) - yobe
1616,yobe,jakusko,jaba,35,09,05,001,35/09/05/001,jaba/gure. harunde jaba pri. sch.,jaba (ward: 05) - yobe
1617,yobe,jakusko,jaba,35,09,05,002,35/09/05/002,jaba/gure h. kofar bulama,jaba (ward: 05) - yobe
1618,yobe,jakusko,jakusko,35,09,06,011,35/09/06/011,dakido mch,jakusko (ward: 06) - yobe
1619,yobe,jakusko,jakusko,35,09,06,014,35/09/06/014,government day junior secondary school,jakusko (ward: 06) - yobe
1620,yobe,jakusko,jakusko,35,09,06,004,35/09/06/004,"jakusko, dispensary",jakusko (ward: 06) - yobe
1621,yobe,jakusko,jakusko,35,09,06,012,35/09/06/012,general hospital jakusko,jakusko (ward: 06) - yobe
1622,yobe,jakusko,jakusko,35,09,06,008,35/09/06/008,dakido library,jakusko (ward: 06) - yobe
1623,yobe,jakusko,jakusko,35,09,06,007,35/09/06/007,mai unguwa danata open space,jakusko (ward: 06) - yobe
1624,yobe,jakusko,jakusko,35,09,06,001,35/09/06/001,"dakido, primary school",jakusko (ward: 06) - yobe
1625,yobe,jakusko,jakusko,35,09,06,017,35/09/06/017,borehole bakin tike,jakusko (ward: 06) - yobe
1626,yobe,jakusko,jakusko,35,09,06,015,35/09/06/015,central primary school jakusko,jakusko (ward: 06) - yobe
1627,yobe,jakusko,jakusko,35,09,06,018,35/09/06/018,famfon mato jakusko,jakusko (ward: 06) - yobe
1628,yobe,jakusko,jakusko,35,09,06,003,35/09/06/003,"jakusko health centre, bore hole",jakusko (ward: 06) - yobe
1629,yobe,jakusko,jakusko,35,09,06,006,35/09/06/006,jakusko viewing centre,jakusko (ward: 06) - yobe
1630,yobe,jakusko,jakusko,35,09,06,013,35/09/06/013,tsangaya primary school,jakusko (ward: 06) - yobe
1631,yobe,jakusko,jakusko,35,09,06,002,35/09/06/002,"jakusko health centre, health centre",jakusko (ward: 06) - yobe
1632,yobe,jakusko,jakusko,35,09,06,010,35/09/06/010,dakido solar borehole,jakusko (ward: 06) - yobe
1633,yobe,jakusko,jakusko,35,09,06,009,35/09/06/009,dakido primary school ii,jakusko (ward: 06) - yobe
1634,yobe,jakusko,jakusko,35,09,06,005,35/09/06/005,"jakusko, mai ung, dan atta",jakusko (ward: 06) - yobe
1635,yobe,jakusko,jakusko,35,09,06,016,35/09/06/016,central primary school borehole,jakusko (ward: 06) - yobe
1636,yobe,jakusko,jakusko,35,09,06,021,35/09/06/021,shari'a court 1 jakusko,jakusko (ward: 06) - yobe
1637,yobe,jakusko,jakusko,35,09,06,020,35/09/06/020,anguwan lawan borehole,jakusko (ward: 06) - yobe
1638,yobe,jakusko,jakusko,35,09,06,019,35/09/06/019,magistrate court jakusko,jakusko (ward: 06) - yobe
1639,yobe,jakusko,jawur/katamma,35,09,07,020,35/09/07/020,arfani primary school,jawur/katamma (ward: 07) - yobe
1640,yobe,jakusko,jawur/katamma,35,09,07,019,35/09/07/019,lamar bago primary school,jawur/katamma (ward: 07) - yobe
1641,yobe,jakusko,jawur/katamma,35,09,07,018,35/09/07/018,tarja primary school,jawur/katamma (ward: 07) - yobe
1642,yobe,jakusko,jawur/katamma,35,09,07,017,35/09/07/017,gasamu primary school,jawur/katamma (ward: 07) - yobe
1643,yobe,jakusko,jawur/katamma,35,09,07,015,35/09/07/015,"tarja, kofar bulama",jawur/katamma (ward: 07) - yobe
1644,yobe,jakusko,jawur/katamma,35,09,07,011,35/09/07/011,katamma primary school,jawur/katamma (ward: 07) - yobe
1645,yobe,jakusko,jawur/katamma,35,09,07,010,35/09/07/010,lamarbago kofar bulama,jawur/katamma (ward: 07) - yobe
1646,yobe,jakusko,jawur/katamma,35,09,07,016,35/09/07/016,borehole anguwan tanda tajuwa,jawur/katamma (ward: 07) - yobe
1647,yobe,jakusko,jawur/katamma,35,09,07,014,35/09/07/014,"tajuwa, pri. sch.",jawur/katamma (ward: 07) - yobe
1648,yobe,jakusko,jawur/katamma,35,09,07,013,35/09/07/013,nginufumari/kajuwa  nginufumari k.bulama,jawur/katamma (ward: 07) - yobe
1649,yobe,jakusko,jawur/katamma,35,09,07,012,35/09/07/012,maizango/g.galadima.maizango,jawur/katamma (ward: 07) - yobe
1650,yobe,jakusko,jawur/katamma,35,09,07,009,35/09/07/009,kagamu bakin kasuwa open space,jawur/katamma (ward: 07) - yobe
1651,yobe,jakusko,jawur/katamma,35,09,07,008,35/09/07/008,jawur malaika pri school,jawur/katamma (ward: 07) - yobe
1652,yobe,jakusko,jawur/katamma,35,09,07,007,35/09/07/007,"guyik,  kofar bulama",jawur/katamma (ward: 07) - yobe
1653,yobe,jakusko,jawur/katamma,35,09,07,006,35/09/07/006,"gasamu, bakin kasuwa",jawur/katamma (ward: 07) - yobe
1654,yobe,jakusko,jawur/katamma,35,09,07,005,35/09/07/005,"garin malam / jali'a,  pri. sch.",jawur/katamma (ward: 07) - yobe
1655,yobe,jakusko,jawur/katamma,35,09,07,004,35/09/07/004,gafala/bulturi. gafala kofar bulama,jawur/katamma (ward: 07) - yobe
1656,yobe,jakusko,jawur/katamma,35,09,07,003,35/09/07/003,"arfane,  kofar bulama",jawur/katamma (ward: 07) - yobe
1657,yobe,jakusko,jawur/katamma,35,09,07,002,35/09/07/002,"agana,  pri. sch.",jawur/katamma (ward: 07) - yobe
1658,yobe,jakusko,jawur/katamma,35,09,07,001,35/09/07/001,"agana,  kofar lawan",jawur/katamma (ward: 07) - yobe
1659,yobe,jakusko,lafiya loi-loi,35,09,08,011,35/09/08/011,"marcha ari,  kofar bulama",lafiya loi-loi (ward: 08) - yobe
1660,yobe,jakusko,lafiya loi-loi,35,09,08,016,35/09/08/016,gidba primary school,lafiya loi-loi (ward: 08) - yobe
1661,yobe,jakusko,lafiya loi-loi,35,09,08,015,35/09/08/015,lafiya primary school,lafiya loi-loi (ward: 08) - yobe
1662,yobe,jakusko,lafiya loi-loi,35,09,08,014,35/09/08/014,lafiya dispensary,lafiya loi-loi (ward: 08) - yobe
1663,yobe,jakusko,lafiya loi-loi,35,09,08,013,35/09/08/013,gamajam primary school,lafiya loi-loi (ward: 08) - yobe
1664,yobe,jakusko,lafiya loi-loi,35,09,08,012,35/09/08/012,"ngulgiye, kofar lamido",lafiya loi-loi (ward: 08) - yobe
1665,yobe,jakusko,lafiya loi-loi,35,09,08,010,35/09/08/010,"lamido kwalle, bakin rijiya",lafiya loi-loi (ward: 08) - yobe
1666,yobe,jakusko,lafiya loi-loi,35,09,08,009,35/09/08/009,lamido barde/l.hodi.bakin rijiya,lafiya loi-loi (ward: 08) - yobe
1667,yobe,jakusko,lafiya loi-loi,35,09,08,008,35/09/08/008,"lafiya, bakin kasuwa",lafiya loi-loi (ward: 08) - yobe
1668,yobe,jakusko,lafiya loi-loi,35,09,08,007,35/09/08/007,jammel kubau bakin rijiya,lafiya loi-loi (ward: 08) - yobe
1669,yobe,jakusko,lafiya loi-loi,35,09,08,006,35/09/08/006,"gauya, bakin rijiya",lafiya loi-loi (ward: 08) - yobe
1670,yobe,jakusko,lafiya loi-loi,35,09,08,005,35/09/08/005,garin gano/kunjim.gari gano,lafiya loi-loi (ward: 08) - yobe
1671,yobe,jakusko,lafiya loi-loi,35,09,08,004,35/09/08/004,"gamajan, bakin kasuwa",lafiya loi-loi (ward: 08) - yobe
1672,yobe,jakusko,lafiya loi-loi,35,09,08,003,35/09/08/003,"gamajan, kofar maigari",lafiya loi-loi (ward: 08) - yobe
1673,yobe,jakusko,lafiya loi-loi,35,09,08,002,35/09/08/002,garin gwanna kofar bulama,lafiya loi-loi (ward: 08) - yobe
1674,yobe,jakusko,lafiya loi-loi,35,09,08,001,35/09/08/001,gada/azadu pri school,lafiya loi-loi (ward: 08) - yobe
1675,yobe,jakusko,muguram,35,09,09,001,35/09/09/001,"dagayak , dagayak",muguram (ward: 09) - yobe
1676,yobe,jakusko,muguram,35,09,09,011,35/09/09/011,muguram west borehole,muguram (ward: 09) - yobe
1677,yobe,jakusko,muguram,35,09,09,010,35/09/09/010,jadam borehole,muguram (ward: 09) - yobe
1678,yobe,jakusko,muguram,35,09,09,008,35/09/09/008,muguram dispensary,muguram (ward: 09) - yobe
1679,yobe,jakusko,muguram,35,09,09,012,35/09/09/012,garin gambo borehole,muguram (ward: 09) - yobe
1680,yobe,jakusko,muguram,35,09,09,004,35/09/09/004,muguram k/ mai gari,muguram (ward: 09) - yobe
1681,yobe,jakusko,muguram,35,09,09,009,35/09/09/009,jadam primary school,muguram (ward: 09) - yobe
1682,yobe,jakusko,muguram,35,09,09,003,35/09/09/003,"muguram , pri. sch.",muguram (ward: 09) - yobe
1683,yobe,jakusko,muguram,35,09,09,005,35/09/09/005,"muguram west, bakin kasuwa",muguram (ward: 09) - yobe
1684,yobe,jakusko,muguram,35,09,09,007,35/09/09/007,muguram primary school ii,muguram (ward: 09) - yobe
1685,yobe,jakusko,muguram,35,09,09,002,35/09/09/002,garin tsalha / mamare garin tsalha,muguram (ward: 09) - yobe
1686,yobe,jakusko,muguram,35,09,09,006,35/09/09/006,"nasari, nasari",muguram (ward: 09) - yobe
1687,yobe,jakusko,zabudum / dachia,35,09,10,021,35/09/10/021,kazir primary school ii,zabudum / dachia (ward: 10) - yobe
1688,yobe,jakusko,zabudum / dachia,35,09,10,022,35/09/10/022,yim dispensary,zabudum / dachia (ward: 10) - yobe
1689,yobe,jakusko,zabudum / dachia,35,09,10,020,35/09/10/020,abza borehole,zabudum / dachia (ward: 10) - yobe
1690,yobe,jakusko,zabudum / dachia,35,09,10,019,35/09/10/019,karage dispensary,zabudum / dachia (ward: 10) - yobe
1691,yobe,jakusko,zabudum / dachia,35,09,10,018,35/09/10/018,karage primary school ii,zabudum / dachia (ward: 10) - yobe
1692,yobe,jakusko,zabudum / dachia,35,09,10,017,35/09/10/017,government secondary school amshi,zabudum / dachia (ward: 10) - yobe
1693,yobe,jakusko,zabudum / dachia,35,09,10,015,35/09/10/015,mch dachia,zabudum / dachia (ward: 10) - yobe
1694,yobe,jakusko,zabudum / dachia,35,09,10,014,35/09/10/014,nepa transformer dachia,zabudum / dachia (ward: 10) - yobe
1695,yobe,jakusko,zabudum / dachia,35,09,10,013,35/09/10/013,gindin kurna borehole,zabudum / dachia (ward: 10) - yobe
1696,yobe,jakusko,zabudum / dachia,35,09,10,012,35/09/10/012,zabudum / kofar lawan,zabudum / dachia (ward: 10) - yobe
1697,yobe,jakusko,zabudum / dachia,35,09,10,010,35/09/10/010,kazir / kofar bulama,zabudum / dachia (ward: 10) - yobe
1698,yobe,jakusko,zabudum / dachia,35,09,10,009,35/09/10/009,kunu / kofar bulama,zabudum / dachia (ward: 10) - yobe
1699,yobe,jakusko,zabudum / dachia,35,09,10,008,35/09/10/008,karage pri school,zabudum / dachia (ward: 10) - yobe
1700,yobe,jakusko,zabudum / dachia,35,09,10,007,35/09/10/007,karage / kofar lawan,zabudum / dachia (ward: 10) - yobe
1701,yobe,jakusko,zabudum / dachia,35,09,10,006,35/09/10/006,dagilwa / kofar bulama,zabudum / dachia (ward: 10) - yobe
1702,yobe,jakusko,zabudum / dachia,35,09,10,005,35/09/10/005,dachia / dispensary ii,zabudum / dachia (ward: 10) - yobe
1703,yobe,jakusko,zabudum / dachia,35,09,10,004,35/09/10/004,dachia primary school,zabudum / dachia (ward: 10) - yobe
1704,yobe,jakusko,zabudum / dachia,35,09,10,003,35/09/10/003,dachia kofar lawan,zabudum / dachia (ward: 10) - yobe
1705,yobe,jakusko,zabudum / dachia,35,09,10,002,35/09/10/002,amshi primary school,zabudum / dachia (ward: 10) - yobe
1706,yobe,jakusko,zabudum / dachia,35,09,10,001,35/09/10/001,amshi kofar lawan,zabudum / dachia (ward: 10) - yobe
1707,yobe,jakusko,zabudum / dachia,35,09,10,016,35/09/10/016,amshi mch,zabudum / dachia (ward: 10) - yobe
1708,yobe,jakusko,zabudum / dachia,35,09,10,011,35/09/10/011,yin / primary school,zabudum / dachia (ward: 10) - yobe
1709,yobe,machina,bogo,35,11,01,003,35/11/01/003,bogo kasuwa bole hore,bogo (ward: 01) - yobe
1710,yobe,machina,bogo,35,11,01,007,35/11/01/007,"ferni gana, bakin ingi",bogo (ward: 01) - yobe
1711,yobe,machina,bogo,35,11,01,005,35/11/01/005,"karmashe, bakin ingi",bogo (ward: 01) - yobe
1712,yobe,machina,bogo,35,11,01,006,35/11/01/006,"kunshini,  bakin ingi",bogo (ward: 01) - yobe
1713,yobe,machina,bogo,35,11,01,002,35/11/01/002,"bogo, pri. sch. ii",bogo (ward: 01) - yobe
1714,yobe,machina,bogo,35,11,01,004,35/11/01/004,"garanda gana, bakin inji",bogo (ward: 01) - yobe
1715,yobe,machina,bogo,35,11,01,001,35/11/01/001,bulliti kofar mai gari,bogo (ward: 01) - yobe
1716,yobe,machina,damai,35,11,02,008,35/11/02/008,damai bakin inji pri. sch.,damai (ward: 02) - yobe
1717,yobe,machina,damai,35,11,02,009,35/11/02/009,na'anturu makera,damai (ward: 02) - yobe
1718,yobe,machina,damai,35,11,02,004,35/11/02/004,"malam abari.kura, kofar unguwa",damai (ward: 02) - yobe
1719,yobe,machina,damai,35,11,02,007,35/11/02/007,"rannu kuka, kofar maigari",damai (ward: 02) - yobe
1720,yobe,machina,damai,35,11,02,005,35/11/02/005,"maijalaini, kofar maijalalaini",damai (ward: 02) - yobe
1721,yobe,machina,damai,35,11,02,003,35/11/02/003,"damai, bakin inji",damai (ward: 02) - yobe
1722,yobe,machina,damai,35,11,02,002,35/11/02/002,"damai, bakin kasuwa",damai (ward: 02) - yobe
1723,yobe,machina,damai,35,11,02,006,35/11/02/006,"na'anturu, kofar maigari",damai (ward: 02) - yobe
1724,yobe,machina,damai,35,11,02,001,35/11/02/001,"bulliti, bulliti",damai (ward: 02) - yobe
1725,yobe,machina,dole,35,11,03,011,35/11/03/011,kagumsuwa borehole,dole (ward: 03) - yobe
1726,yobe,machina,dole,35,11,03,006,35/11/03/006,"kasatchi, rijiya i",dole (ward: 03) - yobe
1727,yobe,machina,dole,35,11,03,012,35/11/03/012,kasatchi borehole,dole (ward: 03) - yobe
1728,yobe,machina,dole,35,11,03,007,35/11/03/007,"kortoni, rijiya ii",dole (ward: 03) - yobe
1729,yobe,machina,dole,35,11,03,003,35/11/03/003,"dole machina, pri. sch.",dole (ward: 03) - yobe
1730,yobe,machina,dole,35,11,03,002,35/11/03/002,"burdumaram , pri. sch.",dole (ward: 03) - yobe
1731,yobe,machina,dole,35,11,03,005,35/11/03/005,"kagumsuwa,pri. sch.",dole (ward: 03) - yobe
1732,yobe,machina,dole,35,11,03,008,35/11/03/008,dole machina pri. sch ii,dole (ward: 03) - yobe
1733,yobe,machina,dole,35,11,03,001,35/11/03/001,"burdu, pri. sch.",dole (ward: 03) - yobe
1734,yobe,machina,dole,35,11,03,009,35/11/03/009,dole machina makera,dole (ward: 03) - yobe
1735,yobe,machina,dole,35,11,03,004,35/11/03/004,"dole machina, bakin tashi",dole (ward: 03) - yobe
1736,yobe,machina,dole,35,11,03,010,35/11/03/010,dole  viewing center,dole (ward: 03) - yobe
1737,yobe,machina,falimaram,35,11,04,005,35/11/04/005,"kandira, kofar bulama",falimaram (ward: 04) - yobe
1738,yobe,machina,falimaram,35,11,04,003,35/11/04/003,garin haru kofar mai gari,falimaram (ward: 04) - yobe
1739,yobe,machina,falimaram,35,11,04,006,35/11/04/006,mai sirdi - kofar bulama,falimaram (ward: 04) - yobe
1740,yobe,machina,falimaram,35,11,04,004,35/11/04/004,"kalgidi,  primary school",falimaram (ward: 04) - yobe
1741,yobe,machina,falimaram,35,11,04,001,35/11/04/001,abari adambe,falimaram (ward: 04) - yobe
1742,yobe,machina,falimaram,35,11,04,009,35/11/04/009,falimaram viewing center,falimaram (ward: 04) - yobe
1743,yobe,machina,falimaram,35,11,04,002,35/11/04/002,"falimaram,  pri. sch.",falimaram (ward: 04) - yobe
1744,yobe,machina,falimaram,35,11,04,010,35/11/04/010,garin haru pri. sch.,falimaram (ward: 04) - yobe
1745,yobe,machina,falimaram,35,11,04,011,35/11/04/011,kalgidi dispensary,falimaram (ward: 04) - yobe
1746,yobe,machina,falimaram,35,11,04,007,35/11/04/007,"shehuri, shehuri kura  open space",falimaram (ward: 04) - yobe
1747,yobe,machina,falimaram,35,11,04,008,35/11/04/008,falimaram pri. sch. ii,falimaram (ward: 04) - yobe
1748,yobe,machina,kom-komma,35,11,05,002,35/11/05/002,"garin mallam nuhu, kofar maiunguwa",kom-komma (ward: 05) - yobe
1749,yobe,machina,kom-komma,35,11,05,003,35/11/05/003,"gojogoro, bakin rijiya",kom-komma (ward: 05) - yobe
1750,yobe,machina,kom-komma,35,11,05,005,35/11/05/005,tauna / kofar mai gari,kom-komma (ward: 05) - yobe
1751,yobe,machina,kom-komma,35,11,05,001,35/11/05/001,"garin mallam nuhu, k/mai gari",kom-komma (ward: 05) - yobe
1752,yobe,machina,kom-komma,35,11,05,004,35/11/05/004,"komkomma, kofar bulama",kom-komma (ward: 05) - yobe
1753,yobe,machina,kom-komma,35,11,05,006,35/11/05/006,"kusotoko, kofar maigari",kom-komma (ward: 05) - yobe
1754,yobe,machina,kuka-yasku,35,11,06,007,35/11/06/007,garin isa bakin borehole,kuka-yasku (ward: 06) - yobe
1755,yobe,machina,kuka-yasku,35,11,06,005,35/11/06/005,mammada garin kambar open space,kuka-yasku (ward: 06) - yobe
1756,yobe,machina,kuka-yasku,35,11,06,004,35/11/06/004,"kuka yasku, kofar kasuwa",kuka-yasku (ward: 06) - yobe
1757,yobe,machina,kuka-yasku,35,11,06,006,35/11/06/006,"majeri,majeri open space",kuka-yasku (ward: 06) - yobe
1758,yobe,machina,kuka-yasku,35,11,06,001,35/11/06/001,"shehuri, shehuri kura  open space",kuka-yasku (ward: 06) - yobe
1759,yobe,machina,kuka-yasku,35,11,06,008,35/11/06/008,mammada borehole,kuka-yasku (ward: 06) - yobe
1760,yobe,machina,kuka-yasku,35,11,06,003,35/11/06/003,"kuka yasku, pri. sch.",kuka-yasku (ward: 06) - yobe
1761,yobe,machina,kuka-yasku,35,11,06,002,35/11/06/002,garin isa  kofar bulama,kuka-yasku (ward: 06) - yobe
1762,yobe,machina,lamisu,35,11,07,003,35/11/07/003,"kabaru,kabaru pri school",lamisu (ward: 07) - yobe
1763,yobe,machina,lamisu,35,11,07,002,35/11/07/002,"gogi barmadi  / jajeri,  pri. sch.",lamisu (ward: 07) - yobe
1764,yobe,machina,lamisu,35,11,07,001,35/11/07/001,"garanda,  pri. sch.",lamisu (ward: 07) - yobe
1765,yobe,machina,lamisu,35,11,07,008,35/11/07/008,kabaru pri. sch. ii,lamisu (ward: 07) - yobe
1766,yobe,machina,lamisu,35,11,07,007,35/11/07/007,goki jajeri dispensary,lamisu (ward: 07) - yobe
1767,yobe,machina,lamisu,35,11,07,006,35/11/07/006,"lamisu,  pri. sch. ii",lamisu (ward: 07) - yobe
1768,yobe,machina,lamisu,35,11,07,004,35/11/07/004,"kabuduwa,  kofar maigari",lamisu (ward: 07) - yobe
1769,yobe,machina,lamisu,35,11,07,005,35/11/07/005,"lamisu,  pri. sch. i",lamisu (ward: 07) - yobe
1770,yobe,machina,machina-kwari,35,11,08,011,35/11/08/011,viewing center bakin kasuwa,machina-kwari (ward: 08) - yobe
1771,yobe,machina,machina-kwari,35,11,08,015,35/11/08/015,central pri. sch. ii layin mal. majeri,machina-kwari (ward: 08) - yobe
1772,yobe,machina,machina-kwari,35,11,08,004,35/11/08/004,"machina kasuwa, bakin kasuwa",machina-kwari (ward: 08) - yobe
1773,yobe,machina,machina-kwari,35,11,08,012,35/11/08/012,hausari dispensary,machina-kwari (ward: 08) - yobe
1774,yobe,machina,machina-kwari,35,11,08,013,35/11/08/013,machina viewing center ii,machina-kwari (ward: 08) - yobe
1775,yobe,machina,machina-kwari,35,11,08,006,35/11/08/006,mafidu kofar mai gari,machina-kwari (ward: 08) - yobe
1776,yobe,machina,machina-kwari,35,11,08,007,35/11/08/007,"machina  central, pri. sch.",machina-kwari (ward: 08) - yobe
1777,yobe,machina,machina-kwari,35,11,08,003,35/11/08/003,"machina kofar inji, kofar inji",machina-kwari (ward: 08) - yobe
1778,yobe,machina,machina-kwari,35,11,08,008,35/11/08/008,"machina tasha, kofar tasha",machina-kwari (ward: 08) - yobe
1779,yobe,machina,machina-kwari,35,11,08,009,35/11/08/009,machina kori pri. sch. ii,machina-kwari (ward: 08) - yobe
1780,yobe,machina,machina-kwari,35,11,08,016,35/11/08/016,pri. health care center,machina-kwari (ward: 08) - yobe
1781,yobe,machina,machina-kwari,35,11,08,014,35/11/08/014,mafidu borehole,machina-kwari (ward: 08) - yobe
1782,yobe,machina,machina-kwari,35,11,08,010,35/11/08/010,machina kori filin ball,machina-kwari (ward: 08) - yobe
1783,yobe,machina,machina-kwari,35,11,08,005,35/11/08/005,machina viewing centre,machina-kwari (ward: 08) - yobe
1784,yobe,machina,machina-kwari,35,11,08,002,35/11/08/002,"machina kasuwa, bakin kasuwa",machina-kwari (ward: 08) - yobe
1785,yobe,machina,machina-kwari,35,11,08,001,35/11/08/001,machina kori pri school,machina-kwari (ward: 08) - yobe
1786,yobe,machina,maskandare,35,11,09,007,35/11/09/007,maskandare dispenasry,maskandare (ward: 09) - yobe
1787,yobe,machina,maskandare,35,11,09,005,35/11/09/005,yalauwa pri school,maskandare (ward: 09) - yobe
1788,yobe,machina,maskandare,35,11,09,004,35/11/09/004,"maskandare,  pri. sch.",maskandare (ward: 09) - yobe
1789,yobe,machina,maskandare,35,11,09,003,35/11/09/003,"kangarwa,  bore hore",maskandare (ward: 09) - yobe
1790,yobe,machina,maskandare,35,11,09,002,35/11/09/002,"ghana dumjiya,  pri. sch. ii",maskandare (ward: 09) - yobe
1791,yobe,machina,maskandare,35,11,09,006,35/11/09/006,kangarwa pri. sch,maskandare (ward: 09) - yobe
1792,yobe,machina,maskandare,35,11,09,001,35/11/09/001,"ghana dumjiya,  pri. sch. i",maskandare (ward: 09) - yobe
1793,yobe,machina,maskandare,35,11,09,008,35/11/09/008,yalauwa pri. sch. ii,maskandare (ward: 09) - yobe
1794,yobe,machina,taganama,35,11,10,004,35/11/10/004,"taganama, bakin tsha",taganama (ward: 10) - yobe
1795,yobe,machina,taganama,35,11,10,001,35/11/10/001,"mallam gambo, kofar bulama",taganama (ward: 10) - yobe
1796,yobe,machina,taganama,35,11,10,005,35/11/10/005,wuriwaji bulama gate 'i',taganama (ward: 10) - yobe
1797,yobe,machina,taganama,35,11,10,006,35/11/10/006,wuriwaji bulama gate 'ii',taganama (ward: 10) - yobe
1798,yobe,machina,taganama,35,11,10,003,35/11/10/003,"taganama, taganama bore hole",taganama (ward: 10) - yobe
1799,yobe,machina,taganama,35,11,10,002,35/11/10/002,injibulwa kofar mai gari,taganama (ward: 10) - yobe
1800,yobe,nangere,chilariye,35,12,01,008,35/12/01/008,garin tozo pri. sch ii,chilariye (ward: 01) - yobe
1801,yobe,nangere,chilariye,35,12,01,001,35/12/01/001,"chillariye, kofar mai. ang",chilariye (ward: 01) - yobe
1802,yobe,nangere,chilariye,35,12,01,002,35/12/01/002,"chillariye, pri. sch.",chilariye (ward: 01) - yobe
1803,yobe,nangere,chilariye,35,12,01,003,35/12/01/003,"garin jado, kofar maigari",chilariye (ward: 01) - yobe
1804,yobe,nangere,chilariye,35,12,01,004,35/12/01/004,"garin tozo, pri. sch.",chilariye (ward: 01) - yobe
1805,yobe,nangere,chilariye,35,12,01,005,35/12/01/005,"garin  kaduwa, kofar maigari",chilariye (ward: 01) - yobe
1806,yobe,nangere,chilariye,35,12,01,006,35/12/01/006,chillariye i kofar maianguwa ii,chilariye (ward: 01) - yobe
1807,yobe,nangere,chilariye,35,12,01,007,35/12/01/007,chillariye ii pri. sch iii,chilariye (ward: 01) - yobe
1808,yobe,nangere,dadiso / chukuriwa,35,12,02,001,35/12/02/001,"ajim, kofar maigari",dadiso / chukuriwa (ward: 02) - yobe
1809,yobe,nangere,dadiso / chukuriwa,35,12,02,009,35/12/02/009,"garin zanna, kofar maigari",dadiso / chukuriwa (ward: 02) - yobe
1810,yobe,nangere,dadiso / chukuriwa,35,12,02,003,35/12/02/003,"chukuriwa ung audu, pri. sch.",dadiso / chukuriwa (ward: 02) - yobe
1811,yobe,nangere,dadiso / chukuriwa,35,12,02,010,35/12/02/010,"garin kolo, kofar maigari",dadiso / chukuriwa (ward: 02) - yobe
1812,yobe,nangere,dadiso / chukuriwa,35,12,02,002,35/12/02/002,"chukuriwa ung bulama , kofar maigari",dadiso / chukuriwa (ward: 02) - yobe
1813,yobe,nangere,dadiso / chukuriwa,35,12,02,005,35/12/02/005,"chukuriwa,  pri. sch.",dadiso / chukuriwa (ward: 02) - yobe
1814,yobe,nangere,dadiso / chukuriwa,35,12,02,011,35/12/02/011,tarajim/g.d dispensary,dadiso / chukuriwa (ward: 02) - yobe
1815,yobe,nangere,dadiso / chukuriwa,35,12,02,012,35/12/02/012,"tarajim, kofar maigari",dadiso / chukuriwa (ward: 02) - yobe
1816,yobe,nangere,dadiso / chukuriwa,35,12,02,006,35/12/02/006,"dadiso i, kofar maigari",dadiso / chukuriwa (ward: 02) - yobe
1817,yobe,nangere,dadiso / chukuriwa,35,12,02,004,35/12/02/004,chukuriwa tsangaya open space,dadiso / chukuriwa (ward: 02) - yobe
1818,yobe,nangere,dadiso / chukuriwa,35,12,02,007,35/12/02/007,"dadiso ii,  kofar maigari",dadiso / chukuriwa (ward: 02) - yobe
1819,yobe,nangere,dadiso / chukuriwa,35,12,02,008,35/12/02/008,"g/zanna goje,  pri. sch.",dadiso / chukuriwa (ward: 02) - yobe
1820,yobe,nangere,dawasa/g.baba,35,12,03,005,35/12/03/005,"degunde, kofar maigari",dawasa/g.baba (ward: 03) - yobe
1821,yobe,nangere,dawasa/g.baba,35,12,03,012,35/12/03/012,"kambiya k., mai ung.",dawasa/g.baba (ward: 03) - yobe
1822,yobe,nangere,dawasa/g.baba,35,12,03,006,35/12/03/006,"garin babah i, kofar maigari",dawasa/g.baba (ward: 03) - yobe
1823,yobe,nangere,dawasa/g.baba,35,12,03,015,35/12/03/015,"unguwar  haruna, kofar maigari",dawasa/g.baba (ward: 03) - yobe
1824,yobe,nangere,dawasa/g.baba,35,12,03,009,35/12/03/009,"kadama yayu i, . kadama",dawasa/g.baba (ward: 03) - yobe
1825,yobe,nangere,dawasa/g.baba,35,12,03,018,35/12/03/018,"dawasa ii ung.moh'd, kofar maigari'd",dawasa/g.baba (ward: 03) - yobe
1826,yobe,nangere,dawasa/g.baba,35,12,03,010,35/12/03/010,"kadama yayu ii, . kofar maigari",dawasa/g.baba (ward: 03) - yobe
1827,yobe,nangere,dawasa/g.baba,35,12,03,017,35/12/03/017,kukuri unguwan chiroma open space,dawasa/g.baba (ward: 03) - yobe
1828,yobe,nangere,dawasa/g.baba,35,12,03,011,35/12/03/011,"kadama yayu iii,. kofar maigari",dawasa/g.baba (ward: 03) - yobe
1829,yobe,nangere,dawasa/g.baba,35,12,03,014,35/12/03/014,"lanjido/g.zango, kofar maigari",dawasa/g.baba (ward: 03) - yobe
1830,yobe,nangere,dawasa/g.baba,35,12,03,013,35/12/03/013,"kambiya/watinani, kofar mai unguwa",dawasa/g.baba (ward: 03) - yobe
1831,yobe,nangere,dawasa/g.baba,35,12,03,002,35/12/03/002,"babban tsangaya  ii , babban tsangaya",dawasa/g.baba (ward: 03) - yobe
1832,yobe,nangere,dawasa/g.baba,35,12,03,016,35/12/03/016,"ung. gambo, kofar maigari",dawasa/g.baba (ward: 03) - yobe
1833,yobe,nangere,dawasa/g.baba,35,12,03,008,35/12/03/008,"garin babah,  kofar maigari",dawasa/g.baba (ward: 03) - yobe
1834,yobe,nangere,dawasa/g.baba,35,12,03,007,35/12/03/007,"garin babah ii, kofar maigari",dawasa/g.baba (ward: 03) - yobe
1835,yobe,nangere,dawasa/g.baba,35,12,03,001,35/12/03/001,"babban tsangaya  i , babban tsangaya",dawasa/g.baba (ward: 03) - yobe
1836,yobe,nangere,dawasa/g.baba,35,12,03,003,35/12/03/003,"dawasa, pri. sch.",dawasa/g.baba (ward: 03) - yobe
1837,yobe,nangere,dawasa/g.baba,35,12,03,004,35/12/03/004,"dawasa ung.moh'd, kofar maigari
'd",dawasa/g.baba (ward: 03) - yobe
1838,yobe,nangere,dazigau,35,12,04,003,35/12/04/003,"dazigau i,  pri. sch",dazigau (ward: 04) - yobe
1839,yobe,nangere,dazigau,35,12,04,008,35/12/04/008,"lelewari, kofar maigari",dazigau (ward: 04) - yobe
1840,yobe,nangere,dazigau,35,12,04,014,35/12/04/014,yaru kofar maigari ii,dazigau (ward: 04) - yobe
1841,yobe,nangere,dazigau,35,12,04,011,35/12/04/011,dazigau i pri. sch. ii,dazigau (ward: 04) - yobe
1842,yobe,nangere,dazigau,35,12,04,007,35/12/04/007,"kukar awu i/ii,  kofar maigari",dazigau (ward: 04) - yobe
1843,yobe,nangere,dazigau,35,12,04,013,35/12/04/013,kukar awu i/ii kofar maianguwa ii,dazigau (ward: 04) - yobe
1844,yobe,nangere,dazigau,35,12,04,010,35/12/04/010,"yaru, kofar maigari",dazigau (ward: 04) - yobe
1845,yobe,nangere,dazigau,35,12,04,002,35/12/04/002,"chatta/dambam ii, kofar maigari",dazigau (ward: 04) - yobe
1846,yobe,nangere,dazigau,35,12,04,006,35/12/04/006,"gabarun, kofar maigari",dazigau (ward: 04) - yobe
1847,yobe,nangere,dazigau,35,12,04,009,35/12/04/009,sabon layi i / ii g.tozo/s.layi,dazigau (ward: 04) - yobe
1848,yobe,nangere,dazigau,35,12,04,004,35/12/04/004,"dazigau ii,  clinic",dazigau (ward: 04) - yobe
1849,yobe,nangere,dazigau,35,12,04,012,35/12/04/012,dazigau ii clinic ii,dazigau (ward: 04) - yobe
1850,yobe,nangere,dazigau,35,12,04,005,35/12/04/005,"garin m. audu, kofar maigari",dazigau (ward: 04) - yobe
1851,yobe,nangere,dazigau,35,12,04,001,35/12/04/001,"chatta/dambam i , kofar maigari",dazigau (ward: 04) - yobe
1852,yobe,nangere,degubi,35,12,05,002,35/12/05/002,"challino ii,  pri. sch.",degubi (ward: 05) - yobe
1853,yobe,nangere,degubi,35,12,05,005,35/12/05/005,"degubi iii,  dispensary",degubi (ward: 05) - yobe
1854,yobe,nangere,degubi,35,12,05,001,35/12/05/001,"challino i,  kofar maigari",degubi (ward: 05) - yobe
1855,yobe,nangere,degubi,35,12,05,003,35/12/05/003,"degubi i,  pri. sch.",degubi (ward: 05) - yobe
1856,yobe,nangere,degubi,35,12,05,007,35/12/05/007,degubi i pri. sch. ii,degubi (ward: 05) - yobe
1857,yobe,nangere,degubi,35,12,05,009,35/12/05/009,degubi iii despensary ii,degubi (ward: 05) - yobe
1858,yobe,nangere,degubi,35,12,05,008,35/12/05/008,mbela pri. sch.,degubi (ward: 05) - yobe
1859,yobe,nangere,degubi,35,12,05,004,35/12/05/004,"degubi ii, pri. sch.",degubi (ward: 05) - yobe
1860,yobe,nangere,degubi,35,12,05,006,35/12/05/006,"gabur, kofar maigari",degubi (ward: 05) - yobe
1861,yobe,nangere,degubi,35,12,05,010,35/12/05/010,gabur kofar maigari ii,degubi (ward: 05) - yobe
1862,yobe,nangere,kukuri/chiromari,35,12,06,002,35/12/06/002,"alhajeri ii, kofar maigari",kukuri/chiromari (ward: 06) - yobe
1863,yobe,nangere,kukuri/chiromari,35,12,06,008,35/12/06/008,"garin alhaji,  kofar maigari",kukuri/chiromari (ward: 06) - yobe
1864,yobe,nangere,kukuri/chiromari,35,12,06,010,35/12/06/010,"garin kariya, kofar maigari",kukuri/chiromari (ward: 06) - yobe
1865,yobe,nangere,kukuri/chiromari,35,12,06,013,35/12/06/013,"karan kasuwa, kofar maigari",kukuri/chiromari (ward: 06) - yobe
1866,yobe,nangere,kukuri/chiromari,35,12,06,007,35/12/06/007,"garin kadai ii, kofar maigari",kukuri/chiromari (ward: 06) - yobe
1867,yobe,nangere,kukuri/chiromari,35,12,06,012,35/12/06/012,"hana kashi, kofar maigari",kukuri/chiromari (ward: 06) - yobe
1868,yobe,nangere,kukuri/chiromari,35,12,06,017,35/12/06/017,"kukuri ung. chiroma, pri. sch. ii",kukuri/chiromari (ward: 06) - yobe
1869,yobe,nangere,kukuri/chiromari,35,12,06,011,35/12/06/011,"garin musa, kofar maigari",kukuri/chiromari (ward: 06) - yobe
1870,yobe,nangere,kukuri/chiromari,35,12,06,014,35/12/06/014,"kwalliboro,  kofar maigari",kukuri/chiromari (ward: 06) - yobe
1871,yobe,nangere,kukuri/chiromari,35,12,06,009,35/12/06/009,"gwala sabuwa, kofar maigari",kukuri/chiromari (ward: 06) - yobe
1872,yobe,nangere,kukuri/chiromari,35,12,06,004,35/12/06/004,"chiromari i, vet. clinic",kukuri/chiromari (ward: 06) - yobe
1873,yobe,nangere,kukuri/chiromari,35,12,06,016,35/12/06/016,"kukuri ung. chiroma, pri. sch. i",kukuri/chiromari (ward: 06) - yobe
1874,yobe,nangere,kukuri/chiromari,35,12,06,019,35/12/06/019,"yemei / beti, kofar maigari",kukuri/chiromari (ward: 06) - yobe
1875,yobe,nangere,kukuri/chiromari,35,12,06,006,35/12/06/006,"garin kadai i, kofar maigari",kukuri/chiromari (ward: 06) - yobe
1876,yobe,nangere,kukuri/chiromari,35,12,06,001,35/12/06/001,"alhajeni i,  kofar maigari",kukuri/chiromari (ward: 06) - yobe
1877,yobe,nangere,kukuri/chiromari,35,12,06,005,35/12/06/005,"chiromari ii, pri. sch.",kukuri/chiromari (ward: 06) - yobe
1878,yobe,nangere,kukuri/chiromari,35,12,06,003,35/12/06/003,"bulturi, kofar maigari",kukuri/chiromari (ward: 06) - yobe
1879,yobe,nangere,kukuri/chiromari,35,12,06,015,35/12/06/015,"kukuri ung. chiroma, clinic",kukuri/chiromari (ward: 06) - yobe
1880,yobe,nangere,kukuri/chiromari,35,12,06,018,35/12/06/018,"ung. maji dadi, kofar maigari",kukuri/chiromari (ward: 06) - yobe
1881,yobe,nangere,langawa / darin,35,12,07,006,35/12/07/006,"dorawa / langawa, kofar maigari",langawa / darin (ward: 07) - yobe
1882,yobe,nangere,langawa / darin,35,12,07,004,35/12/07/004,"dagare i,pri. sch.",langawa / darin (ward: 07) - yobe
1883,yobe,nangere,langawa / darin,35,12,07,001,35/12/07/001,"darin shira, kofar maigari i",langawa / darin (ward: 07) - yobe
1884,yobe,nangere,langawa / darin,35,12,07,002,35/12/07/002,"darin shira, kofar maigari ii",langawa / darin (ward: 07) - yobe
1885,yobe,nangere,langawa / darin,35,12,07,009,35/12/07/009,dagare ii kofar maigari ii,langawa / darin (ward: 07) - yobe
1886,yobe,nangere,langawa / darin,35,12,07,005,35/12/07/005,"dagare ii, kofar maigari",langawa / darin (ward: 07) - yobe
1887,yobe,nangere,langawa / darin,35,12,07,010,35/12/07/010,fadawa pri. sch. ii,langawa / darin (ward: 07) - yobe
1888,yobe,nangere,langawa / darin,35,12,07,003,35/12/07/003,"dorawa, kofar maigari",langawa / darin (ward: 07) - yobe
1889,yobe,nangere,langawa / darin,35,12,07,008,35/12/07/008,"langawa, kofar maigari",langawa / darin (ward: 07) - yobe
1890,yobe,nangere,langawa / darin,35,12,07,007,35/12/07/007,"fadawa,  pri. sch.",langawa / darin (ward: 07) - yobe
1891,yobe,nangere,nangere,35,12,08,016,35/12/08/016,nangere ung sarkin kudu pri. sch. ii,nangere (ward: 08) - yobe
1892,yobe,nangere,nangere,35,12,08,008,35/12/08/008,"nangere. unguwar sarki kudu,  pri. sch. ii",nangere (ward: 08) - yobe
1893,yobe,nangere,nangere,35,12,08,011,35/12/08/011,"sabon gari, kofar maiunguwa",nangere (ward: 08) - yobe
1894,yobe,nangere,nangere,35,12,08,021,35/12/08/021,ung dan disa kofar mai ung. ii,nangere (ward: 08) - yobe
1895,yobe,nangere,nangere,35,12,08,009,35/12/08/009,"nangere bakin kasuwa, bakin kasuwa",nangere (ward: 08) - yobe
1896,yobe,nangere,nangere,35,12,08,005,35/12/08/005,"garin kuku, kofar maigari",nangere (ward: 08) - yobe
1897,yobe,nangere,nangere,35,12,08,003,35/12/08/003,"gamarun yerima,kofar maigari",nangere (ward: 08) - yobe
1898,yobe,nangere,nangere,35,12,08,018,35/12/08/018,sabon gari kofar mai unguwa ii,nangere (ward: 08) - yobe
1899,yobe,nangere,nangere,35,12,08,002,35/12/08/002,"garin jata,  pri. sch. ii",nangere (ward: 08) - yobe
1900,yobe,nangere,nangere,35,12,08,001,35/12/08/001,"garin jata,  pri. sch. i",nangere (ward: 08) - yobe
1901,yobe,nangere,nangere,35,12,08,007,35/12/08/007,"nangere. unguwar sarki, kudu pri. sch. i",nangere (ward: 08) - yobe
1902,yobe,nangere,nangere,35,12,08,015,35/12/08/015,"ung. dan disa, kofar mai ung.",nangere (ward: 08) - yobe
1903,yobe,nangere,nangere,35,12,08,014,35/12/08/014,"ung. mal garba, kofar mai ung.",nangere (ward: 08) - yobe
1904,yobe,nangere,nangere,35,12,08,006,35/12/08/006,"garin daura, kofar maigari",nangere (ward: 08) - yobe
1905,yobe,nangere,nangere,35,12,08,017,35/12/08/017,nangere ung sarkin kudu pri. sch. iii,nangere (ward: 08) - yobe
1906,yobe,nangere,nangere,35,12,08,004,35/12/08/004,"gamarun lamido hassan, kofar maigari",nangere (ward: 08) - yobe
1907,yobe,nangere,nangere,35,12,08,013,35/12/08/013,"sabon gari, bakin kasuwa",nangere (ward: 08) - yobe
1908,yobe,nangere,nangere,35,12,08,012,35/12/08/012,"sabon gari, court",nangere (ward: 08) - yobe
1909,yobe,nangere,nangere,35,12,08,020,35/12/08/020,sabon gari bakin kasuwa ii,nangere (ward: 08) - yobe
1910,yobe,nangere,nangere,35,12,08,019,35/12/08/019,sabon gari court ii,nangere (ward: 08) - yobe
1911,yobe,nangere,nangere,35,12,08,010,35/12/08/010,"nangere fulani, kofar maigari",nangere (ward: 08) - yobe
1912,yobe,nangere,pakarau kare-kare/ pakarau fulani,35,12,09,008,35/12/09/008,"duddaye , wawa ii kofar maigari",pakarau kare-kare/ pakarau fulani (ward: 09) - yobe
1913,yobe,nangere,pakarau kare-kare/ pakarau fulani,35,12,09,013,35/12/09/013,"garin gabakan , hardo tonari",pakarau kare-kare/ pakarau fulani (ward: 09) - yobe
1914,yobe,nangere,pakarau kare-kare/ pakarau fulani,35,12,09,006,35/12/09/006,"barwawa, kofar maigari",pakarau kare-kare/ pakarau fulani (ward: 09) - yobe
1915,yobe,nangere,pakarau kare-kare/ pakarau fulani,35,12,09,005,35/12/09/005,"borno kichi, kofar  maigari",pakarau kare-kare/ pakarau fulani (ward: 09) - yobe
1916,yobe,nangere,pakarau kare-kare/ pakarau fulani,35,12,09,012,35/12/09/012,"garin mamman tar, kofar maigari",pakarau kare-kare/ pakarau fulani (ward: 09) - yobe
1917,yobe,nangere,pakarau kare-kare/ pakarau fulani,35,12,09,002,35/12/09/002,"biriri i, pri. sch.",pakarau kare-kare/ pakarau fulani (ward: 09) - yobe
1918,yobe,nangere,pakarau kare-kare/ pakarau fulani,35,12,09,011,35/12/09/011,"dallari , kofar maigari",pakarau kare-kare/ pakarau fulani (ward: 09) - yobe
1919,yobe,nangere,pakarau kare-kare/ pakarau fulani,35,12,09,010,35/12/09/010,"duddaye  ii,  kofar maigari",pakarau kare-kare/ pakarau fulani (ward: 09) - yobe
1920,yobe,nangere,pakarau kare-kare/ pakarau fulani,35,12,09,014,35/12/09/014,"garin sule babba,  kofar maigari",pakarau kare-kare/ pakarau fulani (ward: 09) - yobe
1921,yobe,nangere,pakarau kare-kare/ pakarau fulani,35,12,09,021,35/12/09/021,duddaye i kofar maigari ii,pakarau kare-kare/ pakarau fulani (ward: 09) - yobe
1922,yobe,nangere,pakarau kare-kare/ pakarau fulani,35,12,09,004,35/12/09/004,"biriri ii, pri. sch.",pakarau kare-kare/ pakarau fulani (ward: 09) - yobe
1923,yobe,nangere,pakarau kare-kare/ pakarau fulani,35,12,09,001,35/12/09/001,"alhaji adamu, kofar maigari",pakarau kare-kare/ pakarau fulani (ward: 09) - yobe
1924,yobe,nangere,pakarau kare-kare/ pakarau fulani,35,12,09,017,35/12/09/017,kagadama kujam / kofar mai gari,pakarau kare-kare/ pakarau fulani (ward: 09) - yobe
1925,yobe,nangere,pakarau kare-kare/ pakarau fulani,35,12,09,007,35/12/09/007,"duddaye ,  wawa i / kofar maigari",pakarau kare-kare/ pakarau fulani (ward: 09) - yobe
1926,yobe,nangere,pakarau kare-kare/ pakarau fulani,35,12,09,003,35/12/09/003,"borno kichi,. pri. sch.",pakarau kare-kare/ pakarau fulani (ward: 09) - yobe
1927,yobe,nangere,pakarau kare-kare/ pakarau fulani,35,12,09,023,35/12/09/023,garin gabakan hardo tonari ii,pakarau kare-kare/ pakarau fulani (ward: 09) - yobe
1928,yobe,nangere,pakarau kare-kare/ pakarau fulani,35,12,09,009,35/12/09/009,"duddaye  i,   kofar maigari",pakarau kare-kare/ pakarau fulani (ward: 09) - yobe
1929,yobe,nangere,pakarau kare-kare/ pakarau fulani,35,12,09,020,35/12/09/020,shambawal / g. fulani / kofar mai gari,pakarau kare-kare/ pakarau fulani (ward: 09) - yobe
1930,yobe,nangere,pakarau kare-kare/ pakarau fulani,35,12,09,022,35/12/09/022,dallari kofar maigari ii,pakarau kare-kare/ pakarau fulani (ward: 09) - yobe
1931,yobe,nangere,pakarau kare-kare/ pakarau fulani,35,12,09,024,35/12/09/024,pakarau tsoho kofar maigari ii,pakarau kare-kare/ pakarau fulani (ward: 09) - yobe
1932,yobe,nangere,pakarau kare-kare/ pakarau fulani,35,12,09,018,35/12/09/018,ngabal  / kofar ma gari,pakarau kare-kare/ pakarau fulani (ward: 09) - yobe
1933,yobe,nangere,pakarau kare-kare/ pakarau fulani,35,12,09,015,35/12/09/015,garin makera / open space,pakarau kare-kare/ pakarau fulani (ward: 09) - yobe
1934,yobe,nangere,pakarau kare-kare/ pakarau fulani,35,12,09,016,35/12/09/016,garin chiroma / pri. sch.,pakarau kare-kare/ pakarau fulani (ward: 09) - yobe
1935,yobe,nangere,pakarau kare-kare/ pakarau fulani,35,12,09,019,35/12/09/019,pakarau tsoho / kofar mai gari,pakarau kare-kare/ pakarau fulani (ward: 09) - yobe
1936,yobe,nangere,tikau,35,12,10,020,35/12/10/020,"jakadai ii k,k kofar maigari iv",tikau (ward: 10) - yobe
1937,yobe,nangere,tikau,35,12,10,012,35/12/10/012,"tikau,  pri. sch.",tikau (ward: 10) - yobe
1938,yobe,nangere,tikau,35,12,10,016,35/12/10/016,"zaga met, kofar maigari",tikau (ward: 10) - yobe
1939,yobe,nangere,tikau,35,12,10,017,35/12/10/017,buraman kofar maigari ii,tikau (ward: 10) - yobe
1940,yobe,nangere,tikau,35,12,10,009,35/12/10/009,"kael, kofar maigari ii",tikau (ward: 10) - yobe
1941,yobe,nangere,tikau,35,12,10,004,35/12/10/004,"gara ganya i, k. k, pri. sch.",tikau (ward: 10) - yobe
1942,yobe,nangere,tikau,35,12,10,013,35/12/10/013,"tikau, kofar maigari.",tikau (ward: 10) - yobe
1943,yobe,nangere,tikau,35,12,10,018,35/12/10/018,jakadai i fulani kofar maigari ii,tikau (ward: 10) - yobe
1944,yobe,nangere,tikau,35,12,10,002,35/12/10/002,"dagazirwa i, kofar maigari",tikau (ward: 10) - yobe
1945,yobe,nangere,tikau,35,12,10,019,35/12/10/019,"jakadai ii k,k kofar maigari iii",tikau (ward: 10) - yobe
1946,yobe,nangere,tikau,35,12,10,006,35/12/10/006,"jakade i,fulani, kofar maigari",tikau (ward: 10) - yobe
1947,yobe,nangere,tikau,35,12,10,010,35/12/10/010,"shebuwa, pri. sch. i",tikau (ward: 10) - yobe
1948,yobe,nangere,tikau,35,12,10,003,35/12/10/003,"dagazirwa ii , kofar maigari",tikau (ward: 10) - yobe
1949,yobe,nangere,tikau,35,12,10,011,35/12/10/011,"shebuwa, pri. sch. ii",tikau (ward: 10) - yobe
1950,yobe,nangere,tikau,35,12,10,005,35/12/10/005,"gara ganya  ii, f. , pri. sch.",tikau (ward: 10) - yobe
1951,yobe,nangere,tikau,35,12,10,021,35/12/10/021,tikau pri. sch ii,tikau (ward: 10) - yobe
1952,yobe,nangere,tikau,35,12,10,015,35/12/10/015,"tikau/dagare/fulani, kofar maigari",tikau (ward: 10) - yobe
1953,yobe,nangere,tikau,35,12,10,001,35/12/10/001,"buraman, kofar maigari",tikau (ward: 10) - yobe
1954,yobe,nangere,tikau,35,12,10,008,35/12/10/008,"kael, kofar maigari i",tikau (ward: 10) - yobe
1955,yobe,nangere,tikau,35,12,10,022,35/12/10/022,tikau kofar maigari ii,tikau (ward: 10) - yobe
1956,yobe,nangere,tikau,35,12,10,014,35/12/10/014,"tudun wada, kofar maigari",tikau (ward: 10) - yobe
1957,yobe,nangere,tikau,35,12,10,007,35/12/10/007,"jakade ii ,k.k,  kofar maigari",tikau (ward: 10) - yobe
1958,yobe,nangere,watinani,35,12,11,003,35/12/11/003,"deba.deba,  pri. sch.",watinani (ward: 11) - yobe
1959,yobe,nangere,watinani,35,12,11,001,35/12/11/001,"baran iya, kofar maigari",watinani (ward: 11) - yobe
1960,yobe,nangere,watinani,35,12,11,010,35/12/11/010,"watnani  ii., pri. sch.",watinani (ward: 11) - yobe
1961,yobe,nangere,watinani,35,12,11,007,35/12/11/007,"kanum, kofar maigari",watinani (ward: 11) - yobe
1962,yobe,nangere,watinani,35,12,11,011,35/12/11/011,watinani i pri. sch. ii,watinani (ward: 11) - yobe
1963,yobe,nangere,watinani,35,12,11,006,35/12/11/006,"gawa kubbai, kofar maigari",watinani (ward: 11) - yobe
1964,yobe,nangere,watinani,35,12,11,005,35/12/11/005,garin baye/dugum kofar mai gari,watinani (ward: 11) - yobe
1965,yobe,nangere,watinani,35,12,11,002,35/12/11/002,"dadin fulani, kofar maigari",watinani (ward: 11) - yobe
1966,yobe,nangere,watinani,35,12,11,008,35/12/11/008,nzada/gabar kofar maigari,watinani (ward: 11) - yobe
1967,yobe,nangere,watinani,35,12,11,004,35/12/11/004,garin gambo i /  kofar maigari,watinani (ward: 11) - yobe
1968,yobe,nangere,watinani,35,12,11,009,35/12/11/009,"watnani  i. , pri. sch.",watinani (ward: 11) - yobe
1969,yobe,yunusari,bultuwa/mar/yaro,35,16,01,002,35/16/01/002,"garin gada, pri. sch.",bultuwa/mar/yaro (ward: 01) - yobe
1970,yobe,yunusari,bultuwa/mar/yaro,35,16,01,004,35/16/01/004,"luram,. dandali",bultuwa/mar/yaro (ward: 01) - yobe
1971,yobe,yunusari,bultuwa/mar/yaro,35,16,01,006,35/16/01/006,"yaro lawanti,  pri. sch.",bultuwa/mar/yaro (ward: 01) - yobe
1972,yobe,yunusari,bultuwa/mar/yaro,35,16,01,010,35/16/01/010,garin gada pri. sch iii,bultuwa/mar/yaro (ward: 01) - yobe
1973,yobe,yunusari,bultuwa/mar/yaro,35,16,01,005,35/16/01/005,"mashio, dandali",bultuwa/mar/yaro (ward: 01) - yobe
1974,yobe,yunusari,bultuwa/mar/yaro,35,16,01,003,35/16/01/003,"gremari marte, dandali",bultuwa/mar/yaro (ward: 01) - yobe
1975,yobe,yunusari,bultuwa/mar/yaro,35,16,01,001,35/16/01/001,bultuwa dandali,bultuwa/mar/yaro (ward: 01) - yobe
1976,yobe,yunusari,bultuwa/mar/yaro,35,16,01,007,35/16/01/007,"zaye, dandali",bultuwa/mar/yaro (ward: 01) - yobe
1977,yobe,yunusari,bultuwa/mar/yaro,35,16,01,009,35/16/01/009,garin gada pri. sch. ii,bultuwa/mar/yaro (ward: 01) - yobe
1978,yobe,yunusari,bultuwa/mar/yaro,35,16,01,008,35/16/01/008,bultuwa dandali ii,bultuwa/mar/yaro (ward: 01) - yobe
1979,yobe,yunusari,daratoshia,35,16,02,004,35/16/02/004,"gadauri, dandali",daratoshia (ward: 02) - yobe
1980,yobe,yunusari,daratoshia,35,16,02,001,35/16/02/001,"abba kimeri, dandali",daratoshia (ward: 02) - yobe
1981,yobe,yunusari,daratoshia,35,16,02,003,35/16/02/003,"dara, dandali",daratoshia (ward: 02) - yobe
1982,yobe,yunusari,daratoshia,35,16,02,006,35/16/02/006,"kilbu kime,  dandali",daratoshia (ward: 02) - yobe
1983,yobe,yunusari,daratoshia,35,16,02,009,35/16/02/009,"toshia, dandali",daratoshia (ward: 02) - yobe
1984,yobe,yunusari,daratoshia,35,16,02,002,35/16/02/002,"dagalam, dandali",daratoshia (ward: 02) - yobe
1985,yobe,yunusari,daratoshia,35,16,02,005,35/16/02/005,"goni ahmadu, dandali",daratoshia (ward: 02) - yobe
1986,yobe,yunusari,daratoshia,35,16,02,010,35/16/02/010,toshia primary school ii,daratoshia (ward: 02) - yobe
1987,yobe,yunusari,daratoshia,35,16,02,011,35/16/02/011,toshia dandali ii,daratoshia (ward: 02) - yobe
1988,yobe,yunusari,daratoshia,35,16,02,007,35/16/02/007,"toshia,  pri. sch.",daratoshia (ward: 02) - yobe
1989,yobe,yunusari,daratoshia,35,16,02,012,35/16/02/012,toshia dandali iii,daratoshia (ward: 02) - yobe
1990,yobe,yunusari,daratoshia,35,16,02,008,35/16/02/008,"wanganga, dandali",daratoshia (ward: 02) - yobe
1991,yobe,yunusari,degaltura/ngamzai,35,16,03,008,35/16/03/008,"lambure, dandali",degaltura/ngamzai (ward: 03) - yobe
1992,yobe,yunusari,degaltura/ngamzai,35,16,03,007,35/16/03/007,"kadauri, dandali",degaltura/ngamzai (ward: 03) - yobe
1993,yobe,yunusari,degaltura/ngamzai,35,16,03,006,35/16/03/006,"gremari, dandali",degaltura/ngamzai (ward: 03) - yobe
1994,yobe,yunusari,degaltura/ngamzai,35,16,03,002,35/16/03/002,"birnin kolori, dandali",degaltura/ngamzai (ward: 03) - yobe
1995,yobe,yunusari,degaltura/ngamzai,35,16,03,004,35/16/03/004,"bula bulin,  pri. sch.",degaltura/ngamzai (ward: 03) - yobe
1996,yobe,yunusari,degaltura/ngamzai,35,16,03,009,35/16/03/009,"mala abduri, dandali",degaltura/ngamzai (ward: 03) - yobe
1997,yobe,yunusari,degaltura/ngamzai,35,16,03,011,35/16/03/011,buhari pri. sch. ii,degaltura/ngamzai (ward: 03) - yobe
1998,yobe,yunusari,degaltura/ngamzai,35,16,03,010,35/16/03/010,"ngamzai lawanti,  pri. sch.",degaltura/ngamzai (ward: 03) - yobe
1999,yobe,yunusari,degaltura/ngamzai,35,16,03,003,35/16/03/003,"buhari,  pri. sch.",degaltura/ngamzai (ward: 03) - yobe
2000,yobe,yunusari,degaltura/ngamzai,35,16,03,001,35/16/03/001,"birnin chiroma,  pri. sch.",degaltura/ngamzai (ward: 03) - yobe
2001,yobe,yunusari,degaltura/ngamzai,35,16,03,012,35/16/03/012,degeltura lawanti pri. sch. ii,degaltura/ngamzai (ward: 03) - yobe
2002,yobe,yunusari,degaltura/ngamzai,35,16,03,005,35/16/03/005,"degeltura lawanti,  pri. sch.",degaltura/ngamzai (ward: 03) - yobe
2003,yobe,yunusari,dekwa,35,16,04,005,35/16/04/005,"mainari, dandali",dekwa (ward: 04) - yobe
2004,yobe,yunusari,dekwa,35,16,04,001,35/16/04/001,"bulangunwari, dandali",dekwa (ward: 04) - yobe
2005,yobe,yunusari,dekwa,35,16,04,006,35/16/04/006,mar - gawa pri school,dekwa (ward: 04) - yobe
2006,yobe,yunusari,dekwa,35,16,04,003,35/16/04/003,"guluri malanti, dandali",dekwa (ward: 04) - yobe
2007,yobe,yunusari,dekwa,35,16,04,004,35/16/04/004,"kafetowa, dandali",dekwa (ward: 04) - yobe
2008,yobe,yunusari,dekwa,35,16,04,002,35/16/04/002,"dekwa,  pri. sch.",dekwa (ward: 04) - yobe
2009,yobe,yunusari,dekwa,35,16,04,008,35/16/04/008,kafetuwa dandali ii,dekwa (ward: 04) - yobe
2010,yobe,yunusari,dekwa,35,16,04,007,35/16/04/007,bulangun wari dandali ii,dekwa (ward: 04) - yobe
2011,yobe,yunusari,dilala/kalgi,35,16,05,004,35/16/05/004,"fulameri, dandali",dilala/kalgi (ward: 05) - yobe
2012,yobe,yunusari,dilala/kalgi,35,16,05,010,35/16/05/010,kalgi lawanti pri. sch. ii,dilala/kalgi (ward: 05) - yobe
2013,yobe,yunusari,dilala/kalgi,35,16,05,008,35/16/05/008,"yawule, dandali",dilala/kalgi (ward: 05) - yobe
2014,yobe,yunusari,dilala/kalgi,35,16,05,005,35/16/05/005,"jajiri, dandali",dilala/kalgi (ward: 05) - yobe
2015,yobe,yunusari,dilala/kalgi,35,16,05,009,35/16/05/009,dilala lawanti pri. sch. ii,dilala/kalgi (ward: 05) - yobe
2016,yobe,yunusari,dilala/kalgi,35,16,05,002,35/16/05/002,"bukar midi, dandali",dilala/kalgi (ward: 05) - yobe
2017,yobe,yunusari,dilala/kalgi,35,16,05,003,35/16/05/003,dilala lawanti pri school,dilala/kalgi (ward: 05) - yobe
2018,yobe,yunusari,dilala/kalgi,35,16,05,001,35/16/05/001,"alafaksa, dandali",dilala/kalgi (ward: 05) - yobe
2019,yobe,yunusari,dilala/kalgi,35,16,05,007,35/16/05/007,"kantu kolowa, dandali",dilala/kalgi (ward: 05) - yobe
2020,yobe,yunusari,dilala/kalgi,35,16,05,006,35/16/05/006,"kalgi lawanti,  pri. sch.",dilala/kalgi (ward: 05) - yobe
2021,yobe,yunusari,mairari,35,16,06,014,35/16/06/014,"mairari, dispensary",mairari (ward: 06) - yobe
2022,yobe,yunusari,mairari,35,16,06,016,35/16/06/016,bulama hayatu pri sch. iii,mairari (ward: 06) - yobe
2023,yobe,yunusari,mairari,35,16,06,006,35/16/06/006,"bulama bukar, viewing centre",mairari (ward: 06) - yobe
2024,yobe,yunusari,mairari,35,16,06,011,35/16/06/011,"mairari,  pri. sch.",mairari (ward: 06) - yobe
2025,yobe,yunusari,mairari,35,16,06,008,35/16/06/008,"gajiri,  pri. sch.",mairari (ward: 06) - yobe
2026,yobe,yunusari,mairari,35,16,06,004,35/16/06/004,"bulama hayatu,  pri. sch. i",mairari (ward: 06) - yobe
2027,yobe,yunusari,mairari,35,16,06,017,35/16/06/017,bulama hayatu pri sch. iv,mairari (ward: 06) - yobe
2028,yobe,yunusari,mairari,35,16,06,003,35/16/06/003,"bulama bukar, kofar bulama",mairari (ward: 06) - yobe
2029,yobe,yunusari,mairari,35,16,06,005,35/16/06/005,"bulama hayatu,  pri. sch. ii",mairari (ward: 06) - yobe
2030,yobe,yunusari,mairari,35,16,06,020,35/16/06/020,gursulu pri. sch ii,mairari (ward: 06) - yobe
2031,yobe,yunusari,mairari,35,16,06,022,35/16/06/022,mandamari pri. sch. ii,mairari (ward: 06) - yobe
2032,yobe,yunusari,mairari,35,16,06,019,35/16/06/019,goniri pri. sch ii,mairari (ward: 06) - yobe
2033,yobe,yunusari,mairari,35,16,06,010,35/16/06/010,"gursulu , p[ri. sch.",mairari (ward: 06) - yobe
2034,yobe,yunusari,mairari,35,16,06,009,35/16/06/009,"goniri,  pri. sch.",mairari (ward: 06) - yobe
2035,yobe,yunusari,mairari,35,16,06,018,35/16/06/018,faya  kafiya dandali ii,mairari (ward: 06) - yobe
2036,yobe,yunusari,mairari,35,16,06,015,35/16/06/015,bulama bukar kofar bulama ii,mairari (ward: 06) - yobe
2037,yobe,yunusari,mairari,35,16,06,013,35/16/06/013,"ngurtuwa, dandali",mairari (ward: 06) - yobe
2038,yobe,yunusari,mairari,35,16,06,002,35/16/06/002,"bidar, dandali",mairari (ward: 06) - yobe
2039,yobe,yunusari,mairari,35,16,06,001,35/16/06/001,"awakimeri, dandali",mairari (ward: 06) - yobe
2040,yobe,yunusari,mairari,35,16,06,007,35/16/06/007,"faya kafiya, dandali",mairari (ward: 06) - yobe
2041,yobe,yunusari,mairari,35,16,06,012,35/16/06/012,"mandamari,  pri. sch.",mairari (ward: 06) - yobe
2042,yobe,yunusari,mairari,35,16,06,021,35/16/06/021,mairari pri. sch. ii,mairari (ward: 06) - yobe
2043,yobe,yunusari,mozogun/kujari,35,16,07,002,35/16/07/002,"dama, dandali",mozogun/kujari (ward: 07) - yobe
2044,yobe,yunusari,mozogun/kujari,35,16,07,008,35/16/07/008,"ufari, dandali",mozogun/kujari (ward: 07) - yobe
2045,yobe,yunusari,mozogun/kujari,35,16,07,006,35/16/07/006,"malla asandi, dandali",mozogun/kujari (ward: 07) - yobe
2046,yobe,yunusari,mozogun/kujari,35,16,07,001,35/16/07/001,"alhajiri malari, dandali",mozogun/kujari (ward: 07) - yobe
2047,yobe,yunusari,mozogun/kujari,35,16,07,004,35/16/07/004,"kujari, dispensary",mozogun/kujari (ward: 07) - yobe
2048,yobe,yunusari,mozogun/kujari,35,16,07,005,35/16/07/005,"kujari, dandali",mozogun/kujari (ward: 07) - yobe
2049,yobe,yunusari,mozogun/kujari,35,16,07,003,35/16/07/003,"gadauri, dandali",mozogun/kujari (ward: 07) - yobe
2050,yobe,yunusari,mozogun/kujari,35,16,07,009,35/16/07/009,kujari view centre,mozogun/kujari (ward: 07) - yobe
2051,yobe,yunusari,mozogun/kujari,35,16,07,010,35/16/07/010,mozogun pri. sch. ii,mozogun/kujari (ward: 07) - yobe
2052,yobe,yunusari,mozogun/kujari,35,16,07,011,35/16/07/011,mozogun pri. sch. iii,mozogun/kujari (ward: 07) - yobe
2053,yobe,yunusari,mozogun/kujari,35,16,07,007,35/16/07/007,"mozogun,  pri. sch.",mozogun/kujari (ward: 07) - yobe
2054,yobe,yunusari,ngirabo,35,16,08,019,35/16/08/019,garin gawo dandali ii,ngirabo (ward: 08) - yobe
2055,yobe,yunusari,ngirabo,35,16,08,004,35/16/08/004,"bula malam gana , dandali",ngirabo (ward: 08) - yobe
2056,yobe,yunusari,ngirabo,35,16,08,005,35/16/08/005,"dalari , dandali",ngirabo (ward: 08) - yobe
2057,yobe,yunusari,ngirabo,35,16,08,010,35/16/08/010,"sarkin pawa, dandali i",ngirabo (ward: 08) - yobe
2058,yobe,yunusari,ngirabo,35,16,08,009,35/16/08/009,"mani kilbu, dandali",ngirabo (ward: 08) - yobe
2059,yobe,yunusari,ngirabo,35,16,08,007,35/16/08/007,"gremari ngirabo, dandali",ngirabo (ward: 08) - yobe
2060,yobe,yunusari,ngirabo,35,16,08,014,35/16/08/014,"yerimaram, dandali",ngirabo (ward: 08) - yobe
2061,yobe,yunusari,ngirabo,35,16,08,001,35/16/08/001,"abubakar maiung, dandali i",ngirabo (ward: 08) - yobe
2062,yobe,yunusari,ngirabo,35,16,08,012,35/16/08/012,"shettima moduri, dandali i",ngirabo (ward: 08) - yobe
2063,yobe,yunusari,ngirabo,35,16,08,022,35/16/08/022,shettima modori pri. sch.iii,ngirabo (ward: 08) - yobe
2064,yobe,yunusari,ngirabo,35,16,08,011,35/16/08/011,sarkin pawa dandali ii,ngirabo (ward: 08) - yobe
2065,yobe,yunusari,ngirabo,35,16,08,021,35/16/08/021,sarkin pawa dandali iv,ngirabo (ward: 08) - yobe
2066,yobe,yunusari,ngirabo,35,16,08,020,35/16/08/020,sarkin pawa dandali iii,ngirabo (ward: 08) - yobe
2067,yobe,yunusari,ngirabo,35,16,08,015,35/16/08/015,"zigindimi,  pri. sch.",ngirabo (ward: 08) - yobe
2068,yobe,yunusari,ngirabo,35,16,08,013,35/16/08/013,"shettima moduri, dandali ii",ngirabo (ward: 08) - yobe
2069,yobe,yunusari,ngirabo,35,16,08,008,35/16/08/008,"jagar adimi, dandali",ngirabo (ward: 08) - yobe
2070,yobe,yunusari,ngirabo,35,16,08,006,35/16/08/006,"garin gawo, dandali",ngirabo (ward: 08) - yobe
2071,yobe,yunusari,ngirabo,35,16,08,002,35/16/08/002,"abubakar maiung, dandali ii",ngirabo (ward: 08) - yobe
2072,yobe,yunusari,ngirabo,35,16,08,018,35/16/08/018,abubakar mai anguwa iv,ngirabo (ward: 08) - yobe
2073,yobe,yunusari,ngirabo,35,16,08,017,35/16/08/017,abubakar mai anguwa iii,ngirabo (ward: 08) - yobe
2074,yobe,yunusari,ngirabo,35,16,08,003,35/16/08/003,"bula melah, dandali",ngirabo (ward: 08) - yobe
2075,yobe,yunusari,ngirabo,35,16,08,023,35/16/08/023,shettima modori pri. sch. iv,ngirabo (ward: 08) - yobe
2076,yobe,yunusari,ngirabo,35,16,08,016,35/16/08/016,"gremari ngirago, dandali",ngirabo (ward: 08) - yobe
2077,yobe,yunusari,wadi/kafiya,35,16,09,011,35/16/09/011,"manawaji,   pri. sch.",wadi/kafiya (ward: 09) - yobe
2078,yobe,yunusari,wadi/kafiya,35,16,09,004,35/16/09/004,"gamachiri, dandali",wadi/kafiya (ward: 09) - yobe
2079,yobe,yunusari,wadi/kafiya,35,16,09,009,35/16/09/009,"kirizul, dandali",wadi/kafiya (ward: 09) - yobe
2080,yobe,yunusari,wadi/kafiya,35,16,09,005,35/16/09/005,"goni meleri, dandali",wadi/kafiya (ward: 09) - yobe
2081,yobe,yunusari,wadi/kafiya,35,16,09,001,35/16/09/001,"bukarti,  pri. sch.",wadi/kafiya (ward: 09) - yobe
2082,yobe,yunusari,wadi/kafiya,35,16,09,008,35/16/09/008,"kafiya, dandali",wadi/kafiya (ward: 09) - yobe
2083,yobe,yunusari,wadi/kafiya,35,16,09,007,35/16/09/007,"gremari wadi,  pri. sch.",wadi/kafiya (ward: 09) - yobe
2084,yobe,yunusari,wadi/kafiya,35,16,09,006,35/16/09/006,goni chammami openspace,wadi/kafiya (ward: 09) - yobe
2085,yobe,yunusari,wadi/kafiya,35,16,09,003,35/16/09/003,"gabtomeri, dandali",wadi/kafiya (ward: 09) - yobe
2086,yobe,yunusari,wadi/kafiya,35,16,09,015,35/16/09/015,kafiya dandali ii,wadi/kafiya (ward: 09) - yobe
2087,yobe,yunusari,wadi/kafiya,35,16,09,014,35/16/09/014,bukarti pri. sch.iii,wadi/kafiya (ward: 09) - yobe
2088,yobe,yunusari,wadi/kafiya,35,16,09,012,35/16/09/012,"manawaji,  dispensary",wadi/kafiya (ward: 09) - yobe
2089,yobe,yunusari,wadi/kafiya,35,16,09,013,35/16/09/013,bukarti pri. sch. ii,wadi/kafiya (ward: 09) - yobe
2090,yobe,yunusari,wadi/kafiya,35,16,09,002,35/16/09/002,"chukuwa kura, dandali",wadi/kafiya (ward: 09) - yobe
2091,yobe,yunusari,wadi/kafiya,35,16,09,010,35/16/09/010,"kusuluwaram, dandali",wadi/kafiya (ward: 09) - yobe
2092,yobe,yunusari,zajibiri / dumbal,35,16,10,004,35/16/10/004,"dumbol lawanti, dandali ii",zajibiri / dumbal (ward: 10) - yobe
2093,yobe,yunusari,zajibiri / dumbal,35,16,10,011,35/16/10/011,zajibiriri ladu pri. sch ii,zajibiri / dumbal (ward: 10) - yobe
2094,yobe,yunusari,zajibiri / dumbal,35,16,10,002,35/16/10/002,"bulanguwaram, dandali",zajibiri / dumbal (ward: 10) - yobe
2095,yobe,yunusari,zajibiri / dumbal,35,16,10,007,35/16/10/007,"zai lawanti, dandali",zajibiri / dumbal (ward: 10) - yobe
2096,yobe,yunusari,zajibiri / dumbal,35,16,10,010,35/16/10/010,musa kallabe dako dandali ii,zajibiri / dumbal (ward: 10) - yobe
2097,yobe,yunusari,zajibiri / dumbal,35,16,10,008,35/16/10/008,"zaji biriri lawanti, dandali",zajibiri / dumbal (ward: 10) - yobe
2098,yobe,yunusari,zajibiri / dumbal,35,16,10,009,35/16/10/009,"zaji biriri ladu,  pri. sch.",zajibiri / dumbal (ward: 10) - yobe
2099,yobe,yunusari,zajibiri / dumbal,35,16,10,003,35/16/10/003,"dumbol lawanti, dandali i",zajibiri / dumbal (ward: 10) - yobe
2100,yobe,yunusari,zajibiri / dumbal,35,16,10,006,35/16/10/006,"musa kallabe, dandali",zajibiri / dumbal (ward: 10) - yobe
2101,yobe,yunusari,zajibiri / dumbal,35,16,10,001,35/16/10/001,"awakimeri, dandali",zajibiri / dumbal (ward: 10) - yobe
2102,yobe,yunusari,zajibiri / dumbal,35,16,10,005,35/16/10/005,"garau, dandali",zajibiri / dumbal (ward: 10) - yobe
2103,yobe,potiskum,bare-bare/bauya/lalai dumbulwa,35,14,01,052,35/14/01/052,yusuf kafinta open space ii,bare-bare/bauya/lalai dumbulwa (ward: 01) - yobe
2104,yobe,potiskum,bare-bare/bauya/lalai dumbulwa,35,14,01,051,35/14/01/051,"unguwar makafi ii, unguwar makafi ii",bare-bare/bauya/lalai dumbulwa (ward: 01) - yobe
2105,yobe,potiskum,bare-bare/bauya/lalai dumbulwa,35,14,01,050,35/14/01/050,"unguwar arewa, unguwar arewa ii",bare-bare/bauya/lalai dumbulwa (ward: 01) - yobe
2106,yobe,potiskum,bare-bare/bauya/lalai dumbulwa,35,14,01,049,35/14/01/049,tsangaya open space ii,bare-bare/bauya/lalai dumbulwa (ward: 01) - yobe
2107,yobe,potiskum,bare-bare/bauya/lalai dumbulwa,35,14,01,048,35/14/01/048,"sarkin dillalai, sarkin dillalai ii",bare-bare/bauya/lalai dumbulwa (ward: 01) - yobe
2108,yobe,potiskum,bare-bare/bauya/lalai dumbulwa,35,14,01,047,35/14/01/047,"prison, nigerian prison ii",bare-bare/bauya/lalai dumbulwa (ward: 01) - yobe
2109,yobe,potiskum,bare-bare/bauya/lalai dumbulwa,35,14,01,046,35/14/01/046,nahuta primary school iii,bare-bare/bauya/lalai dumbulwa (ward: 01) - yobe
2110,yobe,potiskum,bare-bare/bauya/lalai dumbulwa,35,14,01,045,35/14/01/045,nahuta primary school ii,bare-bare/bauya/lalai dumbulwa (ward: 01) - yobe
2111,yobe,potiskum,bare-bare/bauya/lalai dumbulwa,35,14,01,044,35/14/01/044,mazagam primary school ii,bare-bare/bauya/lalai dumbulwa (ward: 01) - yobe
2112,yobe,potiskum,bare-bare/bauya/lalai dumbulwa,35,14,01,043,35/14/01/043,masaka open space ii,bare-bare/bauya/lalai dumbulwa (ward: 01) - yobe
2113,yobe,potiskum,bare-bare/bauya/lalai dumbulwa,35,14,01,042,35/14/01/042,m. iyam ii,bare-bare/bauya/lalai dumbulwa (ward: 01) - yobe
2114,yobe,potiskum,bare-bare/bauya/lalai dumbulwa,35,14,01,040,35/14/01/040,makabarta kofar mai unguwa ii,bare-bare/bauya/lalai dumbulwa (ward: 01) - yobe
2115,yobe,potiskum,bare-bare/bauya/lalai dumbulwa,35,14,01,039,35/14/01/039,mai bauya kofar bulama ii,bare-bare/bauya/lalai dumbulwa (ward: 01) - yobe
2116,yobe,potiskum,bare-bare/bauya/lalai dumbulwa,35,14,01,038,35/14/01/038,lamba sule kofar lamba ii,bare-bare/bauya/lalai dumbulwa (ward: 01) - yobe
2117,yobe,potiskum,bare-bare/bauya/lalai dumbulwa,35,14,01,037,35/14/01/037,lai lai primary school ii,bare-bare/bauya/lalai dumbulwa (ward: 01) - yobe
2118,yobe,potiskum,bare-bare/bauya/lalai dumbulwa,35,14,01,036,35/14/01/036,kila kwata open space ii,bare-bare/bauya/lalai dumbulwa (ward: 01) - yobe
2119,yobe,potiskum,bare-bare/bauya/lalai dumbulwa,35,14,01,035,35/14/01/035,kantin waje open space ii,bare-bare/bauya/lalai dumbulwa (ward: 01) - yobe
2120,yobe,potiskum,bare-bare/bauya/lalai dumbulwa,35,14,01,034,35/14/01/034,jigawa open space iii,bare-bare/bauya/lalai dumbulwa (ward: 01) - yobe
2121,yobe,potiskum,bare-bare/bauya/lalai dumbulwa,35,14,01,033,35/14/01/033,jigawa open space ii,bare-bare/bauya/lalai dumbulwa (ward: 01) - yobe
2122,yobe,potiskum,bare-bare/bauya/lalai dumbulwa,35,14,01,032,35/14/01/032,garin maina kofar bulama ii,bare-bare/bauya/lalai dumbulwa (ward: 01) - yobe
2123,yobe,potiskum,bare-bare/bauya/lalai dumbulwa,35,14,01,031,35/14/01/031,fggc gate ii,bare-bare/bauya/lalai dumbulwa (ward: 01) - yobe
2124,yobe,potiskum,bare-bare/bauya/lalai dumbulwa,35,14,01,030,35/14/01/030,dumbulwa kofar bulama ii,bare-bare/bauya/lalai dumbulwa (ward: 01) - yobe
2125,yobe,potiskum,bare-bare/bauya/lalai dumbulwa,35,14,01,029,35/14/01/029,chadi primary school iv,bare-bare/bauya/lalai dumbulwa (ward: 01) - yobe
2126,yobe,potiskum,bare-bare/bauya/lalai dumbulwa,35,14,01,028,35/14/01/028,chadi primary school iii,bare-bare/bauya/lalai dumbulwa (ward: 01) - yobe
2127,yobe,potiskum,bare-bare/bauya/lalai dumbulwa,35,14,01,027,35/14/01/027,chadi primary school ii,bare-bare/bauya/lalai dumbulwa (ward: 01) - yobe
2128,yobe,potiskum,bare-bare/bauya/lalai dumbulwa,35,14,01,026,35/14/01/026,bunduri open space ii,bare-bare/bauya/lalai dumbulwa (ward: 01) - yobe
2129,yobe,potiskum,bare-bare/bauya/lalai dumbulwa,35,14,01,025,35/14/01/025,yusuf kafinta open space,bare-bare/bauya/lalai dumbulwa (ward: 01) - yobe
2130,yobe,potiskum,bare-bare/bauya/lalai dumbulwa,35,14,01,024,35/14/01/024,unguwar makafi - ung. makafi ii,bare-bare/bauya/lalai dumbulwa (ward: 01) - yobe
2131,yobe,potiskum,bare-bare/bauya/lalai dumbulwa,35,14,01,022,35/14/01/022,"unguwar arewa, ung. arewa",bare-bare/bauya/lalai dumbulwa (ward: 01) - yobe
2132,yobe,potiskum,bare-bare/bauya/lalai dumbulwa,35,14,01,021,35/14/01/021,tsangaya open space,bare-bare/bauya/lalai dumbulwa (ward: 01) - yobe
2133,yobe,potiskum,bare-bare/bauya/lalai dumbulwa,35,14,01,020,35/14/01/020,"sarkin dilalai,  s.dilalai",bare-bare/bauya/lalai dumbulwa (ward: 01) - yobe
2134,yobe,potiskum,bare-bare/bauya/lalai dumbulwa,35,14,01,019,35/14/01/019,"rest house,  reception",bare-bare/bauya/lalai dumbulwa (ward: 01) - yobe
2135,yobe,potiskum,bare-bare/bauya/lalai dumbulwa,35,14,01,018,35/14/01/018,"prison,  nigeria prison",bare-bare/bauya/lalai dumbulwa (ward: 01) - yobe
2136,yobe,potiskum,bare-bare/bauya/lalai dumbulwa,35,14,01,017,35/14/01/017,"nahuta, nahuta pri. sch.",bare-bare/bauya/lalai dumbulwa (ward: 01) - yobe
2137,yobe,potiskum,bare-bare/bauya/lalai dumbulwa,35,14,01,016,35/14/01/016,"mazagam, mazagam pri. sch.",bare-bare/bauya/lalai dumbulwa (ward: 01) - yobe
2138,yobe,potiskum,bare-bare/bauya/lalai dumbulwa,35,14,01,015,35/14/01/015,masaka open space,bare-bare/bauya/lalai dumbulwa (ward: 01) - yobe
2139,yobe,potiskum,bare-bare/bauya/lalai dumbulwa,35,14,01,014,35/14/01/014,"m.iyam,  kofar m. iyam",bare-bare/bauya/lalai dumbulwa (ward: 01) - yobe
2140,yobe,potiskum,bare-bare/bauya/lalai dumbulwa,35,14,01,013,35/14/01/013,makabarta kofar mai unguwa,bare-bare/bauya/lalai dumbulwa (ward: 01) - yobe
2141,yobe,potiskum,bare-bare/bauya/lalai dumbulwa,35,14,01,012,35/14/01/012,mai bauya kofar bulama,bare-bare/bauya/lalai dumbulwa (ward: 01) - yobe
2142,yobe,potiskum,bare-bare/bauya/lalai dumbulwa,35,14,01,011,35/14/01/011,"lamba sule, kofar lamba",bare-bare/bauya/lalai dumbulwa (ward: 01) - yobe
2143,yobe,potiskum,bare-bare/bauya/lalai dumbulwa,35,14,01,009,35/14/01/009,kila kwata open space,bare-bare/bauya/lalai dumbulwa (ward: 01) - yobe
2144,yobe,potiskum,bare-bare/bauya/lalai dumbulwa,35,14,01,008,35/14/01/008,kantin waje open space,bare-bare/bauya/lalai dumbulwa (ward: 01) - yobe
2145,yobe,potiskum,bare-bare/bauya/lalai dumbulwa,35,14,01,007,35/14/01/007,jigawa open space,bare-bare/bauya/lalai dumbulwa (ward: 01) - yobe
2146,yobe,potiskum,bare-bare/bauya/lalai dumbulwa,35,14,01,006,35/14/01/006,"garin maina, kofar bulama",bare-bare/bauya/lalai dumbulwa (ward: 01) - yobe
2147,yobe,potiskum,bare-bare/bauya/lalai dumbulwa,35,14,01,005,35/14/01/005,"f.g.g.c,  sch. gate",bare-bare/bauya/lalai dumbulwa (ward: 01) - yobe
2148,yobe,potiskum,bare-bare/bauya/lalai dumbulwa,35,14,01,004,35/14/01/004,"dumbulwa, kofar bulama",bare-bare/bauya/lalai dumbulwa (ward: 01) - yobe
2149,yobe,potiskum,bare-bare/bauya/lalai dumbulwa,35,14,01,003,35/14/01/003,"chadi, chadi pri. sch",bare-bare/bauya/lalai dumbulwa (ward: 01) - yobe
2150,yobe,potiskum,bare-bare/bauya/lalai dumbulwa,35,14,01,002,35/14/01/002,bunduri open space,bare-bare/bauya/lalai dumbulwa (ward: 01) - yobe
2151,yobe,potiskum,bare-bare/bauya/lalai dumbulwa,35,14,01,010,35/14/01/010,"lailai, lailai pri. sch.",bare-bare/bauya/lalai dumbulwa (ward: 01) - yobe
2152,yobe,potiskum,bare-bare/bauya/lalai dumbulwa,35,14,01,001,35/14/01/001,bulama b. dalhu kofar bulama,bare-bare/bauya/lalai dumbulwa (ward: 01) - yobe
2153,yobe,potiskum,bare-bare/bauya/lalai dumbulwa,35,14,01,023,35/14/01/023,unguwar makafi - ung. makafi i,bare-bare/bauya/lalai dumbulwa (ward: 01) - yobe
2154,yobe,potiskum,bare-bare/bauya/lalai dumbulwa,35,14,01,041,35/14/01/041,makabarta kofar mai unguwa iii,bare-bare/bauya/lalai dumbulwa (ward: 01) - yobe
2155,yobe,potiskum,bolewa 'a',35,14,02,035,35/14/02/035,unguwar alkali iv,bolewa 'a' (ward: 02) - yobe
2156,yobe,potiskum,bolewa 'a',35,14,02,033,35/14/02/033,unguwar lebura ii,bolewa 'a' (ward: 02) - yobe
2157,yobe,potiskum,bolewa 'a',35,14,02,032,35/14/02/032,"tela baburo, kofar tela ii",bolewa 'a' (ward: 02) - yobe
2158,yobe,potiskum,bolewa 'a',35,14,02,031,35/14/02/031,sabon gari primary school ii,bolewa 'a' (ward: 02) - yobe
2159,yobe,potiskum,bolewa 'a',35,14,02,030,35/14/02/030,nepa transformer ii,bolewa 'a' (ward: 02) - yobe
2160,yobe,potiskum,bolewa 'a',35,14,02,029,35/14/02/029,m. moh'd bomoi line ii,bolewa 'a' (ward: 02) - yobe
2161,yobe,potiskum,bolewa 'a',35,14,02,028,35/14/02/028,masallacin jumma'a ii,bolewa 'a' (ward: 02) - yobe
2162,yobe,potiskum,bolewa 'a',35,14,02,027,35/14/02/027,"lamba babafi, kofar lamba ii",bolewa 'a' (ward: 02) - yobe
2163,yobe,potiskum,bolewa 'a',35,14,02,034,35/14/02/034,unguwar alkali iii,bolewa 'a' (ward: 02) - yobe
2164,yobe,potiskum,bolewa 'a',35,14,02,026,35/14/02/026,kofar sarki permanent stand iii,bolewa 'a' (ward: 02) - yobe
2165,yobe,potiskum,bolewa 'a',35,14,02,025,35/14/02/025,kofar sarki permanent stand ii,bolewa 'a' (ward: 02) - yobe
2166,yobe,potiskum,bolewa 'a',35,14,02,024,35/14/02/024,kara ii primary school vi,bolewa 'a' (ward: 02) - yobe
2167,yobe,potiskum,bolewa 'a',35,14,02,023,35/14/02/023,kara ii primary school v,bolewa 'a' (ward: 02) - yobe
2168,yobe,potiskum,bolewa 'a',35,14,02,022,35/14/02/022,kara i primary school iv,bolewa 'a' (ward: 02) - yobe
2169,yobe,potiskum,bolewa 'a',35,14,02,021,35/14/02/021,kara i primary school iii,bolewa 'a' (ward: 02) - yobe
2170,yobe,potiskum,bolewa 'a',35,14,02,020,35/14/02/020,gumsa kure open space ii,bolewa 'a' (ward: 02) - yobe
2171,yobe,potiskum,bolewa 'a',35,14,02,019,35/14/02/019,gindin rimi ii,bolewa 'a' (ward: 02) - yobe
2172,yobe,potiskum,bolewa 'a',35,14,02,018,35/14/02/018,"chiroma kafinta,kofar chiroma ii",bolewa 'a' (ward: 02) - yobe
2173,yobe,potiskum,bolewa 'a',35,14,02,017,35/14/02/017,yalamoi amadi ii,bolewa 'a' (ward: 02) - yobe
2174,yobe,potiskum,bolewa 'a',35,14,02,016,35/14/02/016,"unguwar alkali, kofar alikali ii",bolewa 'a' (ward: 02) - yobe
2175,yobe,potiskum,bolewa 'a',35,14,02,015,35/14/02/015,"unguwar alkali, kofar alikali i",bolewa 'a' (ward: 02) - yobe
2176,yobe,potiskum,bolewa 'a',35,14,02,014,35/14/02/014,"unguwar lebura, ung.lebura",bolewa 'a' (ward: 02) - yobe
2177,yobe,potiskum,bolewa 'a',35,14,02,013,35/14/02/013,"tela baburo, kofar tela",bolewa 'a' (ward: 02) - yobe
2178,yobe,potiskum,bolewa 'a',35,14,02,012,35/14/02/012,"sabon gari, pri. sch.",bolewa 'a' (ward: 02) - yobe
2179,yobe,potiskum,bolewa 'a',35,14,02,011,35/14/02/011,nepa transformer,bolewa 'a' (ward: 02) - yobe
2180,yobe,potiskum,bolewa 'a',35,14,02,010,35/14/02/010,"m. moh'd bomoi line, moh'd bomoi",bolewa 'a' (ward: 02) - yobe
2181,yobe,potiskum,bolewa 'a',35,14,02,009,35/14/02/009,masallacin jumma'a,bolewa 'a' (ward: 02) - yobe
2182,yobe,potiskum,bolewa 'a',35,14,02,008,35/14/02/008,"lamba babafi, kofar lamba",bolewa 'a' (ward: 02) - yobe
2183,yobe,potiskum,bolewa 'a',35,14,02,007,35/14/02/007,"kofar sarki,  permanent stand",bolewa 'a' (ward: 02) - yobe
2184,yobe,potiskum,bolewa 'a',35,14,02,006,35/14/02/006,"kara, pri. sch. ii",bolewa 'a' (ward: 02) - yobe
2185,yobe,potiskum,bolewa 'a',35,14,02,005,35/14/02/005,"kara, pri. sch. i",bolewa 'a' (ward: 02) - yobe
2186,yobe,potiskum,bolewa 'a',35,14,02,004,35/14/02/004,gumsa kure open space,bolewa 'a' (ward: 02) - yobe
2187,yobe,potiskum,bolewa 'a',35,14,02,003,35/14/02/003,"gindin rimi,  gindin rimi",bolewa 'a' (ward: 02) - yobe
2188,yobe,potiskum,bolewa 'a',35,14,02,002,35/14/02/002,"chiroma kafinta, kofar chiroma",bolewa 'a' (ward: 02) - yobe
2189,yobe,potiskum,bolewa 'a',35,14,02,001,35/14/02/001,"yalamoi / amadi,  kofar amadi",bolewa 'a' (ward: 02) - yobe
2190,yobe,potiskum,bolewa 'b',35,14,03,049,35/14/03/049,tela bamado ii,bolewa 'b' (ward: 03) - yobe
2191,yobe,potiskum,bolewa 'b',35,14,03,048,35/14/03/048,t-junction vi,bolewa 'b' (ward: 03) - yobe
2192,yobe,potiskum,bolewa 'b',35,14,03,047,35/14/03/047,t-junction v,bolewa 'b' (ward: 03) - yobe
2193,yobe,potiskum,bolewa 'b',35,14,03,046,35/14/03/046,t-junction iv,bolewa 'b' (ward: 03) - yobe
2194,yobe,potiskum,bolewa 'b',35,14,03,045,35/14/03/045,t-junction iii,bolewa 'b' (ward: 03) - yobe
2195,yobe,potiskum,bolewa 'b',35,14,03,044,35/14/03/044,tashar mai kaji ii,bolewa 'b' (ward: 03) - yobe
2196,yobe,potiskum,bolewa 'b',35,14,03,043,35/14/03/043,tashar lamba sabo ii,bolewa 'b' (ward: 03) - yobe
2197,yobe,potiskum,bolewa 'b',35,14,03,042,35/14/03/042,sabon layi ii primary school vii,bolewa 'b' (ward: 03) - yobe
2198,yobe,potiskum,bolewa 'b',35,14,03,041,35/14/03/041,sabon layi ii primary school vi,bolewa 'b' (ward: 03) - yobe
2199,yobe,potiskum,bolewa 'b',35,14,03,040,35/14/03/040,sabon layi ii primary school v,bolewa 'b' (ward: 03) - yobe
2200,yobe,potiskum,bolewa 'b',35,14,03,039,35/14/03/039,sabon layi ii primary school iv,bolewa 'b' (ward: 03) - yobe
2201,yobe,potiskum,bolewa 'b',35,14,03,038,35/14/03/038,sabon layi i primary school iii,bolewa 'b' (ward: 03) - yobe
2202,yobe,potiskum,bolewa 'b',35,14,03,037,35/14/03/037,"low cost, gindin gawo v",bolewa 'b' (ward: 03) - yobe
2203,yobe,potiskum,bolewa 'b',35,14,03,036,35/14/03/036,"low cost, gindin gawo iv",bolewa 'b' (ward: 03) - yobe
2204,yobe,potiskum,bolewa 'b',35,14,03,035,35/14/03/035,"low cost, gindin gawo iii",bolewa 'b' (ward: 03) - yobe
2205,yobe,potiskum,bolewa 'b',35,14,03,034,35/14/03/034,"low cost, gindin gawo ii",bolewa 'b' (ward: 03) - yobe
2206,yobe,potiskum,bolewa 'b',35,14,03,033,35/14/03/033,kwata ii primary school iv,bolewa 'b' (ward: 03) - yobe
2207,yobe,potiskum,bolewa 'b',35,14,03,032,35/14/03/032,kwata i primary school iii,bolewa 'b' (ward: 03) - yobe
2208,yobe,potiskum,bolewa 'b',35,14,03,031,35/14/03/031,kofar isa jajere iii,bolewa 'b' (ward: 03) - yobe
2209,yobe,potiskum,bolewa 'b',35,14,03,030,35/14/03/030,kofar isa jajere ii,bolewa 'b' (ward: 03) - yobe
2210,yobe,potiskum,bolewa 'b',35,14,03,029,35/14/03/029,kasuwan npn iii,bolewa 'b' (ward: 03) - yobe
2211,yobe,potiskum,bolewa 'b',35,14,03,026,35/14/03/026,jankwano open space iv,bolewa 'b' (ward: 03) - yobe
2212,yobe,potiskum,bolewa 'b',35,14,03,025,35/14/03/025,jankwano open space iii,bolewa 'b' (ward: 03) - yobe
2213,yobe,potiskum,bolewa 'b',35,14,03,024,35/14/03/024,jankwano open space ii,bolewa 'b' (ward: 03) - yobe
2214,yobe,potiskum,bolewa 'b',35,14,03,023,35/14/03/023,dogon zare open space iii,bolewa 'b' (ward: 03) - yobe
2215,yobe,potiskum,bolewa 'b',35,14,03,022,35/14/03/022,dogon zare open space ii,bolewa 'b' (ward: 03) - yobe
2216,yobe,potiskum,bolewa 'b',35,14,03,021,35/14/03/021,dahiru lanzai ii,bolewa 'b' (ward: 03) - yobe
2217,yobe,potiskum,bolewa 'b',35,14,03,020,35/14/03/020,bayi moi open space iii,bolewa 'b' (ward: 03) - yobe
2218,yobe,potiskum,bolewa 'b',35,14,03,019,35/14/03/019,bayi moi open space ii,bolewa 'b' (ward: 03) - yobe
2219,yobe,potiskum,bolewa 'b',35,14,03,018,35/14/03/018,"zango alhazai,  zango",bolewa 'b' (ward: 03) - yobe
2220,yobe,potiskum,bolewa 'b',35,14,03,017,35/14/03/017,"tela bamado,  kofar bamado",bolewa 'b' (ward: 03) - yobe
2221,yobe,potiskum,bolewa 'b',35,14,03,016,35/14/03/016,"t.junction,  t.junction ii",bolewa 'b' (ward: 03) - yobe
2222,yobe,potiskum,bolewa 'b',35,14,03,015,35/14/03/015,"t.junction, t.junction i",bolewa 'b' (ward: 03) - yobe
2223,yobe,potiskum,bolewa 'b',35,14,03,014,35/14/03/014,"tashar mai. kaji,  kofar mai kaji",bolewa 'b' (ward: 03) - yobe
2224,yobe,potiskum,bolewa 'b',35,14,03,013,35/14/03/013,"tashar lamba sabo, kofar lamba",bolewa 'b' (ward: 03) - yobe
2225,yobe,potiskum,bolewa 'b',35,14,03,012,35/14/03/012,"sabon layi, pri. sch. ii",bolewa 'b' (ward: 03) - yobe
2226,yobe,potiskum,bolewa 'b',35,14,03,011,35/14/03/011,"sabon layi,  pri. sch. i",bolewa 'b' (ward: 03) - yobe
2227,yobe,potiskum,bolewa 'b',35,14,03,010,35/14/03/010,"low cost,  gidin gawo",bolewa 'b' (ward: 03) - yobe
2228,yobe,potiskum,bolewa 'b',35,14,03,009,35/14/03/009,"kwata, kwata pri. sch. ii",bolewa 'b' (ward: 03) - yobe
2229,yobe,potiskum,bolewa 'b',35,14,03,008,35/14/03/008,"kwata, kwata pri. sch. i",bolewa 'b' (ward: 03) - yobe
2230,yobe,potiskum,bolewa 'b',35,14,03,007,35/14/03/007,"kofar isa jajere, kofar isa jajere",bolewa 'b' (ward: 03) - yobe
2231,yobe,potiskum,bolewa 'b',35,14,03,006,35/14/03/006,"kasuwan n.p.n,  kasuwan n.p.n",bolewa 'b' (ward: 03) - yobe
2232,yobe,potiskum,bolewa 'b',35,14,03,005,35/14/03/005,jankwano open space,bolewa 'b' (ward: 03) - yobe
2233,yobe,potiskum,bolewa 'b',35,14,03,004,35/14/03/004,dogo zare open space,bolewa 'b' (ward: 03) - yobe
2234,yobe,potiskum,bolewa 'b',35,14,03,003,35/14/03/003,"dahiru lanzai, kofar dahiru lanzai",bolewa 'b' (ward: 03) - yobe
2235,yobe,potiskum,bolewa 'b',35,14,03,002,35/14/03/002,"bulama ari, kofar bulama",bolewa 'b' (ward: 03) - yobe
2236,yobe,potiskum,bolewa 'b',35,14,03,001,35/14/03/001,bayi moi open space,bolewa 'b' (ward: 03) - yobe
2237,yobe,potiskum,bolewa 'b',35,14,03,050,35/14/03/050,zangon alhazai ii,bolewa 'b' (ward: 03) - yobe
2238,yobe,potiskum,bolewa 'b',35,14,03,028,35/14/03/028,kasuwan npn ii,bolewa 'b' (ward: 03) - yobe
2239,yobe,potiskum,bolewa 'b',35,14,03,027,35/14/03/027,jankwano open space v,bolewa 'b' (ward: 03) - yobe
2240,yobe,potiskum,danchuwa/bula,35,14,04,026,35/14/04/026,garin makwai primary school ii,danchuwa/bula (ward: 04) - yobe
2241,yobe,potiskum,danchuwa/bula,35,14,04,025,35/14/04/025,danchuwa kofar lamba ii,danchuwa/bula (ward: 04) - yobe
2242,yobe,potiskum,danchuwa/bula,35,14,04,024,35/14/04/024,danchuwa dispensary ii,danchuwa/bula (ward: 04) - yobe
2243,yobe,potiskum,danchuwa/bula,35,14,04,023,35/14/04/023,"yabel, kofar bulama",danchuwa/bula (ward: 04) - yobe
2244,yobe,potiskum,danchuwa/bula,35,14,04,022,35/14/04/022,"unguwar yerima, kofar yarima",danchuwa/bula (ward: 04) - yobe
2245,yobe,potiskum,danchuwa/bula,35,14,04,021,35/14/04/021,"unguwar wakili, kofar wakili",danchuwa/bula (ward: 04) - yobe
2246,yobe,potiskum,danchuwa/bula,35,14,04,020,35/14/04/020,"unguwar galadima, kofar galadima",danchuwa/bula (ward: 04) - yobe
2247,yobe,potiskum,danchuwa/bula,35,14,04,019,35/14/04/019,"tela yahaya, kofar tela yahaya",danchuwa/bula (ward: 04) - yobe
2248,yobe,potiskum,danchuwa/bula,35,14,04,018,35/14/04/018,"jumma'a.,  kofar bulama ii",danchuwa/bula (ward: 04) - yobe
2249,yobe,potiskum,danchuwa/bula,35,14,04,017,35/14/04/017,"jumma'a.,  kofar bulama i",danchuwa/bula (ward: 04) - yobe
2250,yobe,potiskum,danchuwa/bula,35,14,04,016,35/14/04/016,"jumma'a,  pri. sch.",danchuwa/bula (ward: 04) - yobe
2251,yobe,potiskum,danchuwa/bula,35,14,04,015,35/14/04/015,"garin chichi, kofar bulama",danchuwa/bula (ward: 04) - yobe
2252,yobe,potiskum,danchuwa/bula,35,14,04,014,35/14/04/014,"gamawa,  pri. sch.",danchuwa/bula (ward: 04) - yobe
2253,yobe,potiskum,danchuwa/bula,35,14,04,013,35/14/04/013,"garin makwai  s. noma, kofar maigari",danchuwa/bula (ward: 04) - yobe
2254,yobe,potiskum,danchuwa/bula,35,14,04,012,35/14/04/012,"garin makwai,  pri. sch.",danchuwa/bula (ward: 04) - yobe
2255,yobe,potiskum,danchuwa/bula,35,14,04,011,35/14/04/011,"garin bah,  kofar bulama ii",danchuwa/bula (ward: 04) - yobe
2256,yobe,potiskum,danchuwa/bula,35,14,04,010,35/14/04/010,"garin bah,  kofar bulama i",danchuwa/bula (ward: 04) - yobe
2257,yobe,potiskum,danchuwa/bula,35,14,04,009,35/14/04/009,"garin abba, dispensary",danchuwa/bula (ward: 04) - yobe
2258,yobe,potiskum,danchuwa/bula,35,14,04,008,35/14/04/008,"garin abba.a.,  pri. sch.",danchuwa/bula (ward: 04) - yobe
2259,yobe,potiskum,danchuwa/bula,35,14,04,007,35/14/04/007,"dukunde,  kofar bulama",danchuwa/bula (ward: 04) - yobe
2260,yobe,potiskum,danchuwa/bula,35,14,04,006,35/14/04/006,"danchuwa.k. lamba, kofar lamba",danchuwa/bula (ward: 04) - yobe
2261,yobe,potiskum,danchuwa/bula,35,14,04,005,35/14/04/005,"danchuwa, dispensary",danchuwa/bula (ward: 04) - yobe
2262,yobe,potiskum,danchuwa/bula,35,14,04,004,35/14/04/004,"bubaram  gakoku,  pri. sch. ii",danchuwa/bula (ward: 04) - yobe
2263,yobe,potiskum,danchuwa/bula,35,14,04,003,35/14/04/003,"bubaram  gakoku,  pri. sch. i",danchuwa/bula (ward: 04) - yobe
2264,yobe,potiskum,danchuwa/bula,35,14,04,002,35/14/04/002,"bubaram bataba, kofar bulama ii",danchuwa/bula (ward: 04) - yobe
2265,yobe,potiskum,danchuwa/bula,35,14,04,001,35/14/04/001,"bubaram bataba, kofar bulama i",danchuwa/bula (ward: 04) - yobe
2266,yobe,potiskum,dogo nini,35,14,05,041,35/14/05/041,"dorawa, dorawa tsamiya ii",dogo nini (ward: 05) - yobe
2267,yobe,potiskum,dogo nini,35,14,05,036,35/14/05/036,"dauda 'a', kofar dauda iii",dogo nini (ward: 05) - yobe
2268,yobe,potiskum,dogo nini,35,14,05,001,35/14/05/001,"arewa da kasuwa, kofar hassan",dogo nini (ward: 05) - yobe
2269,yobe,potiskum,dogo nini,35,14,05,043,35/14/05/043,fce technical  iii,dogo nini (ward: 05) - yobe
2270,yobe,potiskum,dogo nini,35,14,05,047,35/14/05/047,"ya'u tudun wada, kofar ya'u ii",dogo nini (ward: 05) - yobe
2271,yobe,potiskum,dogo nini,35,14,05,014,35/14/05/014,"gabar da kasuwa, gabar da kasuwa",dogo nini (ward: 05) - yobe
2272,yobe,potiskum,dogo nini,35,14,05,026,35/14/05/026,"ari kime a.a, kofar abare ii",dogo nini (ward: 05) - yobe
2273,yobe,potiskum,dogo nini,35,14,05,008,35/14/05/008,"dabo stadium, maternity clinic",dogo nini (ward: 05) - yobe
2274,yobe,potiskum,dogo nini,35,14,05,042,35/14/05/042,fce technical  ii,dogo nini (ward: 05) - yobe
2275,yobe,potiskum,dogo nini,35,14,05,039,35/14/05/039,"dauda 'b', kofar dauda vi",dogo nini (ward: 05) - yobe
2276,yobe,potiskum,dogo nini,35,14,05,049,35/14/05/049,"yindiski /a/, ""kofar lamba"" iv",dogo nini (ward: 05) - yobe
2277,yobe,potiskum,dogo nini,35,14,05,007,35/14/05/007,"dabo stadium, stadium gate ii",dogo nini (ward: 05) - yobe
2278,yobe,potiskum,dogo nini,35,14,05,010,35/14/05/010,"dauda 'b',  kofar dauda",dogo nini (ward: 05) - yobe
2279,yobe,potiskum,dogo nini,35,14,05,032,35/14/05/032,"dabo stadium ii, gate vi",dogo nini (ward: 05) - yobe
2280,yobe,potiskum,dogo nini,35,14,05,022,35/14/05/022,ari kime primary school  iv,dogo nini (ward: 05) - yobe
2281,yobe,potiskum,dogo nini,35,14,05,030,35/14/05/030,"dabo stadium i, gate iv",dogo nini (ward: 05) - yobe
2282,yobe,potiskum,dogo nini,35,14,05,024,35/14/05/024,"ari kime a.a., kofar dogo mai kemi ii",dogo nini (ward: 05) - yobe
2283,yobe,potiskum,dogo nini,35,14,05,017,35/14/05/017,yindiski \b\" kofar lamba",dogo nini (ward: 05) - yobe
2284,yobe,potiskum,dogo nini,35,14,05,033,35/14/05/033,dabo maternity clinic ii,dogo nini (ward: 05) - yobe
2285,yobe,potiskum,dogo nini,35,14,05,009,35/14/05/009,"dauda 'a',  kofar dauda",dogo nini (ward: 05) - yobe
2286,yobe,potiskum,dogo nini,35,14,05,004,35/14/05/004,"ari kime a.a., kofar abare",dogo nini (ward: 05) - yobe
2287,yobe,potiskum,dogo nini,35,14,05,020,35/14/05/020,ari kime primary school ii,dogo nini (ward: 05) - yobe
2288,yobe,potiskum,dogo nini,35,14,05,016,35/14/05/016,yindiski \a\" kofar lamba",dogo nini (ward: 05) - yobe
2289,yobe,potiskum,dogo nini,35,14,05,019,35/14/05/019,"arewa da kasuwa, kofar hassan iii",dogo nini (ward: 05) - yobe
2290,yobe,potiskum,dogo nini,35,14,05,003,35/14/05/003,ari kemi a.a. kofar dogo mai kemi,dogo nini (ward: 05) - yobe
2291,yobe,potiskum,dogo nini,35,14,05,044,35/14/05/044,fce technical  iv,dogo nini (ward: 05) - yobe
2292,yobe,potiskum,dogo nini,35,14,05,034,35/14/05/034,dabo maternity clinic iii,dogo nini (ward: 05) - yobe
2293,yobe,potiskum,dogo nini,35,14,05,040,35/14/05/040,"dogo mission, kofar dogo mission ii",dogo nini (ward: 05) - yobe
2294,yobe,potiskum,dogo nini,35,14,05,002,35/14/05/002,"ari kime .a.,  pri. sch.",dogo nini (ward: 05) - yobe
2295,yobe,potiskum,dogo nini,35,14,05,015,35/14/05/015,"ya'u tudun wada, kofar ya'u",dogo nini (ward: 05) - yobe
2296,yobe,potiskum,dogo nini,35,14,05,046,35/14/05/046,"gabar da kasuwa, gabar da kasuwa iii",dogo nini (ward: 05) - yobe
2297,yobe,potiskum,dogo nini,35,14,05,048,35/14/05/048,"yindiski /a/, ""kofar lamba"" iii",dogo nini (ward: 05) - yobe
2298,yobe,potiskum,dogo nini,35,14,05,031,35/14/05/031,"dabo stadium ii, gate v",dogo nini (ward: 05) - yobe
2299,yobe,potiskum,dogo nini,35,14,05,011,35/14/05/011,"dogo mission, kofar dogo mission",dogo nini (ward: 05) - yobe
2300,yobe,potiskum,dogo nini,35,14,05,021,35/14/05/021,ari kime primary school iii,dogo nini (ward: 05) - yobe
2301,yobe,potiskum,dogo nini,35,14,05,038,35/14/05/038,"dauda 'b', kofar dauda v",dogo nini (ward: 05) - yobe
2302,yobe,potiskum,dogo nini,35,14,05,025,35/14/05/025,"ari kime a.a., kofar dogo mai kemi iii",dogo nini (ward: 05) - yobe
2303,yobe,potiskum,dogo nini,35,14,05,018,35/14/05/018,"arewa da kasuwa, kofar hassan ii",dogo nini (ward: 05) - yobe
2304,yobe,potiskum,dogo nini,35,14,05,045,35/14/05/045,"gabar da kasuwa,gabar da kasuwa ii",dogo nini (ward: 05) - yobe
2305,yobe,potiskum,dogo nini,35,14,05,035,35/14/05/035,dabo maternity clinic iv,dogo nini (ward: 05) - yobe
2306,yobe,potiskum,dogo nini,35,14,05,050,35/14/05/050,"yindiski /b/, ""kofar lamba"" v",dogo nini (ward: 05) - yobe
2307,yobe,potiskum,dogo nini,35,14,05,027,35/14/05/027,"arewa da kasuwa 'b', arewa da kasuwa ii",dogo nini (ward: 05) - yobe
2308,yobe,potiskum,dogo nini,35,14,05,051,35/14/05/051,"yindiski /b/, ""kofar lamba""  vi",dogo nini (ward: 05) - yobe
2309,yobe,potiskum,dogo nini,35,14,05,005,35/14/05/005,"arewa da kasuwa 'b',  arewa da kasuwa",dogo nini (ward: 05) - yobe
2310,yobe,potiskum,dogo nini,35,14,05,029,35/14/05/029,"dabo stadium i, gate iii",dogo nini (ward: 05) - yobe
2311,yobe,potiskum,dogo nini,35,14,05,023,35/14/05/023,ari kime primary school v,dogo nini (ward: 05) - yobe
2312,yobe,potiskum,dogo nini,35,14,05,006,35/14/05/006,"dabo stadium, stadium gate i",dogo nini (ward: 05) - yobe
2313,yobe,potiskum,dogo nini,35,14,05,037,35/14/05/037,"dauda 'a', kofar dauda iv",dogo nini (ward: 05) - yobe
2314,yobe,potiskum,dogo nini,35,14,05,012,35/14/05/012,"dorowa, dorowa tsamiya",dogo nini (ward: 05) - yobe
2315,yobe,potiskum,dogo nini,35,14,05,028,35/14/05/028,"arewa da kasuwa 'b', arewa da kasuwa iii",dogo nini (ward: 05) - yobe
2316,yobe,potiskum,dogo nini,35,14,05,013,35/14/05/013,f.c.e technical,dogo nini (ward: 05) - yobe
2317,yobe,potiskum,dogo tebo,35,14,06,020,35/14/06/020,mai unguwa manu /ii/ "kofar mai unguwa" iv,dogo tebo (ward: 06) - yobe
2318,yobe,potiskum,dogo tebo,35,14,06,019,35/14/06/019,"mai unguwa manu i, kofar isa daya iii",dogo tebo (ward: 06) - yobe
2319,yobe,potiskum,dogo tebo,35,14,06,018,35/14/06/018,makera kasuwa open space ii,dogo tebo (ward: 06) - yobe
2320,yobe,potiskum,dogo tebo,35,14,06,017,35/14/06/017,"hammawa, kofar hammawa ii",dogo tebo (ward: 06) - yobe
2321,yobe,potiskum,dogo tebo,35,14,06,016,35/14/06/016,damboa primary school iv,dogo tebo (ward: 06) - yobe
2322,yobe,potiskum,dogo tebo,35,14,06,015,35/14/06/015,damboa primary school iii,dogo tebo (ward: 06) - yobe
2323,yobe,potiskum,dogo tebo,35,14,06,014,35/14/06/014,damboa primary school ii,dogo tebo (ward: 06) - yobe
2324,yobe,potiskum,dogo tebo,35,14,06,012,35/14/06/012,".balarabe,kofar balarabe iii",dogo tebo (ward: 06) - yobe
2325,yobe,potiskum,dogo tebo,35,14,06,011,35/14/06/011,"sherif aji, kofar sherif aji",dogo tebo (ward: 06) - yobe
2326,yobe,potiskum,dogo tebo,35,14,06,010,35/14/06/010,"m.shaibu, kofar shaibu",dogo tebo (ward: 06) - yobe
2327,yobe,potiskum,dogo tebo,35,14,06,009,35/14/06/009,"m.inuwa, kofar m.inuwa",dogo tebo (ward: 06) - yobe
2328,yobe,potiskum,dogo tebo,35,14,06,006,35/14/06/006,makera kasuwa open space,dogo tebo (ward: 06) - yobe
2329,yobe,potiskum,dogo tebo,35,14,06,005,35/14/06/005,"lamba dogo, kofar lamba",dogo tebo (ward: 06) - yobe
2330,yobe,potiskum,dogo tebo,35,14,06,004,35/14/06/004,"hammawa, kofar hammawa",dogo tebo (ward: 06) - yobe
2331,yobe,potiskum,dogo tebo,35,14,06,003,35/14/06/003,"damboa,  pri. sch.",dogo tebo (ward: 06) - yobe
2332,yobe,potiskum,dogo tebo,35,14,06,002,35/14/06/002,"balarabe, kofar balarabe ii",dogo tebo (ward: 06) - yobe
2333,yobe,potiskum,dogo tebo,35,14,06,001,35/14/06/001,"balarabe, kofar balarabe i",dogo tebo (ward: 06) - yobe
2334,yobe,potiskum,dogo tebo,35,14,06,007,35/14/06/007,mai ung manu i.kofar isa daya,dogo tebo (ward: 06) - yobe
2335,yobe,potiskum,dogo tebo,35,14,06,008,35/14/06/008,mai ung manu \ii\" kofar mai unguwa",dogo tebo (ward: 06) - yobe
2336,yobe,potiskum,dogo tebo,35,14,06,013,35/14/06/013,"balarabe,kofar balarabe iv",dogo tebo (ward: 06) - yobe
2337,yobe,potiskum,dogo tebo,35,14,06,021,35/14/06/021,"sherif aji, kofar sherif aji ii",dogo tebo (ward: 06) - yobe
2338,yobe,potiskum,hausawa,35,14,07,002,35/14/07/002,"dan bera, kofar dan bera",hausawa (ward: 07) - yobe
2339,yobe,potiskum,hausawa,35,14,07,001,35/14/07/001,"abbas shehu, kofar abbas  shehu",hausawa (ward: 07) - yobe
2340,yobe,potiskum,hausawa,35,14,07,023,35/14/07/023,"walabiya, kofar lamba walabiya ii",hausawa (ward: 07) - yobe
2341,yobe,potiskum,hausawa,35,14,07,022,35/14/07/022,tsohuwar kasuwa ii,hausawa (ward: 07) - yobe
2342,yobe,potiskum,hausawa,35,14,07,021,35/14/07/021,"sheikh sa'idu, kofar sheikh sa'idu ii",hausawa (ward: 07) - yobe
2343,yobe,potiskum,hausawa,35,14,07,019,35/14/07/019,makera cinema ii,hausawa (ward: 07) - yobe
2344,yobe,potiskum,hausawa,35,14,07,018,35/14/07/018,"idi baba, kofar idin baba ii",hausawa (ward: 07) - yobe
2345,yobe,potiskum,hausawa,35,14,07,017,35/14/07/017,"hospital, hospital gate ii",hausawa (ward: 07) - yobe
2346,yobe,potiskum,hausawa,35,14,07,016,35/14/07/016,dorawa primary school iv,hausawa (ward: 07) - yobe
2347,yobe,potiskum,hausawa,35,14,07,015,35/14/07/015,dorawa primary school iii,hausawa (ward: 07) - yobe
2348,yobe,potiskum,hausawa,35,14,07,013,35/14/07/013,"abbas shehu, kofar abbas shehu ii",hausawa (ward: 07) - yobe
2349,yobe,potiskum,hausawa,35,14,07,012,35/14/07/012,"wanzam, kofar wanzam",hausawa (ward: 07) - yobe
2350,yobe,potiskum,hausawa,35,14,07,011,35/14/07/011,walabiya kofar lamba walabiya,hausawa (ward: 07) - yobe
2351,yobe,potiskum,hausawa,35,14,07,010,35/14/07/010,"tsohuwar kasuwa, tsohuwar kasuwa",hausawa (ward: 07) - yobe
2352,yobe,potiskum,hausawa,35,14,07,009,35/14/07/009,"sheik saidu, kofar sheik saidu",hausawa (ward: 07) - yobe
2353,yobe,potiskum,hausawa,35,14,07,008,35/14/07/008,madagali kofar lamba madagali,hausawa (ward: 07) - yobe
2354,yobe,potiskum,hausawa,35,14,07,007,35/14/07/007,"makera, makera cinema",hausawa (ward: 07) - yobe
2355,yobe,potiskum,hausawa,35,14,07,006,35/14/07/006,"idi saleh, kofar saleh",hausawa (ward: 07) - yobe
2356,yobe,potiskum,hausawa,35,14,07,005,35/14/07/005,"idi baba, kofar idin baba",hausawa (ward: 07) - yobe
2357,yobe,potiskum,hausawa,35,14,07,004,35/14/07/004,"hospital, hospital gate",hausawa (ward: 07) - yobe
2358,yobe,potiskum,hausawa,35,14,07,003,35/14/07/003,"dorowa,  pri. sch.",hausawa (ward: 07) - yobe
2359,yobe,potiskum,hausawa,35,14,07,014,35/14/07/014,dorawa primary school ii,hausawa (ward: 07) - yobe
2360,yobe,potiskum,hausawa,35,14,07,020,35/14/07/020,"madagali, kofar lamba ii",hausawa (ward: 07) - yobe
2361,yobe,potiskum,mamudo,35,14,08,017,35/14/08/017,"zagam, koafar bulama ii",mamudo (ward: 08) - yobe
2362,yobe,potiskum,mamudo,35,14,08,016,35/14/08/016,mamudo ii primary school vi,mamudo (ward: 08) - yobe
2363,yobe,potiskum,mamudo,35,14,08,015,35/14/08/015,mamudo ii primary school v,mamudo (ward: 08) - yobe
2364,yobe,potiskum,mamudo,35,14,08,014,35/14/08/014,mamudo i primary school iv,mamudo (ward: 08) - yobe
2365,yobe,potiskum,mamudo,35,14,08,013,35/14/08/013,mamudo dispensary ii,mamudo (ward: 08) - yobe
2366,yobe,potiskum,mamudo,35,14,08,012,35/14/08/012,garin bingel primary school ii,mamudo (ward: 08) - yobe
2367,yobe,potiskum,mamudo,35,14,08,011,35/14/08/011,"adaya, kofar bulama ii",mamudo (ward: 08) - yobe
2368,yobe,potiskum,mamudo,35,14,08,010,35/14/08/010,"zagam, kofar bulama",mamudo (ward: 08) - yobe
2369,yobe,potiskum,mamudo,35,14,08,009,35/14/08/009,"mamudo,  pri. sch. iii",mamudo (ward: 08) - yobe
2370,yobe,potiskum,mamudo,35,14,08,008,35/14/08/008,"mamudo,  pri. sch. ii",mamudo (ward: 08) - yobe
2371,yobe,potiskum,mamudo,35,14,08,007,35/14/08/007,"mamudo,  pri. sch. i",mamudo (ward: 08) - yobe
2372,yobe,potiskum,mamudo,35,14,08,006,35/14/08/006,"mamudo dispensary, dispensary",mamudo (ward: 08) - yobe
2373,yobe,potiskum,mamudo,35,14,08,005,35/14/08/005,"gumbak kudu, kofar bulama",mamudo (ward: 08) - yobe
2374,yobe,potiskum,mamudo,35,14,08,004,35/14/08/004,"garin maje,  pri. sch. ii",mamudo (ward: 08) - yobe
2375,yobe,potiskum,mamudo,35,14,08,003,35/14/08/003,"garin maje,  pri. sch. i",mamudo (ward: 08) - yobe
2376,yobe,potiskum,mamudo,35,14,08,002,35/14/08/002,"garin bingel,  pri. sch.",mamudo (ward: 08) - yobe
2377,yobe,potiskum,mamudo,35,14,08,001,35/14/08/001,adaya k /  kofar bulama,mamudo (ward: 08) - yobe
2378,yobe,potiskum,ngojin/alaraba,35,14,09,010,35/14/09/010,"lamfade, kofar bulama",ngojin/alaraba (ward: 09) - yobe
2379,yobe,potiskum,ngojin/alaraba,35,14,09,005,35/14/09/005,"dakasku i,  dispensary",ngojin/alaraba (ward: 09) - yobe
2380,yobe,potiskum,ngojin/alaraba,35,14,09,009,35/14/09/009,"kaka bijik, kofar bulama",ngojin/alaraba (ward: 09) - yobe
2381,yobe,potiskum,ngojin/alaraba,35,14,09,004,35/14/09/004,"badejo, kofar bulama",ngojin/alaraba (ward: 09) - yobe
2382,yobe,potiskum,ngojin/alaraba,35,14,09,012,35/14/09/012,"mai jarma,  pri. sch.",ngojin/alaraba (ward: 09) - yobe
2383,yobe,potiskum,ngojin/alaraba,35,14,09,007,35/14/09/007,"farafara,   pri. sch.",ngojin/alaraba (ward: 09) - yobe
2384,yobe,potiskum,ngojin/alaraba,35,14,09,020,35/14/09/020,mai jarma primary school ii,ngojin/alaraba (ward: 09) - yobe
2385,yobe,potiskum,ngojin/alaraba,35,14,09,015,35/14/09/015,"alaraba i, kofar lamba ii",ngojin/alaraba (ward: 09) - yobe
2386,yobe,potiskum,ngojin/alaraba,35,14,09,022,35/14/09/022,ngojin primary school iii,ngojin/alaraba (ward: 09) - yobe
2387,yobe,potiskum,ngojin/alaraba,35,14,09,016,35/14/09/016,"alaraba i, kofar lamba iii",ngojin/alaraba (ward: 09) - yobe
2388,yobe,potiskum,ngojin/alaraba,35,14,09,006,35/14/09/006,"dakasku ii,  pri. sch.",ngojin/alaraba (ward: 09) - yobe
2389,yobe,potiskum,ngojin/alaraba,35,14,09,003,35/14/09/003,"arjali, kofar bulama",ngojin/alaraba (ward: 09) - yobe
2390,yobe,potiskum,ngojin/alaraba,35,14,09,017,35/14/09/017,"alaraba ii, primary school ii",ngojin/alaraba (ward: 09) - yobe
2391,yobe,potiskum,ngojin/alaraba,35,14,09,001,35/14/09/001,"alaraba i,  kofar lamba",ngojin/alaraba (ward: 09) - yobe
2392,yobe,potiskum,ngojin/alaraba,35,14,09,011,35/14/09/011,"lokoya, kofar bulama",ngojin/alaraba (ward: 09) - yobe
2393,yobe,potiskum,ngojin/alaraba,35,14,09,021,35/14/09/021,ngojin primary school ii,ngojin/alaraba (ward: 09) - yobe
2394,yobe,potiskum,ngojin/alaraba,35,14,09,018,35/14/09/018,"badejo, kofar bulama ii",ngojin/alaraba (ward: 09) - yobe
2395,yobe,potiskum,ngojin/alaraba,35,14,09,014,35/14/09/014,"teduwa, kofar bulama",ngojin/alaraba (ward: 09) - yobe
2396,yobe,potiskum,ngojin/alaraba,35,14,09,013,35/14/09/013,"ngojin,  pri. sch",ngojin/alaraba (ward: 09) - yobe
2397,yobe,potiskum,ngojin/alaraba,35,14,09,019,35/14/09/019,fara fara primary school ii,ngojin/alaraba (ward: 09) - yobe
2398,yobe,potiskum,ngojin/alaraba,35,14,09,002,35/14/09/002,"alaraba ii,  pri. sch.",ngojin/alaraba (ward: 09) - yobe
2399,yobe,potiskum,ngojin/alaraba,35,14,09,008,35/14/09/008,"ganda - fura, kofar bulama",ngojin/alaraba (ward: 09) - yobe
2400,yobe,potiskum,yerimaram/garin daye/badejo/nahuta,35,14,10,025,35/14/10/025,"texaco, kofar bulama ii",yerimaram/garin daye/badejo/nahuta (ward: 10) - yobe
2401,yobe,potiskum,yerimaram/garin daye/badejo/nahuta,35,14,10,030,35/14/10/030,"yarimaram, kofar bulama ii",yerimaram/garin daye/badejo/nahuta (ward: 10) - yobe
2402,yobe,potiskum,yerimaram/garin daye/badejo/nahuta,35,14,10,023,35/14/10/023,"nasarawa, kofar bulama iii",yerimaram/garin daye/badejo/nahuta (ward: 10) - yobe
2403,yobe,potiskum,yerimaram/garin daye/badejo/nahuta,35,14,10,003,35/14/10/003,"garin gaye, kofar bulama",yerimaram/garin daye/badejo/nahuta (ward: 10) - yobe
2404,yobe,potiskum,yerimaram/garin daye/badejo/nahuta,35,14,10,020,35/14/10/020,"gishuwa dabuwa, kofar bulama iii",yerimaram/garin daye/badejo/nahuta (ward: 10) - yobe
2405,yobe,potiskum,yerimaram/garin daye/badejo/nahuta,35,14,10,024,35/14/10/024,"socol, kofar kori ii",yerimaram/garin daye/badejo/nahuta (ward: 10) - yobe
2406,yobe,potiskum,yerimaram/garin daye/badejo/nahuta,35,14,10,019,35/14/10/019,"gishuwa dabuwa, kofar bulama ii",yerimaram/garin daye/badejo/nahuta (ward: 10) - yobe
2407,yobe,potiskum,yerimaram/garin daye/badejo/nahuta,35,14,10,029,35/14/10/029,"tike /a/, ""kofar mai unguwa"" iii",yerimaram/garin daye/badejo/nahuta (ward: 10) - yobe
2408,yobe,potiskum,yerimaram/garin daye/badejo/nahuta,35,14,10,027,35/14/10/027,"tike i, tiken shanu ii",yerimaram/garin daye/badejo/nahuta (ward: 10) - yobe
2409,yobe,potiskum,yerimaram/garin daye/badejo/nahuta,35,14,10,028,35/14/10/028,"tike /a/, ""kofar mai unguwa"" ii",yerimaram/garin daye/badejo/nahuta (ward: 10) - yobe
2410,yobe,potiskum,yerimaram/garin daye/badejo/nahuta,35,14,10,031,35/14/10/031,"yarimaram, kofar bulama iii",yerimaram/garin daye/badejo/nahuta (ward: 10) - yobe
2411,yobe,potiskum,yerimaram/garin daye/badejo/nahuta,35,14,10,026,35/14/10/026,"texaco, kofar bulama iii",yerimaram/garin daye/badejo/nahuta (ward: 10) - yobe
2412,yobe,potiskum,yerimaram/garin daye/badejo/nahuta,35,14,10,015,35/14/10/015,army barracks primary school v,yerimaram/garin daye/badejo/nahuta (ward: 10) - yobe
2413,yobe,potiskum,yerimaram/garin daye/badejo/nahuta,35,14,10,014,35/14/10/014,army barracks primary school iv,yerimaram/garin daye/badejo/nahuta (ward: 10) - yobe
2414,yobe,potiskum,yerimaram/garin daye/badejo/nahuta,35,14,10,016,35/14/10/016,army barracks primary school vi,yerimaram/garin daye/badejo/nahuta (ward: 10) - yobe
2415,yobe,potiskum,yerimaram/garin daye/badejo/nahuta,35,14,10,017,35/14/10/017,badejo primary school ii,yerimaram/garin daye/badejo/nahuta (ward: 10) - yobe
2416,yobe,potiskum,yerimaram/garin daye/badejo/nahuta,35,14,10,021,35/14/10/021,ggss potiskum ii,yerimaram/garin daye/badejo/nahuta (ward: 10) - yobe
2417,yobe,potiskum,yerimaram/garin daye/badejo/nahuta,35,14,10,022,35/14/10/022,"nasarawa, kofar bulama ii",yerimaram/garin daye/badejo/nahuta (ward: 10) - yobe
2418,yobe,potiskum,yerimaram/garin daye/badejo/nahuta,35,14,10,018,35/14/10/018,garin daye primary school ii,yerimaram/garin daye/badejo/nahuta (ward: 10) - yobe
2419,yobe,potiskum,yerimaram/garin daye/badejo/nahuta,35,14,10,013,35/14/10/013,army barracks primary school iii,yerimaram/garin daye/badejo/nahuta (ward: 10) - yobe
2420,yobe,potiskum,yerimaram/garin daye/badejo/nahuta,35,14,10,012,35/14/10/012,army barracks primary school ii,yerimaram/garin daye/badejo/nahuta (ward: 10) - yobe
2421,yobe,potiskum,yerimaram/garin daye/badejo/nahuta,35,14,10,011,35/14/10/011,yerimaram kofar bulama,yerimaram/garin daye/badejo/nahuta (ward: 10) - yobe
2422,yobe,potiskum,yerimaram/garin daye/badejo/nahuta,35,14,10,010,35/14/10/010,tike \a\" kofar mai unguwa",yerimaram/garin daye/badejo/nahuta (ward: 10) - yobe
2423,yobe,potiskum,yerimaram/garin daye/badejo/nahuta,35,14,10,009,35/14/10/009,"tike  i,tiken shanu",yerimaram/garin daye/badejo/nahuta (ward: 10) - yobe
2424,yobe,potiskum,yerimaram/garin daye/badejo/nahuta,35,14,10,008,35/14/10/008,"texaco, kofar bulama",yerimaram/garin daye/badejo/nahuta (ward: 10) - yobe
2425,yobe,potiskum,yerimaram/garin daye/badejo/nahuta,35,14,10,007,35/14/10/007,"socol, kofar kori",yerimaram/garin daye/badejo/nahuta (ward: 10) - yobe
2426,yobe,potiskum,yerimaram/garin daye/badejo/nahuta,35,14,10,006,35/14/10/006,"nasarawa, kofar bulama",yerimaram/garin daye/badejo/nahuta (ward: 10) - yobe
2427,yobe,potiskum,yerimaram/garin daye/badejo/nahuta,35,14,10,005,35/14/10/005,g.g.s.s potiskum,yerimaram/garin daye/badejo/nahuta (ward: 10) - yobe
2428,yobe,potiskum,yerimaram/garin daye/badejo/nahuta,35,14,10,004,35/14/10/004,"gishuwa dabuwa, kofar bulama",yerimaram/garin daye/badejo/nahuta (ward: 10) - yobe
2429,yobe,potiskum,yerimaram/garin daye/badejo/nahuta,35,14,10,002,35/14/10/002,"badejo,  pri. sch.",yerimaram/garin daye/badejo/nahuta (ward: 10) - yobe
2430,yobe,potiskum,yerimaram/garin daye/badejo/nahuta,35,14,10,001,35/14/10/001,"army barrack,  pri. sch.",yerimaram/garin daye/badejo/nahuta (ward: 10) - yobe
2431,yobe,yusufari,alanjirori,35,17,01,013,35/17/01/013,kachallari viewing centre,alanjirori (ward: 01) - yobe
2432,yobe,yusufari,alanjirori,35,17,01,016,35/17/01/016,sunomari primary school,alanjirori (ward: 01) - yobe
2433,yobe,yusufari,alanjirori,35,17,01,014,35/17/01/014,sunomari r.d.c. office,alanjirori (ward: 01) - yobe
2434,yobe,yusufari,alanjirori,35,17,01,012,35/17/01/012,bulatura behind pri. school,alanjirori (ward: 01) - yobe
2435,yobe,yusufari,alanjirori,35,17,01,011,35/17/01/011,"zaifadari, bulama's gate",alanjirori (ward: 01) - yobe
2436,yobe,yusufari,alanjirori,35,17,01,010,35/17/01/010,sunomari open space,alanjirori (ward: 01) - yobe
2437,yobe,yusufari,alanjirori,35,17,01,009,35/17/01/009,"siniri, bulama gate",alanjirori (ward: 01) - yobe
2438,yobe,yusufari,alanjirori,35,17,01,008,35/17/01/008,"sherifudi, sherifudi",alanjirori (ward: 01) - yobe
2439,yobe,yusufari,alanjirori,35,17,01,007,35/17/01/007,njererewa open space,alanjirori (ward: 01) - yobe
2440,yobe,yusufari,alanjirori,35,17,01,006,35/17/01/006,"ngalbiya, defunt pri. school",alanjirori (ward: 01) - yobe
2441,yobe,yusufari,alanjirori,35,17,01,005,35/17/01/005,leferi open space,alanjirori (ward: 01) - yobe
2442,yobe,yusufari,alanjirori,35,17,01,004,35/17/01/004,kelumeri open space,alanjirori (ward: 01) - yobe
2443,yobe,yusufari,alanjirori,35,17,01,003,35/17/01/003,"kachallari,  pri. sch.",alanjirori (ward: 01) - yobe
2444,yobe,yusufari,alanjirori,35,17,01,002,35/17/01/002,"bula tura,  bulama gate",alanjirori (ward: 01) - yobe
2445,yobe,yusufari,alanjirori,35,17,01,001,35/17/01/001,"bula tura,  pri. sch.",alanjirori (ward: 01) - yobe
2446,yobe,yusufari,alanjirori,35,17,01,015,35/17/01/015,sunomari borehole,alanjirori (ward: 01) - yobe
2447,yobe,yusufari,gumshi,35,17,02,007,35/17/02/007,tsengumeri open space,gumshi (ward: 02) - yobe
2448,yobe,yusufari,gumshi,35,17,02,005,35/17/02/005,mai dashi open space,gumshi (ward: 02) - yobe
2449,yobe,yusufari,gumshi,35,17,02,003,35/17/02/003,kerewa maya open space,gumshi (ward: 02) - yobe
2450,yobe,yusufari,gumshi,35,17,02,001,35/17/02/001,garin kallah open space,gumshi (ward: 02) - yobe
2451,yobe,yusufari,gumshi,35,17,02,008,35/17/02/008,tsegumeri borehole,gumshi (ward: 02) - yobe
2452,yobe,yusufari,gumshi,35,17,02,006,35/17/02/006,ngeijabe open space,gumshi (ward: 02) - yobe
2453,yobe,yusufari,gumshi,35,17,02,002,35/17/02/002,gumshi open space,gumshi (ward: 02) - yobe
2454,yobe,yusufari,gumshi,35,17,02,004,35/17/02/004,kore maram open space,gumshi (ward: 02) - yobe
2455,yobe,yusufari,guya,35,17,03,006,35/17/03/006,"guya mari , defunt pri. sch.",guya (ward: 03) - yobe
2456,yobe,yusufari,guya,35,17,03,005,35/17/03/005,"guya mari ,  wakil gate",guya (ward: 03) - yobe
2457,yobe,yusufari,guya,35,17,03,008,35/17/03/008,maibogori,guya (ward: 03) - yobe
2458,yobe,yusufari,guya,35,17,03,013,35/17/03/013,usmandi bore hole,guya (ward: 03) - yobe
2459,yobe,yusufari,guya,35,17,03,003,35/17/03/003,guya dispensary,guya (ward: 03) - yobe
2460,yobe,yusufari,guya,35,17,03,001,35/17/03/001,awanari open space,guya (ward: 03) - yobe
2461,yobe,yusufari,guya,35,17,03,011,35/17/03/011,faji ganari open space,guya (ward: 03) - yobe
2462,yobe,yusufari,guya,35,17,03,009,35/17/03/009,nganawa open space,guya (ward: 03) - yobe
2463,yobe,yusufari,guya,35,17,03,007,35/17/03/007,kaluwa open space,guya (ward: 03) - yobe
2464,yobe,yusufari,guya,35,17,03,004,35/17/03/004,"guya ,   guya kasuwa",guya (ward: 03) - yobe
2465,yobe,yusufari,guya,35,17,03,010,35/17/03/010,zumugu open space,guya (ward: 03) - yobe
2466,yobe,yusufari,guya,35,17,03,012,35/17/03/012,guya primary school,guya (ward: 03) - yobe
2467,yobe,yusufari,guya,35,17,03,002,35/17/03/002,"bula daube, bulama's gate",guya (ward: 03) - yobe
2468,yobe,yusufari,jebuwa,35,17,04,001,35/17/04/001,"abatseremi, bulama's gate",jebuwa (ward: 04) - yobe
2469,yobe,yusufari,jebuwa,35,17,04,006,35/17/04/006,gabachari open space,jebuwa (ward: 04) - yobe
2470,yobe,yusufari,jebuwa,35,17,04,003,35/17/04/003,"alarakchi, bulama's gate",jebuwa (ward: 04) - yobe
2471,yobe,yusufari,jebuwa,35,17,04,004,35/17/04/004,bamusu open space,jebuwa (ward: 04) - yobe
2472,yobe,yusufari,jebuwa,35,17,04,009,35/17/04/009,"jebuwa,  pri. sch. i",jebuwa (ward: 04) - yobe
2473,yobe,yusufari,jebuwa,35,17,04,011,35/17/04/011,gorsel primary school,jebuwa (ward: 04) - yobe
2474,yobe,yusufari,jebuwa,35,17,04,010,35/17/04/010,"jebuwa,  pri. sch. ii",jebuwa (ward: 04) - yobe
2475,yobe,yusufari,jebuwa,35,17,04,008,35/17/04/008,ligalidi open space,jebuwa (ward: 04) - yobe
2476,yobe,yusufari,jebuwa,35,17,04,007,35/17/04/007,"kaigamari, bulama's gate",jebuwa (ward: 04) - yobe
2477,yobe,yusufari,jebuwa,35,17,04,005,35/17/04/005,fantameri open space,jebuwa (ward: 04) - yobe
2478,yobe,yusufari,jebuwa,35,17,04,002,35/17/04/002,"abatseremi, wakil gate",jebuwa (ward: 04) - yobe
2479,yobe,yusufari,kajimaram/sumbar,35,17,05,009,35/17/05/009,kayawa dispensary,kajimaram/sumbar (ward: 05) - yobe
2480,yobe,yusufari,kajimaram/sumbar,35,17,05,008,35/17/05/008,kadairu daru borehole,kajimaram/sumbar (ward: 05) - yobe
2481,yobe,yusufari,kajimaram/sumbar,35,17,05,007,35/17/05/007,buzizi tagijum  primary school,kajimaram/sumbar (ward: 05) - yobe
2482,yobe,yusufari,kajimaram/sumbar,35,17,05,006,35/17/05/006,sumbar open space,kajimaram/sumbar (ward: 05) - yobe
2483,yobe,yusufari,kajimaram/sumbar,35,17,05,005,35/17/05/005,kajimaram open space,kajimaram/sumbar (ward: 05) - yobe
2484,yobe,yusufari,kajimaram/sumbar,35,17,05,002,35/17/05/002,buzizi open space,kajimaram/sumbar (ward: 05) - yobe
2485,yobe,yusufari,kajimaram/sumbar,35,17,05,001,35/17/05/001,abatura open space,kajimaram/sumbar (ward: 05) - yobe
2486,yobe,yusufari,kajimaram/sumbar,35,17,05,003,35/17/05/003,gremari open space,kajimaram/sumbar (ward: 05) - yobe
2487,yobe,yusufari,kajimaram/sumbar,35,17,05,004,35/17/05/004,kadairi open space,kajimaram/sumbar (ward: 05) - yobe
2488,yobe,yusufari,kajimaram/sumbar,35,17,05,010,35/17/05/010,sumbur primary school,kajimaram/sumbar (ward: 05) - yobe
2489,yobe,yusufari,kaska/tulotulowa,35,17,06,012,35/17/06/012,tulotulo clinic,kaska/tulotulowa (ward: 06) - yobe
2490,yobe,yusufari,kaska/tulotulowa,35,17,06,007,35/17/06/007,"tulo,tulo open space \ii\""""",kaska/tulotulowa (ward: 06) - yobe
2491,yobe,yusufari,kaska/tulotulowa,35,17,06,010,35/17/06/010,tulotulo kasuwan shanu,kaska/tulotulowa (ward: 06) - yobe
2492,yobe,yusufari,kaska/tulotulowa,35,17,06,008,35/17/06/008,bulamari borehole,kaska/tulotulowa (ward: 06) - yobe
2493,yobe,yusufari,kaska/tulotulowa,35,17,06,006,35/17/06/006,"tulo,tulo open space \i\""""",kaska/tulotulowa (ward: 06) - yobe
2494,yobe,yusufari,kaska/tulotulowa,35,17,06,001,35/17/06/001,buddum open space,kaska/tulotulowa (ward: 06) - yobe
2495,yobe,yusufari,kaska/tulotulowa,35,17,06,009,35/17/06/009,tulo tulo viewing centre,kaska/tulotulowa (ward: 06) - yobe
2496,yobe,yusufari,kaska/tulotulowa,35,17,06,005,35/17/06/005,modibbo open space,kaska/tulotulowa (ward: 06) - yobe
2497,yobe,yusufari,kaska/tulotulowa,35,17,06,004,35/17/06/004,lawan ganari open space,kaska/tulotulowa (ward: 06) - yobe
2498,yobe,yusufari,kaska/tulotulowa,35,17,06,002,35/17/06/002,kaska open space,kaska/tulotulowa (ward: 06) - yobe
2499,yobe,yusufari,kaska/tulotulowa,35,17,06,011,35/17/06/011,tulotulo tsamiya borehole,kaska/tulotulowa (ward: 06) - yobe
2500,yobe,yusufari,kaska/tulotulowa,35,17,06,003,35/17/06/003,"lawan ganari, lawan ganari",kaska/tulotulowa (ward: 06) - yobe
2501,yobe,yusufari,kumagannam,35,17,07,006,35/17/07/006,"kumagannam ii,  behind  g.s.s",kumagannam (ward: 07) - yobe
2502,yobe,yusufari,kumagannam,35,17,07,004,35/17/07/004,garin idi open space,kumagannam (ward: 07) - yobe
2503,yobe,yusufari,kumagannam,35,17,07,012,35/17/07/012,kumagannam primary school,kumagannam (ward: 07) - yobe
2504,yobe,yusufari,kumagannam,35,17,07,008,35/17/07/008,massasara \i\" open space",kumagannam (ward: 07) - yobe
2505,yobe,yusufari,kumagannam,35,17,07,007,35/17/07/007,mainewa open space,kumagannam (ward: 07) - yobe
2506,yobe,yusufari,kumagannam,35,17,07,003,35/17/07/003,"gakore, bulama's gate",kumagannam (ward: 07) - yobe
2507,yobe,yusufari,kumagannam,35,17,07,002,35/17/07/002,dunari open space,kumagannam (ward: 07) - yobe
2508,yobe,yusufari,kumagannam,35,17,07,001,35/17/07/001,bonegaral open space,kumagannam (ward: 07) - yobe
2509,yobe,yusufari,kumagannam,35,17,07,011,35/17/07/011,kumagannam dispensary,kumagannam (ward: 07) - yobe
2510,yobe,yusufari,kumagannam,35,17,07,009,35/17/07/009,massasara \ii\" open space",kumagannam (ward: 07) - yobe
2511,yobe,yusufari,kumagannam,35,17,07,010,35/17/07/010,dunari kayaka primary school,kumagannam (ward: 07) - yobe
2512,yobe,yusufari,kumagannam,35,17,07,005,35/17/07/005,"kumagannam i,  g.s.s",kumagannam (ward: 07) - yobe
2513,yobe,yusufari,mai-malari,35,17,08,008,35/17/08/008,bula jaji dispensary,mai-malari (ward: 08) - yobe
2514,yobe,yusufari,mai-malari,35,17,08,009,35/17/08/009,mai malari dispensary,mai-malari (ward: 08) - yobe
2515,yobe,yusufari,mai-malari,35,17,08,007,35/17/08/007,"maimalari,  pri. sch. ii",mai-malari (ward: 08) - yobe
2516,yobe,yusufari,mai-malari,35,17,08,006,35/17/08/006,"maimalari,  pri. sch. i",mai-malari (ward: 08) - yobe
2517,yobe,yusufari,mai-malari,35,17,08,005,35/17/08/005,lawanti open space,mai-malari (ward: 08) - yobe
2518,yobe,yusufari,mai-malari,35,17,08,004,35/17/08/004,kirigini open space,mai-malari (ward: 08) - yobe
2519,yobe,yusufari,mai-malari,35,17,08,003,35/17/08/003,dussare open space,mai-malari (ward: 08) - yobe
2520,yobe,yusufari,mai-malari,35,17,08,002,35/17/08/002,bula zaji open space,mai-malari (ward: 08) - yobe
2521,yobe,yusufari,mai-malari,35,17,08,001,35/17/08/001,bukku kura open space,mai-malari (ward: 08) - yobe
2522,yobe,yusufari,mayori,35,17,09,005,35/17/09/005,"mayori, health clinic",mayori (ward: 09) - yobe
2523,yobe,yusufari,mayori,35,17,09,004,35/17/09/004,garin tsangai open space,mayori (ward: 09) - yobe
2524,yobe,yusufari,mayori,35,17,09,010,35/17/09/010,ziginomi open space,mayori (ward: 09) - yobe
2525,yobe,yusufari,mayori,35,17,09,007,35/17/09/007,mayori lawanti open space,mayori (ward: 09) - yobe
2526,yobe,yusufari,mayori,35,17,09,009,35/17/09/009,"isakari bulin, kofar isaka",mayori (ward: 09) - yobe
2527,yobe,yusufari,mayori,35,17,09,001,35/17/09/001,aba tura mayori open space,mayori (ward: 09) - yobe
2528,yobe,yusufari,mayori,35,17,09,002,35/17/09/002,garin a. amadu open space,mayori (ward: 09) - yobe
2529,yobe,yusufari,mayori,35,17,09,008,35/17/09/008,sumbar mayori open space,mayori (ward: 09) - yobe
2530,yobe,yusufari,mayori,35,17,09,011,35/17/09/011,garin tsangai primary school,mayori (ward: 09) - yobe
2531,yobe,yusufari,mayori,35,17,09,012,35/17/09/012,mayori dispensary area,mayori (ward: 09) - yobe
2532,yobe,yusufari,mayori,35,17,09,006,35/17/09/006,"mayori,  primary school",mayori (ward: 09) - yobe
2533,yobe,yusufari,mayori,35,17,09,003,35/17/09/003,garin jibir open space,mayori (ward: 09) - yobe
2534,yobe,yusufari,yusufari,35,17,10,018,35/17/10/018,kiriram primary school,yusufari (ward: 10) - yobe
2535,yobe,yusufari,yusufari,35,17,10,024,35/17/10/024,borehole behind secretariat,yusufari (ward: 10) - yobe
2536,yobe,yusufari,yusufari,35,17,10,023,35/17/10/023,g.s.s. quarters,yusufari (ward: 10) - yobe
2537,yobe,yusufari,yusufari,35,17,10,022,35/17/10/022,fire service,yusufari (ward: 10) - yobe
2538,yobe,yusufari,yusufari,35,17,10,020,35/17/10/020,borehole near vet clinic,yusufari (ward: 10) - yobe
2539,yobe,yusufari,yusufari,35,17,10,019,35/17/10/019,kuka tatawa primary school,yusufari (ward: 10) - yobe
2540,yobe,yusufari,yusufari,35,17,10,017,35/17/10/017,bulama modu primary school,yusufari (ward: 10) - yobe
2541,yobe,yusufari,yusufari,35,17,10,016,35/17/10/016,bore hole near police station,yusufari (ward: 10) - yobe
2542,yobe,yusufari,yusufari,35,17,10,015,35/17/10/015,govt. sec. sch.yusufari,yusufari (ward: 10) - yobe
2543,yobe,yusufari,yusufari,35,17,10,014,35/17/10/014,lawanti primary school quarters,yusufari (ward: 10) - yobe
2544,yobe,yusufari,yusufari,35,17,10,013,35/17/10/013,child plan centre,yusufari (ward: 10) - yobe
2545,yobe,yusufari,yusufari,35,17,10,012,35/17/10/012,"yusufari,  behind pri. sch.",yusufari (ward: 10) - yobe
2546,yobe,yusufari,yusufari,35,17,10,011,35/17/10/011,"yusufari,  pri. sch.",yusufari (ward: 10) - yobe
2547,yobe,yusufari,yusufari,35,17,10,010,35/17/10/010,ung. zangomanga. veterinary clinic,yusufari (ward: 10) - yobe
2548,yobe,yusufari,yusufari,35,17,10,009,35/17/10/009,"kuka tatawa,  bulama gate",yusufari (ward: 10) - yobe
2549,yobe,yusufari,yusufari,35,17,10,008,35/17/10/008,"kiriram, bulama gate",yusufari (ward: 10) - yobe
2550,yobe,yusufari,yusufari,35,17,10,007,35/17/10/007,"chingiwa, bulama gate",yusufari (ward: 10) - yobe
2551,yobe,yusufari,yusufari,35,17,10,006,35/17/10/006,"chingide, bulama gate",yusufari (ward: 10) - yobe
2552,yobe,yusufari,yusufari,35,17,10,005,35/17/10/005,"bulama modu, bulama gate",yusufari (ward: 10) - yobe
2553,yobe,yusufari,yusufari,35,17,10,004,35/17/10/004,"area court, area court",yusufari (ward: 10) - yobe
2554,yobe,yusufari,yusufari,35,17,10,003,35/17/10/003,"area court office , behind the court",yusufari (ward: 10) - yobe
2555,yobe,yusufari,yusufari,35,17,10,002,35/17/10/002,lawanti  pri. sch.,yusufari (ward: 10) - yobe
2556,yobe,yusufari,yusufari,35,17,10,001,35/17/10/001,"adult. edu. office,  adult. edu office",yusufari (ward: 10) - yobe
2557,yobe,yusufari,yusufari,35,17,10,021,35/17/10/021,bundima borehole,yusufari (ward: 10) - yobe
2558,yobe,tarmuwa,babangida,35,15,01,004,35/15/01/004,"babbangida,  dispensary",babangida (ward: 01) - yobe
2559,yobe,tarmuwa,babangida,35,15,01,008,35/15/01/008,"babbangida viewing centre, viewing centre ii",babangida (ward: 01) - yobe
2560,yobe,tarmuwa,babangida,35,15,01,003,35/15/01/003,"babbangida ii,  babbangida pri. sch.",babangida (ward: 01) - yobe
2561,yobe,tarmuwa,babangida,35,15,01,019,35/15/01/019,babbangida f.s.p i office v,babangida (ward: 01) - yobe
2562,yobe,tarmuwa,babangida,35,15,01,024,35/15/01/024,namegilam open space ii,babangida (ward: 01) - yobe
2563,yobe,tarmuwa,babangida,35,15,01,022,35/15/01/022,babbangida viewing centre iv,babangida (ward: 01) - yobe
2564,yobe,tarmuwa,babangida,35,15,01,001,35/15/01/001,andrashi open space,babangida (ward: 01) - yobe
2565,yobe,tarmuwa,babangida,35,15,01,005,35/15/01/005,"babbangida f.s.p,  f.s.p. office i",babangida (ward: 01) - yobe
2566,yobe,tarmuwa,babangida,35,15,01,006,35/15/01/006,"babbangida f.s.p,  f.s.p. office ii",babangida (ward: 01) - yobe
2567,yobe,tarmuwa,babangida,35,15,01,021,35/15/01/021,babbangida viewing centre iii,babangida (ward: 01) - yobe
2568,yobe,tarmuwa,babangida,35,15,01,016,35/15/01/016,babbangida dispendary iii,babangida (ward: 01) - yobe
2569,yobe,tarmuwa,babangida,35,15,01,023,35/15/01/023,babbangida viewing centre v,babangida (ward: 01) - yobe
2570,yobe,tarmuwa,babangida,35,15,01,007,35/15/01/007,"babbangida viewing centre, viewing centre i",babangida (ward: 01) - yobe
2571,yobe,tarmuwa,babangida,35,15,01,020,35/15/01/020,babbangida f.s.p ii office vi,babangida (ward: 01) - yobe
2572,yobe,tarmuwa,babangida,35,15,01,013,35/15/01/013,babbangida ii primary school v,babangida (ward: 01) - yobe
2573,yobe,tarmuwa,babangida,35,15,01,010,35/15/01/010,namegilam open space,babangida (ward: 01) - yobe
2574,yobe,tarmuwa,babangida,35,15,01,014,35/15/01/014,babbangida ii primary school vi,babangida (ward: 01) - yobe
2575,yobe,tarmuwa,babangida,35,15,01,011,35/15/01/011,babbangida i primary school iii,babangida (ward: 01) - yobe
2576,yobe,tarmuwa,babangida,35,15,01,015,35/15/01/015,babbangida dispendary ii,babangida (ward: 01) - yobe
2577,yobe,tarmuwa,babangida,35,15,01,018,35/15/01/018,babbangida f.s.p i office iv,babangida (ward: 01) - yobe
2578,yobe,tarmuwa,babangida,35,15,01,017,35/15/01/017,babbangida f.s.p i office iii,babangida (ward: 01) - yobe
2579,yobe,tarmuwa,babangida,35,15,01,012,35/15/01/012,babbangida i primary school iv,babangida (ward: 01) - yobe
2580,yobe,tarmuwa,babangida,35,15,01,009,35/15/01/009,damewa open space,babangida (ward: 01) - yobe
2581,yobe,tarmuwa,babangida,35,15,01,002,35/15/01/002,"babbangida i, babbangida pri. sch.",babangida (ward: 01) - yobe
2582,yobe,tarmuwa,barkami / bulturi,35,15,02,003,35/15/02/003,"goduram  ii .,  goduram  dispensary",barkami / bulturi (ward: 02) - yobe
2583,yobe,tarmuwa,barkami / bulturi,35,15,02,001,35/15/02/001,"barkami, barkami kofar lawan",barkami / bulturi (ward: 02) - yobe
2584,yobe,tarmuwa,barkami / bulturi,35,15,02,005,35/15/02/005,zaramiri lawanti open space,barkami / bulturi (ward: 02) - yobe
2585,yobe,tarmuwa,barkami / bulturi,35,15,02,004,35/15/02/004,shuwari lawanti open space,barkami / bulturi (ward: 02) - yobe
2586,yobe,tarmuwa,barkami / bulturi,35,15,02,006,35/15/02/006,goduram i lawanti open space ii,barkami / bulturi (ward: 02) - yobe
2587,yobe,tarmuwa,barkami / bulturi,35,15,02,002,35/15/02/002,"goduram  i ., goduram lawanti",barkami / bulturi (ward: 02) - yobe
2588,yobe,tarmuwa,biriri/churokusko,35,15,03,005,35/15/03/005,"garaji, garaji kofar buluma",biriri/churokusko (ward: 03) - yobe
2589,yobe,tarmuwa,biriri/churokusko,35,15,03,004,35/15/03/004,"churokusko  ii,   pri. sch.",biriri/churokusko (ward: 03) - yobe
2590,yobe,tarmuwa,biriri/churokusko,35,15,03,003,35/15/03/003,"churokusko  i,   pri. sch.",biriri/churokusko (ward: 03) - yobe
2591,yobe,tarmuwa,biriri/churokusko,35,15,03,006,35/15/03/006,"tashan fulai, tashan fulani",biriri/churokusko (ward: 03) - yobe
2592,yobe,tarmuwa,biriri/churokusko,35,15,03,008,35/15/03/008,biriri primary school iv,biriri/churokusko (ward: 03) - yobe
2593,yobe,tarmuwa,biriri/churokusko,35,15,03,002,35/15/03/002,"biriri,  pri. sch. ii",biriri/churokusko (ward: 03) - yobe
2594,yobe,tarmuwa,biriri/churokusko,35,15,03,007,35/15/03/007,biriri pri. sch. iii,biriri/churokusko (ward: 03) - yobe
2595,yobe,tarmuwa,biriri/churokusko,35,15,03,010,35/15/03/010,tashan fulani primary school ii,biriri/churokusko (ward: 03) - yobe
2596,yobe,tarmuwa,biriri/churokusko,35,15,03,009,35/15/03/009,churokusko i primary school iii,biriri/churokusko (ward: 03) - yobe
2597,yobe,tarmuwa,biriri/churokusko,35,15,03,001,35/15/03/001,biriri kofar waziri \i\"",biriri/churokusko (ward: 03) - yobe
2598,yobe,tarmuwa,jumbam,35,15,04,006,35/15/04/006,"meleri,  kasuwa",jumbam (ward: 04) - yobe
2599,yobe,tarmuwa,jumbam,35,15,04,009,35/15/04/009,mattari primary school ii,jumbam (ward: 04) - yobe
2600,yobe,tarmuwa,jumbam,35,15,04,008,35/15/04/008,jumbam sarkin pawa ii,jumbam (ward: 04) - yobe
2601,yobe,tarmuwa,jumbam,35,15,04,007,35/15/04/007,jumbam i primary school ii,jumbam (ward: 04) - yobe
2602,yobe,tarmuwa,jumbam,35,15,04,005,35/15/04/005,"mattari,  pri. sch.",jumbam (ward: 04) - yobe
2603,yobe,tarmuwa,jumbam,35,15,04,004,35/15/04/004,"korosori, korosori open space",jumbam (ward: 04) - yobe
2604,yobe,tarmuwa,jumbam,35,15,04,003,35/15/04/003,jumbam maternity,jumbam (ward: 04) - yobe
2605,yobe,tarmuwa,jumbam,35,15,04,001,35/15/04/001,"jumbam i,  pri. sch.",jumbam (ward: 04) - yobe
2606,yobe,tarmuwa,jumbam,35,15,04,002,35/15/04/002,jumbam sarkin pawa,jumbam (ward: 04) - yobe
2607,yobe,tarmuwa,koka/sungul,35,15,05,004,35/15/05/004,yaga open space,koka/sungul (ward: 05) - yobe
2608,yobe,tarmuwa,koka/sungul,35,15,05,002,35/15/05/002,malum musari open space,koka/sungul (ward: 05) - yobe
2609,yobe,tarmuwa,koka/sungul,35,15,05,005,35/15/05/005,koka open space ii,koka/sungul (ward: 05) - yobe
2610,yobe,tarmuwa,koka/sungul,35,15,05,003,35/15/05/003,sungul open space,koka/sungul (ward: 05) - yobe
2611,yobe,tarmuwa,koka/sungul,35,15,05,001,35/15/05/001,"koka, koka open space",koka/sungul (ward: 05) - yobe
2612,yobe,tarmuwa,koriyel,35,15,06,005,35/15/06/005,ngabobi open space,koriyel (ward: 06) - yobe
2613,yobe,tarmuwa,koriyel,35,15,06,010,35/15/06/010,koriyel ii primary school iv,koriyel (ward: 06) - yobe
2614,yobe,tarmuwa,koriyel,35,15,06,002,35/15/06/002,kailo open space,koriyel (ward: 06) - yobe
2615,yobe,tarmuwa,koriyel,35,15,06,009,35/15/06/009,koriyel i primary school iii,koriyel (ward: 06) - yobe
2616,yobe,tarmuwa,koriyel,35,15,06,003,35/15/06/003,"koriyel  i.,  pri. sch.",koriyel (ward: 06) - yobe
2617,yobe,tarmuwa,koriyel,35,15,06,004,35/15/06/004,"koriyel  ii.,  pri. sch.",koriyel (ward: 06) - yobe
2618,yobe,tarmuwa,koriyel,35,15,06,007,35/15/06/007,garga primary school ii,koriyel (ward: 06) - yobe
2619,yobe,tarmuwa,koriyel,35,15,06,008,35/15/06/008,garga primary school iii,koriyel (ward: 06) - yobe
2620,yobe,tarmuwa,koriyel,35,15,06,001,35/15/06/001,"garga,  pri. sch.",koriyel (ward: 06) - yobe
2621,yobe,tarmuwa,koriyel,35,15,06,006,35/15/06/006,yangeberi open space,koriyel (ward: 06) - yobe
2622,yobe,tarmuwa,lantaiwa,35,15,07,006,35/15/07/006,lantewa primary school iii,lantaiwa (ward: 07) - yobe
2623,yobe,tarmuwa,lantaiwa,35,15,07,002,35/15/07/002,lantewa pri school,lantaiwa (ward: 07) - yobe
2624,yobe,tarmuwa,lantaiwa,35,15,07,004,35/15/07/004,kariyari primary school ii,lantaiwa (ward: 07) - yobe
2625,yobe,tarmuwa,lantaiwa,35,15,07,005,35/15/07/005,lantewa primary school ii,lantaiwa (ward: 07) - yobe
2626,yobe,tarmuwa,lantaiwa,35,15,07,001,35/15/07/001,kariyari pri school,lantaiwa (ward: 07) - yobe
2627,yobe,tarmuwa,lantaiwa,35,15,07,003,35/15/07/003,simintiya open space,lantaiwa (ward: 07) - yobe
2628,yobe,tarmuwa,mafa,35,15,08,005,35/15/08/005,mafa 1 pri. sch iii,mafa (ward: 08) - yobe
2629,yobe,tarmuwa,mafa,35,15,08,006,35/15/08/006,mafa ii pri. sch iv,mafa (ward: 08) - yobe
2630,yobe,tarmuwa,mafa,35,15,08,004,35/15/08/004,"mafa ii.,  pri. sch.",mafa (ward: 08) - yobe
2631,yobe,tarmuwa,mafa,35,15,08,003,35/15/08/003,"mafa i.,  pri. sch.",mafa (ward: 08) - yobe
2632,yobe,tarmuwa,mafa,35,15,08,002,35/15/08/002,kori komawa open space,mafa (ward: 08) - yobe
2633,yobe,tarmuwa,mafa,35,15,08,001,35/15/08/001,kolori open space,mafa (ward: 08) - yobe
2634,yobe,tarmuwa,mandadawa,35,15,09,005,35/15/09/005,mada'ada pri school \ii\"",mandadawa (ward: 09) - yobe
2635,yobe,tarmuwa,mandadawa,35,15,09,003,35/15/09/003,"koromari bulin,  open space",mandadawa (ward: 09) - yobe
2636,yobe,tarmuwa,mandadawa,35,15,09,004,35/15/09/004,mada'ada pri school,mandadawa (ward: 09) - yobe
2637,yobe,tarmuwa,mandadawa,35,15,09,001,35/15/09/001,"dandali,  askwari open space",mandadawa (ward: 09) - yobe
2638,yobe,tarmuwa,mandadawa,35,15,09,002,35/15/09/002,"koligotel,  open space",mandadawa (ward: 09) - yobe
2639,yobe,tarmuwa,shekau,35,15,10,001,35/15/10/001,kiji nguduwa open space,shekau (ward: 10) - yobe
2640,yobe,tarmuwa,shekau,35,15,10,003,35/15/10/003,shekau pri school,shekau (ward: 10) - yobe
2641,yobe,tarmuwa,shekau,35,15,10,002,35/15/10/002,"shekau  i,  pri. sch.",shekau (ward: 10) - yobe
2642,yobe,nguru,bulabulin,35,13,01,025,35/13/01/025,mallam yahaya junction,bulabulin (ward: 01) - yobe
2643,yobe,nguru,bulabulin,35,13,01,012,35/13/01/012,layin dan kofa,bulabulin (ward: 01) - yobe
2644,yobe,nguru,bulabulin,35,13,01,024,35/13/01/024,anwaru borehole,bulabulin (ward: 01) - yobe
2645,yobe,nguru,bulabulin,35,13,01,013,35/13/01/013,borehole babannan garus,bulabulin (ward: 01) - yobe
2646,yobe,nguru,bulabulin,35,13,01,014,35/13/01/014,yau mai itace hand pump,bulabulin (ward: 01) - yobe
2647,yobe,nguru,bulabulin,35,13,01,020,35/13/01/020,filin gyada borehole,bulabulin (ward: 01) - yobe
2648,yobe,nguru,bulabulin,35,13,01,008,35/13/01/008,najume kofar najume,bulabulin (ward: 01) - yobe
2649,yobe,nguru,bulabulin,35,13,01,016,35/13/01/016,girgiri primary school,bulabulin (ward: 01) - yobe
2650,yobe,nguru,bulabulin,35,13,01,028,35/13/01/028,college of edu. legal gate ii,bulabulin (ward: 01) - yobe
2651,yobe,nguru,bulabulin,35,13,01,010,35/13/01/010,kofar zubairu farin massalaci,bulabulin (ward: 01) - yobe
2652,yobe,nguru,bulabulin,35,13,01,022,35/13/01/022,najume junction,bulabulin (ward: 01) - yobe
2653,yobe,nguru,bulabulin,35,13,01,005,35/13/01/005,goriba kofar b.b.k,bulabulin (ward: 01) - yobe
2654,yobe,nguru,bulabulin,35,13,01,019,35/13/01/019,kofar bukar mai alewa,bulabulin (ward: 01) - yobe
2655,yobe,nguru,bulabulin,35,13,01,018,35/13/01/018,college of education,bulabulin (ward: 01) - yobe
2656,yobe,nguru,bulabulin,35,13,01,017,35/13/01/017,asibitin mallam baba,bulabulin (ward: 01) - yobe
2657,yobe,nguru,bulabulin,35,13,01,021,35/13/01/021,babban kanti,bulabulin (ward: 01) - yobe
2658,yobe,nguru,bulabulin,35,13,01,027,35/13/01/027,tashan fulani,bulabulin (ward: 01) - yobe
2659,yobe,nguru,bulabulin,35,13,01,006,35/13/01/006,"kofar bukar makanike,  kofar bukar mai makanike",bulabulin (ward: 01) - yobe
2660,yobe,nguru,bulabulin,35,13,01,011,35/13/01/011,yanchiyawa open space,bulabulin (ward: 01) - yobe
2661,yobe,nguru,bulabulin,35,13,01,003,35/13/01/003,ali gaji mai photo open space,bulabulin (ward: 01) - yobe
2662,yobe,nguru,bulabulin,35,13,01,009,35/13/01/009,"kofar wagani, kofar wagani",bulabulin (ward: 01) - yobe
2663,yobe,nguru,bulabulin,35,13,01,007,35/13/01/007,"kofar lawan girgiri, kofar lawan girgiri",bulabulin (ward: 01) - yobe
2664,yobe,nguru,bulabulin,35,13,01,001,35/13/01/001,"alh domo, kofar domo",bulabulin (ward: 01) - yobe
2665,yobe,nguru,bulabulin,35,13,01,015,35/13/01/015,trasnformer kwanan dan iya,bulabulin (ward: 01) - yobe
2666,yobe,nguru,bulabulin,35,13,01,023,35/13/01/023,chedia open space,bulabulin (ward: 01) - yobe
2667,yobe,nguru,bulabulin,35,13,01,026,35/13/01/026,alhikimatu primary school,bulabulin (ward: 01) - yobe
2668,yobe,nguru,bulabulin,35,13,01,004,35/13/01/004,"gidan dawaki, viewing centre",bulabulin (ward: 01) - yobe
2669,yobe,nguru,bulabulin,35,13,01,002,35/13/01/002,ya'u mai atace open space,bulabulin (ward: 01) - yobe
2670,yobe,nguru,bulanguwa,35,13,02,011,35/13/02/011,maginna open space,bulanguwa (ward: 02) - yobe
2671,yobe,nguru,bulanguwa,35,13,02,010,35/13/02/010,gollike bulanguwa,bulanguwa (ward: 02) - yobe
2672,yobe,nguru,bulanguwa,35,13,02,009,35/13/02/009,dandalin lawan,bulanguwa (ward: 02) - yobe
2673,yobe,nguru,bulanguwa,35,13,02,008,35/13/02/008,wadai badema k. duguma,bulanguwa (ward: 02) - yobe
2674,yobe,nguru,bulanguwa,35,13,02,006,35/13/02/006,"mallam baba tola.k.,  mallam tata",bulanguwa (ward: 02) - yobe
2675,yobe,nguru,bulanguwa,35,13,02,005,35/13/02/005,gamu/golgole.k. bulama,bulanguwa (ward: 02) - yobe
2676,yobe,nguru,bulanguwa,35,13,02,004,35/13/02/004,bizizi/gollike.k.umaru,bulanguwa (ward: 02) - yobe
2677,yobe,nguru,bulanguwa,35,13,02,003,35/13/02/003,bilallam hausawa kofar akilu,bulanguwa (ward: 02) - yobe
2678,yobe,nguru,bulanguwa,35,13,02,002,35/13/02/002,"bulanguwa, dispensary",bulanguwa (ward: 02) - yobe
2679,yobe,nguru,bulanguwa,35,13,02,001,35/13/02/001,bulangawa pri school,bulanguwa (ward: 02) - yobe
2680,yobe,nguru,bulanguwa,35,13,02,007,35/13/02/007,"rigar lamido baidai.k. , mallam tata.",bulanguwa (ward: 02) - yobe
2681,yobe,nguru,dabule,35,13,03,003,35/13/03/003,malawari kofar bulama,dabule (ward: 03) - yobe
2682,yobe,nguru,dabule,35,13,03,001,35/13/03/001,"bagamari, kofar maigari",dabule (ward: 03) - yobe
2683,yobe,nguru,dabule,35,13,03,004,35/13/03/004,mojogolam lawanti kofar lawanti,dabule (ward: 03) - yobe
2684,yobe,nguru,dabule,35,13,03,005,35/13/03/005,"zaji ruwa, kofar maigari",dabule (ward: 03) - yobe
2685,yobe,nguru,dabule,35,13,03,006,35/13/03/006,layin mai gari dabule,dabule (ward: 03) - yobe
2686,yobe,nguru,dabule,35,13,03,002,35/13/03/002,"dabule, kofar habu",dabule (ward: 03) - yobe
2687,yobe,nguru,dumsai/dogon-kuka,35,13,04,006,35/13/04/006,"kuble kachallari, kofar kachalla",dumsai/dogon-kuka (ward: 04) - yobe
2688,yobe,nguru,dumsai/dogon-kuka,35,13,04,003,35/13/04/003,garin mallam dogon kuka,dumsai/dogon-kuka (ward: 04) - yobe
2689,yobe,nguru,dumsai/dogon-kuka,35,13,04,001,35/13/04/001,"dumsai,  pri. sch i",dumsai/dogon-kuka (ward: 04) - yobe
2690,yobe,nguru,dumsai/dogon-kuka,35,13,04,005,35/13/04/005,"yamdugu, yamdugo kofar bulama",dumsai/dogon-kuka (ward: 04) - yobe
2691,yobe,nguru,dumsai/dogon-kuka,35,13,04,002,35/13/04/002,dumsai primary school ii,dumsai/dogon-kuka (ward: 04) - yobe
2692,yobe,nguru,dumsai/dogon-kuka,35,13,04,004,35/13/04/004,kachallari/bisari,dumsai/dogon-kuka (ward: 04) - yobe
2693,yobe,nguru,garbi/bambori,35,13,05,001,35/13/05/001,"bombori,  pri. sch.",garbi/bambori (ward: 05) - yobe
2694,yobe,nguru,garbi/bambori,35,13,05,002,35/13/05/002,"bombori k. maji, kofar kachalla",garbi/bambori (ward: 05) - yobe
2695,yobe,nguru,garbi/bambori,35,13,05,003,35/13/05/003,"dabar alhaji giwa, kofar alhaji usman",garbi/bambori (ward: 05) - yobe
2696,yobe,nguru,garbi/bambori,35,13,05,004,35/13/05/004,"kuble kachallari, kofar kachalla",garbi/bambori (ward: 05) - yobe
2697,yobe,nguru,garbi/bambori,35,13,05,005,35/13/05/005,"ngarbi, viewing centre",garbi/bambori (ward: 05) - yobe
2698,yobe,nguru,garbi/bambori,35,13,05,006,35/13/05/006,"rail ways, rail way primary school",garbi/bambori (ward: 05) - yobe
2699,yobe,nguru,garbi/bambori,35,13,05,007,35/13/05/007,govt. unity college,garbi/bambori (ward: 05) - yobe
2700,yobe,nguru,garbi/bambori,35,13,05,008,35/13/05/008,anguwan nasarawa,garbi/bambori (ward: 05) - yobe
2701,yobe,nguru,garbi/bambori,35,13,05,009,35/13/05/009,behind power house,garbi/bambori (ward: 05) - yobe
2702,yobe,nguru,garbi/bambori,35,13,05,010,35/13/05/010,ngarbi main dispensary,garbi/bambori (ward: 05) - yobe
2703,yobe,nguru,garbi/bambori,35,13,05,011,35/13/05/011,anguwan maitama,garbi/bambori (ward: 05) - yobe
2704,yobe,nguru,garbi/bambori,35,13,05,012,35/13/05/012,low-cost borehole,garbi/bambori (ward: 05) - yobe
2705,yobe,nguru,garbi/bambori,35,13,05,013,35/13/05/013,yosama agric/railway junction,garbi/bambori (ward: 05) - yobe
2706,yobe,nguru,hausari,35,13,06,004,35/13/06/004,ali kemi open space,hausari (ward: 06) - yobe
2707,yobe,nguru,hausari,35,13,06,009,35/13/06/009,"kofar dan sokoto,kofar dan sokoto",hausari (ward: 06) - yobe
2708,yobe,nguru,hausari,35,13,06,011,35/13/06/011,"mai unguwa mainta, kofar mai anuguwa",hausari (ward: 06) - yobe
2709,yobe,nguru,hausari,35,13,06,019,35/13/06/019,layin mai anguwa hassan,hausari (ward: 06) - yobe
2710,yobe,nguru,hausari,35,13,06,012,35/13/06/012,"sarkin pawa bako, kofar sarkin pawa bako",hausari (ward: 06) - yobe
2711,yobe,nguru,hausari,35,13,06,033,35/13/06/033,tuka  tukan yar gashua,hausari (ward: 06) - yobe
2712,yobe,nguru,hausari,35,13,06,002,35/13/06/002,abba astin - kofar abba astin ii,hausari (ward: 06) - yobe
2713,yobe,nguru,hausari,35,13,06,030,35/13/06/030,layin mala makeri,hausari (ward: 06) - yobe
2714,yobe,nguru,hausari,35,13,06,018,35/13/06/018,layin mallam nafiu,hausari (ward: 06) - yobe
2715,yobe,nguru,hausari,35,13,06,006,35/13/06/006,galadima cinema - galadima cinema ii,hausari (ward: 06) - yobe
2716,yobe,nguru,hausari,35,13,06,003,35/13/06/003,abba astin \ii\" kofar gani warai",hausari (ward: 06) - yobe
2717,yobe,nguru,hausari,35,13,06,016,35/13/06/016,laying mai kaulasan,hausari (ward: 06) - yobe
2718,yobe,nguru,hausari,35,13,06,017,35/13/06/017,layin mai dodo,hausari (ward: 06) - yobe
2719,yobe,nguru,hausari,35,13,06,036,35/13/06/036,nurul huda pri. sch,hausari (ward: 06) - yobe
2720,yobe,nguru,hausari,35,13,06,031,35/13/06/031,shuwari junction,hausari (ward: 06) - yobe
2721,yobe,nguru,hausari,35,13,06,001,35/13/06/001,"abba astin, kofar abba astin i",hausari (ward: 06) - yobe
2722,yobe,nguru,hausari,35,13,06,035,35/13/06/035,forestry,hausari (ward: 06) - yobe
2723,yobe,nguru,hausari,35,13,06,034,35/13/06/034,trasnformer buraji,hausari (ward: 06) - yobe
2724,yobe,nguru,hausari,35,13,06,010,35/13/06/010,"kofar lawan dogo, kofar lawan dogo",hausari (ward: 06) - yobe
2725,yobe,nguru,hausari,35,13,06,015,35/13/06/015,abubakar gumi pri. sch,hausari (ward: 06) - yobe
2726,yobe,nguru,hausari,35,13,06,020,35/13/06/020,post office gashua road,hausari (ward: 06) - yobe
2727,yobe,nguru,hausari,35,13,06,032,35/13/06/032,mai unguwa auwalu open space,hausari (ward: 06) - yobe
2728,yobe,nguru,hausari,35,13,06,021,35/13/06/021,layin alh. ajani,hausari (ward: 06) - yobe
2729,yobe,nguru,hausari,35,13,06,023,35/13/06/023,kasugula pri. school,hausari (ward: 06) - yobe
2730,yobe,nguru,hausari,35,13,06,025,35/13/06/025,yan hota open space,hausari (ward: 06) - yobe
2731,yobe,nguru,hausari,35,13,06,029,35/13/06/029,layin nuru-aulad pri. sch,hausari (ward: 06) - yobe
2732,yobe,nguru,hausari,35,13,06,008,35/13/06/008,"hausari, pri sch. ii",hausari (ward: 06) - yobe
2733,yobe,nguru,hausari,35,13,06,022,35/13/06/022,alasawa open space,hausari (ward: 06) - yobe
2734,yobe,nguru,hausari,35,13,06,026,35/13/06/026,garajin layin gidan wanka,hausari (ward: 06) - yobe
2735,yobe,nguru,hausari,35,13,06,005,35/13/06/005,dogon bene open space,hausari (ward: 06) - yobe
2736,yobe,nguru,hausari,35,13,06,027,35/13/06/027,zangon kanwa borehole,hausari (ward: 06) - yobe
2737,yobe,nguru,hausari,35,13,06,028,35/13/06/028,maina hudu borehole,hausari (ward: 06) - yobe
2738,yobe,nguru,hausari,35,13,06,014,35/13/06/014,"shiwari, pri. sch.",hausari (ward: 06) - yobe
2739,yobe,nguru,hausari,35,13,06,024,35/13/06/024,primary health care hausari,hausari (ward: 06) - yobe
2740,yobe,nguru,hausari,35,13,06,013,35/13/06/013,"sarkin yara bawa, kofar s. yara bawa",hausari (ward: 06) - yobe
2741,yobe,nguru,hausari,35,13,06,007,35/13/06/007,"hausari,  pri sch. i",hausari (ward: 06) - yobe
2742,yobe,nguru,kanuri,35,13,07,002,35/13/07/002,central primary school,kanuri (ward: 07) - yobe
2743,yobe,nguru,kanuri,35,13,07,001,35/13/07/001,bagena jajuwa open space,kanuri (ward: 07) - yobe
2744,yobe,nguru,kanuri,35,13,07,015,35/13/07/015,tubori juction hand pump,kanuri (ward: 07) - yobe
2745,yobe,nguru,kanuri,35,13,07,011,35/13/07/011,layin mai musa,kanuri (ward: 07) - yobe
2746,yobe,nguru,kanuri,35,13,07,014,35/13/07/014,lea open space,kanuri (ward: 07) - yobe
2747,yobe,nguru,kanuri,35,13,07,016,35/13/07/016,borehole kantudu,kanuri (ward: 07) - yobe
2748,yobe,nguru,kanuri,35,13,07,012,35/13/07/012,hand pump layin baganga,kanuri (ward: 07) - yobe
2749,yobe,nguru,kanuri,35,13,07,019,35/13/07/019,n.p.i open space,kanuri (ward: 07) - yobe
2750,yobe,nguru,kanuri,35,13,07,007,35/13/07/007,"kofar mai umar, kofar mai umar",kanuri (ward: 07) - yobe
2751,yobe,nguru,kanuri,35,13,07,017,35/13/07/017,layin yan zana open space,kanuri (ward: 07) - yobe
2752,yobe,nguru,kanuri,35,13,07,021,35/13/07/021,kadawa transformer meter,kanuri (ward: 07) - yobe
2753,yobe,nguru,kanuri,35,13,07,013,35/13/07/013,kabala open space,kanuri (ward: 07) - yobe
2754,yobe,nguru,kanuri,35,13,07,020,35/13/07/020,rijiyan zangon alhazai,kanuri (ward: 07) - yobe
2755,yobe,nguru,kanuri,35,13,07,009,35/13/07/009,hand pumb layin gara,kanuri (ward: 07) - yobe
2756,yobe,nguru,kanuri,35,13,07,022,35/13/07/022,layin mai aji hand pump,kanuri (ward: 07) - yobe
2757,yobe,nguru,kanuri,35,13,07,008,35/13/07/008,kuka da tsamiya,kanuri (ward: 07) - yobe
2758,yobe,nguru,kanuri,35,13,07,003,35/13/07/003,"central, primary school",kanuri (ward: 07) - yobe
2759,yobe,nguru,kanuri,35,13,07,004,35/13/07/004,goni yusuf kofar goni,kanuri (ward: 07) - yobe
2760,yobe,nguru,kanuri,35,13,07,005,35/13/07/005,"kadawa,  pri. sch.",kanuri (ward: 07) - yobe
2761,yobe,nguru,kanuri,35,13,07,018,35/13/07/018,borehole makabarta,kanuri (ward: 07) - yobe
2762,yobe,nguru,kanuri,35,13,07,006,35/13/07/006,"kofar hajja hadiza, kofar hajja hadiza kuji",kanuri (ward: 07) - yobe
2763,yobe,nguru,kanuri,35,13,07,010,35/13/07/010,hand pump layin alhaji mai nama,kanuri (ward: 07) - yobe
2764,yobe,nguru,maja-kura,35,13,08,008,35/13/08/008,maja kura pri school,maja-kura (ward: 08) - yobe
2765,yobe,nguru,maja-kura,35,13,08,006,35/13/08/006,"hadari,  pri. sch.",maja-kura (ward: 08) - yobe
2766,yobe,nguru,maja-kura,35,13,08,004,35/13/08/004,"garene, kofar m.gaji",maja-kura (ward: 08) - yobe
2767,yobe,nguru,maja-kura,35,13,08,009,35/13/08/009,tuka-tukan mele,maja-kura (ward: 08) - yobe
2768,yobe,nguru,maja-kura,35,13,08,007,35/13/08/007,kakori kofar malam kalle,maja-kura (ward: 08) - yobe
2769,yobe,nguru,maja-kura,35,13,08,003,35/13/08/003,"bosso,  pri. sch.",maja-kura (ward: 08) - yobe
2770,yobe,nguru,maja-kura,35,13,08,001,35/13/08/001,birnin guru open space,maja-kura (ward: 08) - yobe
2771,yobe,nguru,maja-kura,35,13,08,010,35/13/08/010,layin mai garin boso,maja-kura (ward: 08) - yobe
2772,yobe,nguru,maja-kura,35,13,08,002,35/13/08/002,"bosso, kofar m. mohammed",maja-kura (ward: 08) - yobe
2773,yobe,nguru,maja-kura,35,13,08,005,35/13/08/005,"garin m. ibrahim, kofar m. ibrahim",maja-kura (ward: 08) - yobe
2774,yobe,nguru,maja-kura,35,13,08,011,35/13/08/011,sabon layin kangale faya,maja-kura (ward: 08) - yobe
2775,yobe,nguru,maja-kura,35,13,08,012,35/13/08/012,maja-kura primary school,maja-kura (ward: 08) - yobe
2776,yobe,nguru,mirba-kabir/mirba sagir,35,13,09,007,35/13/09/007,zomana kofar mai gari,mirba-kabir/mirba sagir (ward: 09) - yobe
2777,yobe,nguru,mirba-kabir/mirba sagir,35,13,09,013,35/13/09/013,dagirari dispensary,mirba-kabir/mirba sagir (ward: 09) - yobe
2778,yobe,nguru,mirba-kabir/mirba sagir,35,13,09,010,35/13/09/010,"mai dashi k. barde, kofar barde",mirba-kabir/mirba sagir (ward: 09) - yobe
2779,yobe,nguru,mirba-kabir/mirba sagir,35,13,09,016,35/13/09/016,borehole na bakin kasuwa,mirba-kabir/mirba sagir (ward: 09) - yobe
2780,yobe,nguru,mirba-kabir/mirba sagir,35,13,09,001,35/13/09/001,"afunori,  pri. sch.",mirba-kabir/mirba sagir (ward: 09) - yobe
2781,yobe,nguru,mirba-kabir/mirba sagir,35,13,09,012,35/13/09/012,afunori primary school,mirba-kabir/mirba sagir (ward: 09) - yobe
2782,yobe,nguru,mirba-kabir/mirba sagir,35,13,09,014,35/13/09/014,dumar manga primary sch. ii,mirba-kabir/mirba sagir (ward: 09) - yobe
2783,yobe,nguru,mirba-kabir/mirba sagir,35,13,09,011,35/13/09/011,"mirba kabir,  kofar wakil",mirba-kabir/mirba sagir (ward: 09) - yobe
2784,yobe,nguru,mirba-kabir/mirba sagir,35,13,09,006,35/13/09/006,"karambare, kofar babukar",mirba-kabir/mirba sagir (ward: 09) - yobe
2785,yobe,nguru,mirba-kabir/mirba sagir,35,13,09,008,35/13/09/008,malam baba kofar malam baba,mirba-kabir/mirba sagir (ward: 09) - yobe
2786,yobe,nguru,mirba-kabir/mirba sagir,35,13,09,005,35/13/09/005,"kurnawa barde, kofar barde",mirba-kabir/mirba sagir (ward: 09) - yobe
2787,yobe,nguru,mirba-kabir/mirba sagir,35,13,09,017,35/13/09/017,mirba primary school,mirba-kabir/mirba sagir (ward: 09) - yobe
2788,yobe,nguru,mirba-kabir/mirba sagir,35,13,09,009,35/13/09/009,malam babu kofar magaji,mirba-kabir/mirba sagir (ward: 09) - yobe
2789,yobe,nguru,mirba-kabir/mirba sagir,35,13,09,004,35/13/09/004,"dumar manga,  pri. sch.",mirba-kabir/mirba sagir (ward: 09) - yobe
2790,yobe,nguru,mirba-kabir/mirba sagir,35,13,09,002,35/13/09/002,dagarari kofar hassan mahauci,mirba-kabir/mirba sagir (ward: 09) - yobe
2791,yobe,nguru,mirba-kabir/mirba sagir,35,13,09,015,35/13/09/015,kofan magaji hand pump,mirba-kabir/mirba sagir (ward: 09) - yobe
2792,yobe,nguru,mirba-kabir/mirba sagir,35,13,09,003,35/13/09/003,"dagarari, kofar hassan amauchi",mirba-kabir/mirba sagir (ward: 09) - yobe
2793,yobe,nguru,nglaiwa,35,13,10,031,35/13/10/031,tukuban na' aura,nglaiwa (ward: 10) - yobe
2794,yobe,nguru,nglaiwa,35,13,10,030,35/13/10/030,sabon garin kanuri primary school ii,nglaiwa (ward: 10) - yobe
2795,yobe,nguru,nglaiwa,35,13,10,029,35/13/10/029,layin filin idi borehole,nglaiwa (ward: 10) - yobe
2796,yobe,nguru,nglaiwa,35,13,10,027,35/13/10/027,layin sale maiyara juction,nglaiwa (ward: 10) - yobe
2797,yobe,nguru,nglaiwa,35,13,10,026,35/13/10/026,layin kyauta kafinta open space,nglaiwa (ward: 10) - yobe
2798,yobe,nguru,nglaiwa,35,13,10,025,35/13/10/025,u.b.e primary school,nglaiwa (ward: 10) - yobe
2799,yobe,nguru,nglaiwa,35,13,10,024,35/13/10/024,"magistrate court, tashar ayuba",nglaiwa (ward: 10) - yobe
2800,yobe,nguru,nglaiwa,35,13,10,023,35/13/10/023,layin ballama open space,nglaiwa (ward: 10) - yobe
2801,yobe,nguru,nglaiwa,35,13,10,022,35/13/10/022,layin babu kokonto f.m.c,nglaiwa (ward: 10) - yobe
2802,yobe,nguru,nglaiwa,35,13,10,021,35/13/10/021,federal medical centre gate,nglaiwa (ward: 10) - yobe
2803,yobe,nguru,nglaiwa,35,13,10,020,35/13/10/020,borehole na alhaji garka,nglaiwa (ward: 10) - yobe
2804,yobe,nguru,nglaiwa,35,13,10,018,35/13/10/018,ngilewa primary school ii,nglaiwa (ward: 10) - yobe
2805,yobe,nguru,nglaiwa,35,13,10,017,35/13/10/017,ngilewa primary school i,nglaiwa (ward: 10) - yobe
2806,yobe,nguru,nglaiwa,35,13,10,016,35/13/10/016,lawan ngoma junction,nglaiwa (ward: 10) - yobe
2807,yobe,nguru,nglaiwa,35,13,10,015,35/13/10/015,layin zanna mai dala,nglaiwa (ward: 10) - yobe
2808,yobe,nguru,nglaiwa,35,13,10,014,35/13/10/014,layin goni kime junction,nglaiwa (ward: 10) - yobe
2809,yobe,nguru,nglaiwa,35,13,10,013,35/13/10/013,layin musa doki,nglaiwa (ward: 10) - yobe
2810,yobe,nguru,nglaiwa,35,13,10,012,35/13/10/012,"sani borno, kofar sani borno",nglaiwa (ward: 10) - yobe
2811,yobe,nguru,nglaiwa,35,13,10,011,35/13/10/011,"sabon garin kanuri, sabon garin kanuri primary school",nglaiwa (ward: 10) - yobe
2812,yobe,nguru,nglaiwa,35,13,10,010,35/13/10/010,"mai ung. karam, kofar mai ung. karam",nglaiwa (ward: 10) - yobe
2813,yobe,nguru,nglaiwa,35,13,10,007,35/13/10/007,anguwa buda kofar mai anguwa badu,nglaiwa (ward: 10) - yobe
2814,yobe,nguru,nglaiwa,35,13,10,005,35/13/10/005,"kofar khalifa, kofar khalifa",nglaiwa (ward: 10) - yobe
2815,yobe,nguru,nglaiwa,35,13,10,004,35/13/10/004,"kofar liman juma'a, kofar liman juma'a",nglaiwa (ward: 10) - yobe
2816,yobe,nguru,nglaiwa,35,13,10,003,35/13/10/003,"kofar lawan ngoma, nglaiwa pri. sch.",nglaiwa (ward: 10) - yobe
2817,yobe,nguru,nglaiwa,35,13,10,028,35/13/10/028,layin m. yusuf karam open space,nglaiwa (ward: 10) - yobe
2818,yobe,nguru,nglaiwa,35,13,10,001,35/13/10/001,"algazaru, kofar al-gazaru",nglaiwa (ward: 10) - yobe
2819,yobe,nguru,nglaiwa,35,13,10,009,35/13/10/009,modo mai gini kofar modo mai gini,nglaiwa (ward: 10) - yobe
2820,yobe,nguru,nglaiwa,35,13,10,002,35/13/10/002,duriyar kuka open space,nglaiwa (ward: 10) - yobe
2821,yobe,nguru,nglaiwa,35,13,10,008,35/13/10/008,"mai ung. budu , kofar mai ung. buda",nglaiwa (ward: 10) - yobe
2822,yobe,nguru,nglaiwa,35,13,10,006,35/13/10/006,ahmadu kofar mai unguwa ahmadu,nglaiwa (ward: 10) - yobe
2823,yobe,nguru,nglaiwa,35,13,10,019,35/13/10/019,majeman yamma open space,nglaiwa (ward: 10) - yobe
